[0.000000] (-) TimerEvent: {}
[0.002391] (barcode_node) JobQueued: {'identifier': 'barcode_node', 'dependencies': OrderedDict()}
[0.004547] (cell_controller) JobQueued: {'identifier': 'cell_controller', 'dependencies': OrderedDict()}
[0.004808] (door_node) JobQueued: {'identifier': 'door_node', 'dependencies': OrderedDict()}
[0.004937] (emergency_node) JobQueued: {'identifier': 'emergency_node', 'dependencies': OrderedDict()}
[0.005109] (stacklight_node) JobQueued: {'identifier': 'stacklight_node', 'dependencies': OrderedDict()}
[0.005168] (barcode_node) JobStarted: {'identifier': 'barcode_node'}
[0.040715] (cell_controller) JobStarted: {'identifier': 'cell_controller'}
[0.054657] (door_node) JobStarted: {'identifier': 'door_node'}
[0.067734] (emergency_node) JobStarted: {'identifier': 'emergency_node'}
[0.082257] (stacklight_node) JobStarted: {'identifier': 'stacklight_node'}
[0.098109] (-) TimerEvent: {}
[0.112955] (barcode_node) JobProgress: {'identifier': 'barcode_node', 'progress': 'cmake'}
[0.124339] (barcode_node) Command: {'cmd': ['/usr/bin/cmake', '/home/vigma/ros2_ws/src/barcode_node', '-DCMAKE_INSTALL_PREFIX=/home/vigma/ros2_ws/install/barcode_node'], 'cwd': '/home/vigma/ros2_ws/build/barcode_node', 'env': OrderedDict([('LESSOPEN', '| /usr/bin/lesspipe %s'), ('USER', 'vigma'), ('GIT_ASKPASS', '/home/vigma/.vscode-server/bin/8b640eef5a6c6089c029249d48efa5c99adf7d51/extensions/git/dist/askpass.sh'), ('SHLVL', '1'), ('LD_LIBRARY_PATH', '/opt/ros/humble/opt/rviz_ogre_vendor/lib:/opt/ros/humble/lib/x86_64-linux-gnu:/opt/ros/humble/lib'), ('HOME', '/home/vigma'), ('TERM_PROGRAM_VERSION', '1.119.0'), ('VSCODE_IPC_HOOK_CLI', '/run/user/1000/vscode-ipc-a5912d3e-cb78-4d8d-a9db-ac14556ff1d0.sock'), ('ROS_PYTHON_VERSION', '3'), ('VSCODE_GIT_ASKPASS_MAIN', '/home/vigma/.vscode-server/bin/8b640eef5a6c6089c029249d48efa5c99adf7d51/extensions/git/dist/askpass-main.js'), ('VSCODE_GIT_ASKPASS_NODE', '/home/vigma/.vscode-server/bin/8b640eef5a6c6089c029249d48efa5c99adf7d51/node'), ('VSCODE_PYTHON_AUTOACTIVATE_GUARD', '1'), ('DBUS_SESSION_BUS_ADDRESS', 'unix:path=/run/user/1000/bus'), ('COLORTERM', 'truecolor'), ('WSL_DISTRO_NAME', 'Ubuntu-22.04'), ('WAYLAND_DISPLAY', 'wayland-0'), ('ROS_DISTRO', 'humble'), ('LOGNAME', 'vigma'), ('NAME', 'Vigneshu'), ('WSL_INTEROP', '/run/WSL/22046_interop'), ('PULSE_SERVER', 'unix:/mnt/wslg/PulseServer'), ('_', '/usr/bin/colcon'), ('ROS_VERSION', '2'), ('TERM', 'xterm-256color'), ('ROS_LOCALHOST_ONLY', '0'), ('PATH', '/home/vigma/.vscode-server/data/User/globalStorage/github.copilot-chat/debugCommand:/home/vigma/.vscode-server/data/User/globalStorage/github.copilot-chat/copilotCli:/home/vigma/.vscode-server/bin/8b640eef5a6c6089c029249d48efa5c99adf7d51/bin/remote-cli:/opt/ros/humble/bin:/usr/local/sbin:/usr/local/bin:/usr/sbin:/usr/bin:/sbin:/bin:/usr/games:/usr/local/games:/usr/lib/wsl/lib:/mnt/c/Users/vigma/AppData/Local/Programs/Microsoft VS Code:/mnt/c/Python314/Scripts/:/mnt/c/Python314/:/mnt/c/WINDOWS/system32:/mnt/c/WINDOWS:/mnt/c/WINDOWS/System32/Wbem:/mnt/c/WINDOWS/System32/WindowsPowerShell/v1.0/:/mnt/c/WINDOWS/System32/OpenSSH/:/mnt/c/Program Files/PuTTY/:/mnt/c/Program Files (x86)/IncrediBuild:/mnt/c/Program Files (x86)/Windows Kits/10/Windows Performance Toolkit/:/mnt/c/ProgramData/chocolatey/bin:/mnt/c/Program Files/CMake/bin:/mnt/c/Users/vigma/.local/bin:/mnt/c/Users/vigma/AppData/Local/Microsoft/WindowsApps:/mnt/c/cygwin64/bin:/mnt/c/Users/vigma/AppData/Local/Programs/Microsoft VS Code/bin:/mnt/c/Program Files/SmartGit/git/bin:/mnt/c/Program Files/OpenSSL-Win64/bin:/snap/bin'), ('XDG_RUNTIME_DIR', '/run/user/1000/'), ('DISPLAY', ':0'), ('LANG', 'en_US.UTF-8'), ('LS_COLORS', 'rs=0:di=01;34:ln=01;36:mh=00:pi=40;33:so=01;35:do=01;35:bd=40;33;01:cd=40;33;01:or=40;31;01:mi=00:su=37;41:sg=30;43:ca=30;41:tw=30;42:ow=34;42:st=37;44:ex=01;32:*.tar=01;31:*.tgz=01;31:*.arc=01;31:*.arj=01;31:*.taz=01;31:*.lha=01;31:*.lz4=01;31:*.lzh=01;31:*.lzma=01;31:*.tlz=01;31:*.txz=01;31:*.tzo=01;31:*.t7z=01;31:*.zip=01;31:*.z=01;31:*.dz=01;31:*.gz=01;31:*.lrz=01;31:*.lz=01;31:*.lzo=01;31:*.xz=01;31:*.zst=01;31:*.tzst=01;31:*.bz2=01;31:*.bz=01;31:*.tbz=01;31:*.tbz2=01;31:*.tz=01;31:*.deb=01;31:*.rpm=01;31:*.jar=01;31:*.war=01;31:*.ear=01;31:*.sar=01;31:*.rar=01;31:*.alz=01;31:*.ace=01;31:*.zoo=01;31:*.cpio=01;31:*.7z=01;31:*.rz=01;31:*.cab=01;31:*.wim=01;31:*.swm=01;31:*.dwm=01;31:*.esd=01;31:*.jpg=01;35:*.jpeg=01;35:*.mjpg=01;35:*.mjpeg=01;35:*.gif=01;35:*.bmp=01;35:*.pbm=01;35:*.pgm=01;35:*.ppm=01;35:*.tga=01;35:*.xbm=01;35:*.xpm=01;35:*.tif=01;35:*.tiff=01;35:*.png=01;35:*.svg=01;35:*.svgz=01;35:*.mng=01;35:*.pcx=01;35:*.mov=01;35:*.mpg=01;35:*.mpeg=01;35:*.m2v=01;35:*.mkv=01;35:*.webm=01;35:*.webp=01;35:*.ogm=01;35:*.mp4=01;35:*.m4v=01;35:*.mp4v=01;35:*.vob=01;35:*.qt=01;35:*.nuv=01;35:*.wmv=01;35:*.asf=01;35:*.rm=01;35:*.rmvb=01;35:*.flc=01;35:*.avi=01;35:*.fli=01;35:*.flv=01;35:*.gl=01;35:*.dl=01;35:*.xcf=01;35:*.xwd=01;35:*.yuv=01;35:*.cgm=01;35:*.emf=01;35:*.ogv=01;35:*.ogx=01;35:*.aac=00;36:*.au=00;36:*.flac=00;36:*.m4a=00;36:*.mid=00;36:*.midi=00;36:*.mka=00;36:*.mp3=00;36:*.mpc=00;36:*.ogg=00;36:*.ra=00;36:*.wav=00;36:*.oga=00;36:*.opus=00;36:*.spx=00;36:*.xspf=00;36:'), ('VSCODE_GIT_IPC_HANDLE', '/run/user/1000/vscode-git-ebf8d60c65.sock'), ('TERM_PROGRAM', 'vscode'), ('AMENT_PREFIX_PATH', '/opt/ros/humble'), ('SHELL', '/bin/bash'), ('LESSCLOSE', '/usr/bin/lesspipe %s %s'), ('VSCODE_GIT_ASKPASS_EXTRA_ARGS', ''), ('PWD', '/home/vigma/ros2_ws/build/barcode_node'), ('XDG_DATA_DIRS', '/usr/local/share:/usr/share:/var/lib/snapd/desktop'), ('PYTHONPATH', '/opt/ros/humble/lib/python3.10/site-packages:/opt/ros/humble/local/lib/python3.10/dist-packages'), ('COLCON', '1'), ('WSL2_GUI_APPS_ENABLED', '1'), ('HOSTTYPE', 'x86_64'), ('WSLENV', 'VSCODE_WSL_EXT_LOCATION/up'), ('CMAKE_PREFIX_PATH', '/opt/ros/humble')]), 'shell': False}
[0.141352] (cell_controller) JobProgress: {'identifier': 'cell_controller', 'progress': 'cmake'}
[0.152520] (cell_controller) Command: {'cmd': ['/usr/bin/cmake', '/home/vigma/ros2_ws/src/cell_controller', '-DCMAKE_INSTALL_PREFIX=/home/vigma/ros2_ws/install/cell_controller'], 'cwd': '/home/vigma/ros2_ws/build/cell_controller', 'env': OrderedDict([('LESSOPEN', '| /usr/bin/lesspipe %s'), ('USER', 'vigma'), ('GIT_ASKPASS', '/home/vigma/.vscode-server/bin/8b640eef5a6c6089c029249d48efa5c99adf7d51/extensions/git/dist/askpass.sh'), ('SHLVL', '1'), ('LD_LIBRARY_PATH', '/opt/ros/humble/opt/rviz_ogre_vendor/lib:/opt/ros/humble/lib/x86_64-linux-gnu:/opt/ros/humble/lib'), ('HOME', '/home/vigma'), ('TERM_PROGRAM_VERSION', '1.119.0'), ('VSCODE_IPC_HOOK_CLI', '/run/user/1000/vscode-ipc-a5912d3e-cb78-4d8d-a9db-ac14556ff1d0.sock'), ('ROS_PYTHON_VERSION', '3'), ('VSCODE_GIT_ASKPASS_MAIN', '/home/vigma/.vscode-server/bin/8b640eef5a6c6089c029249d48efa5c99adf7d51/extensions/git/dist/askpass-main.js'), ('VSCODE_GIT_ASKPASS_NODE', '/home/vigma/.vscode-server/bin/8b640eef5a6c6089c029249d48efa5c99adf7d51/node'), ('VSCODE_PYTHON_AUTOACTIVATE_GUARD', '1'), ('DBUS_SESSION_BUS_ADDRESS', 'unix:path=/run/user/1000/bus'), ('COLORTERM', 'truecolor'), ('WSL_DISTRO_NAME', 'Ubuntu-22.04'), ('WAYLAND_DISPLAY', 'wayland-0'), ('ROS_DISTRO', 'humble'), ('LOGNAME', 'vigma'), ('NAME', 'Vigneshu'), ('WSL_INTEROP', '/run/WSL/22046_interop'), ('PULSE_SERVER', 'unix:/mnt/wslg/PulseServer'), ('_', '/usr/bin/colcon'), ('ROS_VERSION', '2'), ('TERM', 'xterm-256color'), ('ROS_LOCALHOST_ONLY', '0'), ('PATH', '/home/vigma/.vscode-server/data/User/globalStorage/github.copilot-chat/debugCommand:/home/vigma/.vscode-server/data/User/globalStorage/github.copilot-chat/copilotCli:/home/vigma/.vscode-server/bin/8b640eef5a6c6089c029249d48efa5c99adf7d51/bin/remote-cli:/opt/ros/humble/bin:/usr/local/sbin:/usr/local/bin:/usr/sbin:/usr/bin:/sbin:/bin:/usr/games:/usr/local/games:/usr/lib/wsl/lib:/mnt/c/Users/vigma/AppData/Local/Programs/Microsoft VS Code:/mnt/c/Python314/Scripts/:/mnt/c/Python314/:/mnt/c/WINDOWS/system32:/mnt/c/WINDOWS:/mnt/c/WINDOWS/System32/Wbem:/mnt/c/WINDOWS/System32/WindowsPowerShell/v1.0/:/mnt/c/WINDOWS/System32/OpenSSH/:/mnt/c/Program Files/PuTTY/:/mnt/c/Program Files (x86)/IncrediBuild:/mnt/c/Program Files (x86)/Windows Kits/10/Windows Performance Toolkit/:/mnt/c/ProgramData/chocolatey/bin:/mnt/c/Program Files/CMake/bin:/mnt/c/Users/vigma/.local/bin:/mnt/c/Users/vigma/AppData/Local/Microsoft/WindowsApps:/mnt/c/cygwin64/bin:/mnt/c/Users/vigma/AppData/Local/Programs/Microsoft VS Code/bin:/mnt/c/Program Files/SmartGit/git/bin:/mnt/c/Program Files/OpenSSL-Win64/bin:/snap/bin'), ('XDG_RUNTIME_DIR', '/run/user/1000/'), ('DISPLAY', ':0'), ('LANG', 'en_US.UTF-8'), ('LS_COLORS', 'rs=0:di=01;34:ln=01;36:mh=00:pi=40;33:so=01;35:do=01;35:bd=40;33;01:cd=40;33;01:or=40;31;01:mi=00:su=37;41:sg=30;43:ca=30;41:tw=30;42:ow=34;42:st=37;44:ex=01;32:*.tar=01;31:*.tgz=01;31:*.arc=01;31:*.arj=01;31:*.taz=01;31:*.lha=01;31:*.lz4=01;31:*.lzh=01;31:*.lzma=01;31:*.tlz=01;31:*.txz=01;31:*.tzo=01;31:*.t7z=01;31:*.zip=01;31:*.z=01;31:*.dz=01;31:*.gz=01;31:*.lrz=01;31:*.lz=01;31:*.lzo=01;31:*.xz=01;31:*.zst=01;31:*.tzst=01;31:*.bz2=01;31:*.bz=01;31:*.tbz=01;31:*.tbz2=01;31:*.tz=01;31:*.deb=01;31:*.rpm=01;31:*.jar=01;31:*.war=01;31:*.ear=01;31:*.sar=01;31:*.rar=01;31:*.alz=01;31:*.ace=01;31:*.zoo=01;31:*.cpio=01;31:*.7z=01;31:*.rz=01;31:*.cab=01;31:*.wim=01;31:*.swm=01;31:*.dwm=01;31:*.esd=01;31:*.jpg=01;35:*.jpeg=01;35:*.mjpg=01;35:*.mjpeg=01;35:*.gif=01;35:*.bmp=01;35:*.pbm=01;35:*.pgm=01;35:*.ppm=01;35:*.tga=01;35:*.xbm=01;35:*.xpm=01;35:*.tif=01;35:*.tiff=01;35:*.png=01;35:*.svg=01;35:*.svgz=01;35:*.mng=01;35:*.pcx=01;35:*.mov=01;35:*.mpg=01;35:*.mpeg=01;35:*.m2v=01;35:*.mkv=01;35:*.webm=01;35:*.webp=01;35:*.ogm=01;35:*.mp4=01;35:*.m4v=01;35:*.mp4v=01;35:*.vob=01;35:*.qt=01;35:*.nuv=01;35:*.wmv=01;35:*.asf=01;35:*.rm=01;35:*.rmvb=01;35:*.flc=01;35:*.avi=01;35:*.fli=01;35:*.flv=01;35:*.gl=01;35:*.dl=01;35:*.xcf=01;35:*.xwd=01;35:*.yuv=01;35:*.cgm=01;35:*.emf=01;35:*.ogv=01;35:*.ogx=01;35:*.aac=00;36:*.au=00;36:*.flac=00;36:*.m4a=00;36:*.mid=00;36:*.midi=00;36:*.mka=00;36:*.mp3=00;36:*.mpc=00;36:*.ogg=00;36:*.ra=00;36:*.wav=00;36:*.oga=00;36:*.opus=00;36:*.spx=00;36:*.xspf=00;36:'), ('VSCODE_GIT_IPC_HANDLE', '/run/user/1000/vscode-git-ebf8d60c65.sock'), ('TERM_PROGRAM', 'vscode'), ('AMENT_PREFIX_PATH', '/opt/ros/humble'), ('SHELL', '/bin/bash'), ('LESSCLOSE', '/usr/bin/lesspipe %s %s'), ('VSCODE_GIT_ASKPASS_EXTRA_ARGS', ''), ('PWD', '/home/vigma/ros2_ws/build/cell_controller'), ('XDG_DATA_DIRS', '/usr/local/share:/usr/share:/var/lib/snapd/desktop'), ('PYTHONPATH', '/opt/ros/humble/lib/python3.10/site-packages:/opt/ros/humble/local/lib/python3.10/dist-packages'), ('COLCON', '1'), ('WSL2_GUI_APPS_ENABLED', '1'), ('HOSTTYPE', 'x86_64'), ('WSLENV', 'VSCODE_WSL_EXT_LOCATION/up'), ('CMAKE_PREFIX_PATH', '/opt/ros/humble')]), 'shell': False}
[0.160113] (door_node) JobProgress: {'identifier': 'door_node', 'progress': 'cmake'}
[0.170123] (door_node) Command: {'cmd': ['/usr/bin/cmake', '/home/vigma/ros2_ws/src/door_node', '-DCMAKE_INSTALL_PREFIX=/home/vigma/ros2_ws/install/door_node'], 'cwd': '/home/vigma/ros2_ws/build/door_node', 'env': OrderedDict([('LESSOPEN', '| /usr/bin/lesspipe %s'), ('USER', 'vigma'), ('GIT_ASKPASS', '/home/vigma/.vscode-server/bin/8b640eef5a6c6089c029249d48efa5c99adf7d51/extensions/git/dist/askpass.sh'), ('SHLVL', '1'), ('LD_LIBRARY_PATH', '/opt/ros/humble/opt/rviz_ogre_vendor/lib:/opt/ros/humble/lib/x86_64-linux-gnu:/opt/ros/humble/lib'), ('HOME', '/home/vigma'), ('TERM_PROGRAM_VERSION', '1.119.0'), ('VSCODE_IPC_HOOK_CLI', '/run/user/1000/vscode-ipc-a5912d3e-cb78-4d8d-a9db-ac14556ff1d0.sock'), ('ROS_PYTHON_VERSION', '3'), ('VSCODE_GIT_ASKPASS_MAIN', '/home/vigma/.vscode-server/bin/8b640eef5a6c6089c029249d48efa5c99adf7d51/extensions/git/dist/askpass-main.js'), ('VSCODE_GIT_ASKPASS_NODE', '/home/vigma/.vscode-server/bin/8b640eef5a6c6089c029249d48efa5c99adf7d51/node'), ('VSCODE_PYTHON_AUTOACTIVATE_GUARD', '1'), ('DBUS_SESSION_BUS_ADDRESS', 'unix:path=/run/user/1000/bus'), ('COLORTERM', 'truecolor'), ('WSL_DISTRO_NAME', 'Ubuntu-22.04'), ('WAYLAND_DISPLAY', 'wayland-0'), ('ROS_DISTRO', 'humble'), ('LOGNAME', 'vigma'), ('NAME', 'Vigneshu'), ('WSL_INTEROP', '/run/WSL/22046_interop'), ('PULSE_SERVER', 'unix:/mnt/wslg/PulseServer'), ('_', '/usr/bin/colcon'), ('ROS_VERSION', '2'), ('TERM', 'xterm-256color'), ('ROS_LOCALHOST_ONLY', '0'), ('PATH', '/home/vigma/.vscode-server/data/User/globalStorage/github.copilot-chat/debugCommand:/home/vigma/.vscode-server/data/User/globalStorage/github.copilot-chat/copilotCli:/home/vigma/.vscode-server/bin/8b640eef5a6c6089c029249d48efa5c99adf7d51/bin/remote-cli:/opt/ros/humble/bin:/usr/local/sbin:/usr/local/bin:/usr/sbin:/usr/bin:/sbin:/bin:/usr/games:/usr/local/games:/usr/lib/wsl/lib:/mnt/c/Users/vigma/AppData/Local/Programs/Microsoft VS Code:/mnt/c/Python314/Scripts/:/mnt/c/Python314/:/mnt/c/WINDOWS/system32:/mnt/c/WINDOWS:/mnt/c/WINDOWS/System32/Wbem:/mnt/c/WINDOWS/System32/WindowsPowerShell/v1.0/:/mnt/c/WINDOWS/System32/OpenSSH/:/mnt/c/Program Files/PuTTY/:/mnt/c/Program Files (x86)/IncrediBuild:/mnt/c/Program Files (x86)/Windows Kits/10/Windows Performance Toolkit/:/mnt/c/ProgramData/chocolatey/bin:/mnt/c/Program Files/CMake/bin:/mnt/c/Users/vigma/.local/bin:/mnt/c/Users/vigma/AppData/Local/Microsoft/WindowsApps:/mnt/c/cygwin64/bin:/mnt/c/Users/vigma/AppData/Local/Programs/Microsoft VS Code/bin:/mnt/c/Program Files/SmartGit/git/bin:/mnt/c/Program Files/OpenSSL-Win64/bin:/snap/bin'), ('XDG_RUNTIME_DIR', '/run/user/1000/'), ('DISPLAY', ':0'), ('LANG', 'en_US.UTF-8'), ('LS_COLORS', 'rs=0:di=01;34:ln=01;36:mh=00:pi=40;33:so=01;35:do=01;35:bd=40;33;01:cd=40;33;01:or=40;31;01:mi=00:su=37;41:sg=30;43:ca=30;41:tw=30;42:ow=34;42:st=37;44:ex=01;32:*.tar=01;31:*.tgz=01;31:*.arc=01;31:*.arj=01;31:*.taz=01;31:*.lha=01;31:*.lz4=01;31:*.lzh=01;31:*.lzma=01;31:*.tlz=01;31:*.txz=01;31:*.tzo=01;31:*.t7z=01;31:*.zip=01;31:*.z=01;31:*.dz=01;31:*.gz=01;31:*.lrz=01;31:*.lz=01;31:*.lzo=01;31:*.xz=01;31:*.zst=01;31:*.tzst=01;31:*.bz2=01;31:*.bz=01;31:*.tbz=01;31:*.tbz2=01;31:*.tz=01;31:*.deb=01;31:*.rpm=01;31:*.jar=01;31:*.war=01;31:*.ear=01;31:*.sar=01;31:*.rar=01;31:*.alz=01;31:*.ace=01;31:*.zoo=01;31:*.cpio=01;31:*.7z=01;31:*.rz=01;31:*.cab=01;31:*.wim=01;31:*.swm=01;31:*.dwm=01;31:*.esd=01;31:*.jpg=01;35:*.jpeg=01;35:*.mjpg=01;35:*.mjpeg=01;35:*.gif=01;35:*.bmp=01;35:*.pbm=01;35:*.pgm=01;35:*.ppm=01;35:*.tga=01;35:*.xbm=01;35:*.xpm=01;35:*.tif=01;35:*.tiff=01;35:*.png=01;35:*.svg=01;35:*.svgz=01;35:*.mng=01;35:*.pcx=01;35:*.mov=01;35:*.mpg=01;35:*.mpeg=01;35:*.m2v=01;35:*.mkv=01;35:*.webm=01;35:*.webp=01;35:*.ogm=01;35:*.mp4=01;35:*.m4v=01;35:*.mp4v=01;35:*.vob=01;35:*.qt=01;35:*.nuv=01;35:*.wmv=01;35:*.asf=01;35:*.rm=01;35:*.rmvb=01;35:*.flc=01;35:*.avi=01;35:*.fli=01;35:*.flv=01;35:*.gl=01;35:*.dl=01;35:*.xcf=01;35:*.xwd=01;35:*.yuv=01;35:*.cgm=01;35:*.emf=01;35:*.ogv=01;35:*.ogx=01;35:*.aac=00;36:*.au=00;36:*.flac=00;36:*.m4a=00;36:*.mid=00;36:*.midi=00;36:*.mka=00;36:*.mp3=00;36:*.mpc=00;36:*.ogg=00;36:*.ra=00;36:*.wav=00;36:*.oga=00;36:*.opus=00;36:*.spx=00;36:*.xspf=00;36:'), ('VSCODE_GIT_IPC_HANDLE', '/run/user/1000/vscode-git-ebf8d60c65.sock'), ('TERM_PROGRAM', 'vscode'), ('AMENT_PREFIX_PATH', '/opt/ros/humble'), ('SHELL', '/bin/bash'), ('LESSCLOSE', '/usr/bin/lesspipe %s %s'), ('VSCODE_GIT_ASKPASS_EXTRA_ARGS', ''), ('PWD', '/home/vigma/ros2_ws/build/door_node'), ('XDG_DATA_DIRS', '/usr/local/share:/usr/share:/var/lib/snapd/desktop'), ('PYTHONPATH', '/opt/ros/humble/lib/python3.10/site-packages:/opt/ros/humble/local/lib/python3.10/dist-packages'), ('COLCON', '1'), ('WSL2_GUI_APPS_ENABLED', '1'), ('HOSTTYPE', 'x86_64'), ('WSLENV', 'VSCODE_WSL_EXT_LOCATION/up'), ('CMAKE_PREFIX_PATH', '/opt/ros/humble')]), 'shell': False}
[0.177959] (emergency_node) JobProgress: {'identifier': 'emergency_node', 'progress': 'cmake'}
[0.189742] (emergency_node) Command: {'cmd': ['/usr/bin/cmake', '/home/vigma/ros2_ws/src/emergency_node', '-DCMAKE_INSTALL_PREFIX=/home/vigma/ros2_ws/install/emergency_node'], 'cwd': '/home/vigma/ros2_ws/build/emergency_node', 'env': OrderedDict([('LESSOPEN', '| /usr/bin/lesspipe %s'), ('USER', 'vigma'), ('GIT_ASKPASS', '/home/vigma/.vscode-server/bin/8b640eef5a6c6089c029249d48efa5c99adf7d51/extensions/git/dist/askpass.sh'), ('SHLVL', '1'), ('LD_LIBRARY_PATH', '/opt/ros/humble/opt/rviz_ogre_vendor/lib:/opt/ros/humble/lib/x86_64-linux-gnu:/opt/ros/humble/lib'), ('HOME', '/home/vigma'), ('TERM_PROGRAM_VERSION', '1.119.0'), ('VSCODE_IPC_HOOK_CLI', '/run/user/1000/vscode-ipc-a5912d3e-cb78-4d8d-a9db-ac14556ff1d0.sock'), ('ROS_PYTHON_VERSION', '3'), ('VSCODE_GIT_ASKPASS_MAIN', '/home/vigma/.vscode-server/bin/8b640eef5a6c6089c029249d48efa5c99adf7d51/extensions/git/dist/askpass-main.js'), ('VSCODE_GIT_ASKPASS_NODE', '/home/vigma/.vscode-server/bin/8b640eef5a6c6089c029249d48efa5c99adf7d51/node'), ('VSCODE_PYTHON_AUTOACTIVATE_GUARD', '1'), ('DBUS_SESSION_BUS_ADDRESS', 'unix:path=/run/user/1000/bus'), ('COLORTERM', 'truecolor'), ('WSL_DISTRO_NAME', 'Ubuntu-22.04'), ('WAYLAND_DISPLAY', 'wayland-0'), ('ROS_DISTRO', 'humble'), ('LOGNAME', 'vigma'), ('NAME', 'Vigneshu'), ('WSL_INTEROP', '/run/WSL/22046_interop'), ('PULSE_SERVER', 'unix:/mnt/wslg/PulseServer'), ('_', '/usr/bin/colcon'), ('ROS_VERSION', '2'), ('TERM', 'xterm-256color'), ('ROS_LOCALHOST_ONLY', '0'), ('PATH', '/home/vigma/.vscode-server/data/User/globalStorage/github.copilot-chat/debugCommand:/home/vigma/.vscode-server/data/User/globalStorage/github.copilot-chat/copilotCli:/home/vigma/.vscode-server/bin/8b640eef5a6c6089c029249d48efa5c99adf7d51/bin/remote-cli:/opt/ros/humble/bin:/usr/local/sbin:/usr/local/bin:/usr/sbin:/usr/bin:/sbin:/bin:/usr/games:/usr/local/games:/usr/lib/wsl/lib:/mnt/c/Users/vigma/AppData/Local/Programs/Microsoft VS Code:/mnt/c/Python314/Scripts/:/mnt/c/Python314/:/mnt/c/WINDOWS/system32:/mnt/c/WINDOWS:/mnt/c/WINDOWS/System32/Wbem:/mnt/c/WINDOWS/System32/WindowsPowerShell/v1.0/:/mnt/c/WINDOWS/System32/OpenSSH/:/mnt/c/Program Files/PuTTY/:/mnt/c/Program Files (x86)/IncrediBuild:/mnt/c/Program Files (x86)/Windows Kits/10/Windows Performance Toolkit/:/mnt/c/ProgramData/chocolatey/bin:/mnt/c/Program Files/CMake/bin:/mnt/c/Users/vigma/.local/bin:/mnt/c/Users/vigma/AppData/Local/Microsoft/WindowsApps:/mnt/c/cygwin64/bin:/mnt/c/Users/vigma/AppData/Local/Programs/Microsoft VS Code/bin:/mnt/c/Program Files/SmartGit/git/bin:/mnt/c/Program Files/OpenSSL-Win64/bin:/snap/bin'), ('XDG_RUNTIME_DIR', '/run/user/1000/'), ('DISPLAY', ':0'), ('LANG', 'en_US.UTF-8'), ('LS_COLORS', 'rs=0:di=01;34:ln=01;36:mh=00:pi=40;33:so=01;35:do=01;35:bd=40;33;01:cd=40;33;01:or=40;31;01:mi=00:su=37;41:sg=30;43:ca=30;41:tw=30;42:ow=34;42:st=37;44:ex=01;32:*.tar=01;31:*.tgz=01;31:*.arc=01;31:*.arj=01;31:*.taz=01;31:*.lha=01;31:*.lz4=01;31:*.lzh=01;31:*.lzma=01;31:*.tlz=01;31:*.txz=01;31:*.tzo=01;31:*.t7z=01;31:*.zip=01;31:*.z=01;31:*.dz=01;31:*.gz=01;31:*.lrz=01;31:*.lz=01;31:*.lzo=01;31:*.xz=01;31:*.zst=01;31:*.tzst=01;31:*.bz2=01;31:*.bz=01;31:*.tbz=01;31:*.tbz2=01;31:*.tz=01;31:*.deb=01;31:*.rpm=01;31:*.jar=01;31:*.war=01;31:*.ear=01;31:*.sar=01;31:*.rar=01;31:*.alz=01;31:*.ace=01;31:*.zoo=01;31:*.cpio=01;31:*.7z=01;31:*.rz=01;31:*.cab=01;31:*.wim=01;31:*.swm=01;31:*.dwm=01;31:*.esd=01;31:*.jpg=01;35:*.jpeg=01;35:*.mjpg=01;35:*.mjpeg=01;35:*.gif=01;35:*.bmp=01;35:*.pbm=01;35:*.pgm=01;35:*.ppm=01;35:*.tga=01;35:*.xbm=01;35:*.xpm=01;35:*.tif=01;35:*.tiff=01;35:*.png=01;35:*.svg=01;35:*.svgz=01;35:*.mng=01;35:*.pcx=01;35:*.mov=01;35:*.mpg=01;35:*.mpeg=01;35:*.m2v=01;35:*.mkv=01;35:*.webm=01;35:*.webp=01;35:*.ogm=01;35:*.mp4=01;35:*.m4v=01;35:*.mp4v=01;35:*.vob=01;35:*.qt=01;35:*.nuv=01;35:*.wmv=01;35:*.asf=01;35:*.rm=01;35:*.rmvb=01;35:*.flc=01;35:*.avi=01;35:*.fli=01;35:*.flv=01;35:*.gl=01;35:*.dl=01;35:*.xcf=01;35:*.xwd=01;35:*.yuv=01;35:*.cgm=01;35:*.emf=01;35:*.ogv=01;35:*.ogx=01;35:*.aac=00;36:*.au=00;36:*.flac=00;36:*.m4a=00;36:*.mid=00;36:*.midi=00;36:*.mka=00;36:*.mp3=00;36:*.mpc=00;36:*.ogg=00;36:*.ra=00;36:*.wav=00;36:*.oga=00;36:*.opus=00;36:*.spx=00;36:*.xspf=00;36:'), ('VSCODE_GIT_IPC_HANDLE', '/run/user/1000/vscode-git-ebf8d60c65.sock'), ('TERM_PROGRAM', 'vscode'), ('AMENT_PREFIX_PATH', '/opt/ros/humble'), ('SHELL', '/bin/bash'), ('LESSCLOSE', '/usr/bin/lesspipe %s %s'), ('VSCODE_GIT_ASKPASS_EXTRA_ARGS', ''), ('PWD', '/home/vigma/ros2_ws/build/emergency_node'), ('XDG_DATA_DIRS', '/usr/local/share:/usr/share:/var/lib/snapd/desktop'), ('PYTHONPATH', '/opt/ros/humble/lib/python3.10/site-packages:/opt/ros/humble/local/lib/python3.10/dist-packages'), ('COLCON', '1'), ('WSL2_GUI_APPS_ENABLED', '1'), ('HOSTTYPE', 'x86_64'), ('WSLENV', 'VSCODE_WSL_EXT_LOCATION/up'), ('CMAKE_PREFIX_PATH', '/opt/ros/humble')]), 'shell': False}
[0.210086] (-) TimerEvent: {}
[0.211664] (stacklight_node) JobProgress: {'identifier': 'stacklight_node', 'progress': 'cmake'}
[0.222766] (stacklight_node) Command: {'cmd': ['/usr/bin/cmake', '/home/vigma/ros2_ws/src/stacklight_node', '-DCMAKE_INSTALL_PREFIX=/home/vigma/ros2_ws/install/stacklight_node'], 'cwd': '/home/vigma/ros2_ws/build/stacklight_node', 'env': OrderedDict([('LESSOPEN', '| /usr/bin/lesspipe %s'), ('USER', 'vigma'), ('GIT_ASKPASS', '/home/vigma/.vscode-server/bin/8b640eef5a6c6089c029249d48efa5c99adf7d51/extensions/git/dist/askpass.sh'), ('SHLVL', '1'), ('LD_LIBRARY_PATH', '/opt/ros/humble/opt/rviz_ogre_vendor/lib:/opt/ros/humble/lib/x86_64-linux-gnu:/opt/ros/humble/lib'), ('HOME', '/home/vigma'), ('TERM_PROGRAM_VERSION', '1.119.0'), ('VSCODE_IPC_HOOK_CLI', '/run/user/1000/vscode-ipc-a5912d3e-cb78-4d8d-a9db-ac14556ff1d0.sock'), ('ROS_PYTHON_VERSION', '3'), ('VSCODE_GIT_ASKPASS_MAIN', '/home/vigma/.vscode-server/bin/8b640eef5a6c6089c029249d48efa5c99adf7d51/extensions/git/dist/askpass-main.js'), ('VSCODE_GIT_ASKPASS_NODE', '/home/vigma/.vscode-server/bin/8b640eef5a6c6089c029249d48efa5c99adf7d51/node'), ('VSCODE_PYTHON_AUTOACTIVATE_GUARD', '1'), ('DBUS_SESSION_BUS_ADDRESS', 'unix:path=/run/user/1000/bus'), ('COLORTERM', 'truecolor'), ('WSL_DISTRO_NAME', 'Ubuntu-22.04'), ('WAYLAND_DISPLAY', 'wayland-0'), ('ROS_DISTRO', 'humble'), ('LOGNAME', 'vigma'), ('NAME', 'Vigneshu'), ('WSL_INTEROP', '/run/WSL/22046_interop'), ('PULSE_SERVER', 'unix:/mnt/wslg/PulseServer'), ('_', '/usr/bin/colcon'), ('ROS_VERSION', '2'), ('TERM', 'xterm-256color'), ('ROS_LOCALHOST_ONLY', '0'), ('PATH', '/home/vigma/.vscode-server/data/User/globalStorage/github.copilot-chat/debugCommand:/home/vigma/.vscode-server/data/User/globalStorage/github.copilot-chat/copilotCli:/home/vigma/.vscode-server/bin/8b640eef5a6c6089c029249d48efa5c99adf7d51/bin/remote-cli:/opt/ros/humble/bin:/usr/local/sbin:/usr/local/bin:/usr/sbin:/usr/bin:/sbin:/bin:/usr/games:/usr/local/games:/usr/lib/wsl/lib:/mnt/c/Users/vigma/AppData/Local/Programs/Microsoft VS Code:/mnt/c/Python314/Scripts/:/mnt/c/Python314/:/mnt/c/WINDOWS/system32:/mnt/c/WINDOWS:/mnt/c/WINDOWS/System32/Wbem:/mnt/c/WINDOWS/System32/WindowsPowerShell/v1.0/:/mnt/c/WINDOWS/System32/OpenSSH/:/mnt/c/Program Files/PuTTY/:/mnt/c/Program Files (x86)/IncrediBuild:/mnt/c/Program Files (x86)/Windows Kits/10/Windows Performance Toolkit/:/mnt/c/ProgramData/chocolatey/bin:/mnt/c/Program Files/CMake/bin:/mnt/c/Users/vigma/.local/bin:/mnt/c/Users/vigma/AppData/Local/Microsoft/WindowsApps:/mnt/c/cygwin64/bin:/mnt/c/Users/vigma/AppData/Local/Programs/Microsoft VS Code/bin:/mnt/c/Program Files/SmartGit/git/bin:/mnt/c/Program Files/OpenSSL-Win64/bin:/snap/bin'), ('XDG_RUNTIME_DIR', '/run/user/1000/'), ('DISPLAY', ':0'), ('LANG', 'en_US.UTF-8'), ('LS_COLORS', 'rs=0:di=01;34:ln=01;36:mh=00:pi=40;33:so=01;35:do=01;35:bd=40;33;01:cd=40;33;01:or=40;31;01:mi=00:su=37;41:sg=30;43:ca=30;41:tw=30;42:ow=34;42:st=37;44:ex=01;32:*.tar=01;31:*.tgz=01;31:*.arc=01;31:*.arj=01;31:*.taz=01;31:*.lha=01;31:*.lz4=01;31:*.lzh=01;31:*.lzma=01;31:*.tlz=01;31:*.txz=01;31:*.tzo=01;31:*.t7z=01;31:*.zip=01;31:*.z=01;31:*.dz=01;31:*.gz=01;31:*.lrz=01;31:*.lz=01;31:*.lzo=01;31:*.xz=01;31:*.zst=01;31:*.tzst=01;31:*.bz2=01;31:*.bz=01;31:*.tbz=01;31:*.tbz2=01;31:*.tz=01;31:*.deb=01;31:*.rpm=01;31:*.jar=01;31:*.war=01;31:*.ear=01;31:*.sar=01;31:*.rar=01;31:*.alz=01;31:*.ace=01;31:*.zoo=01;31:*.cpio=01;31:*.7z=01;31:*.rz=01;31:*.cab=01;31:*.wim=01;31:*.swm=01;31:*.dwm=01;31:*.esd=01;31:*.jpg=01;35:*.jpeg=01;35:*.mjpg=01;35:*.mjpeg=01;35:*.gif=01;35:*.bmp=01;35:*.pbm=01;35:*.pgm=01;35:*.ppm=01;35:*.tga=01;35:*.xbm=01;35:*.xpm=01;35:*.tif=01;35:*.tiff=01;35:*.png=01;35:*.svg=01;35:*.svgz=01;35:*.mng=01;35:*.pcx=01;35:*.mov=01;35:*.mpg=01;35:*.mpeg=01;35:*.m2v=01;35:*.mkv=01;35:*.webm=01;35:*.webp=01;35:*.ogm=01;35:*.mp4=01;35:*.m4v=01;35:*.mp4v=01;35:*.vob=01;35:*.qt=01;35:*.nuv=01;35:*.wmv=01;35:*.asf=01;35:*.rm=01;35:*.rmvb=01;35:*.flc=01;35:*.avi=01;35:*.fli=01;35:*.flv=01;35:*.gl=01;35:*.dl=01;35:*.xcf=01;35:*.xwd=01;35:*.yuv=01;35:*.cgm=01;35:*.emf=01;35:*.ogv=01;35:*.ogx=01;35:*.aac=00;36:*.au=00;36:*.flac=00;36:*.m4a=00;36:*.mid=00;36:*.midi=00;36:*.mka=00;36:*.mp3=00;36:*.mpc=00;36:*.ogg=00;36:*.ra=00;36:*.wav=00;36:*.oga=00;36:*.opus=00;36:*.spx=00;36:*.xspf=00;36:'), ('VSCODE_GIT_IPC_HANDLE', '/run/user/1000/vscode-git-ebf8d60c65.sock'), ('TERM_PROGRAM', 'vscode'), ('AMENT_PREFIX_PATH', '/opt/ros/humble'), ('SHELL', '/bin/bash'), ('LESSCLOSE', '/usr/bin/lesspipe %s %s'), ('VSCODE_GIT_ASKPASS_EXTRA_ARGS', ''), ('PWD', '/home/vigma/ros2_ws/build/stacklight_node'), ('XDG_DATA_DIRS', '/usr/local/share:/usr/share:/var/lib/snapd/desktop'), ('PYTHONPATH', '/opt/ros/humble/lib/python3.10/site-packages:/opt/ros/humble/local/lib/python3.10/dist-packages'), ('COLCON', '1'), ('WSL2_GUI_APPS_ENABLED', '1'), ('HOSTTYPE', 'x86_64'), ('WSLENV', 'VSCODE_WSL_EXT_LOCATION/up'), ('CMAKE_PREFIX_PATH', '/opt/ros/humble')]), 'shell': False}
[0.310353] (-) TimerEvent: {}
[0.411245] (-) TimerEvent: {}
[0.512154] (-) TimerEvent: {}
[0.612902] (-) TimerEvent: {}
[0.713545] (-) TimerEvent: {}
[0.814273] (-) TimerEvent: {}
[0.843014] (door_node) StdoutLine: {'line': b'-- The C compiler identification is GNU 11.4.0\n'}
[0.848458] (emergency_node) StdoutLine: {'line': b'-- The C compiler identification is GNU 11.4.0\n'}
[0.853346] (cell_controller) StdoutLine: {'line': b'-- The C compiler identification is GNU 11.4.0\n'}
[0.854207] (stacklight_node) StdoutLine: {'line': b'-- The C compiler identification is GNU 11.4.0\n'}
[0.854937] (barcode_node) StdoutLine: {'line': b'-- The C compiler identification is GNU 11.4.0\n'}
[0.914537] (-) TimerEvent: {}
[1.015390] (-) TimerEvent: {}
[1.116437] (-) TimerEvent: {}
[1.217198] (-) TimerEvent: {}
[1.318085] (-) TimerEvent: {}
[1.418831] (-) TimerEvent: {}
[1.519653] (-) TimerEvent: {}
[1.620376] (-) TimerEvent: {}
[1.721061] (-) TimerEvent: {}
[1.821751] (-) TimerEvent: {}
[1.922560] (-) TimerEvent: {}
[1.982472] (emergency_node) StdoutLine: {'line': b'-- The CXX compiler identification is GNU 11.4.0\n'}
[1.992057] (door_node) StdoutLine: {'line': b'-- The CXX compiler identification is GNU 11.4.0\n'}
[1.997152] (stacklight_node) StdoutLine: {'line': b'-- The CXX compiler identification is GNU 11.4.0\n'}
[2.000584] (barcode_node) StdoutLine: {'line': b'-- The CXX compiler identification is GNU 11.4.0\n'}
[2.022776] (-) TimerEvent: {}
[2.123857] (-) TimerEvent: {}
[2.126788] (cell_controller) StdoutLine: {'line': b'-- The CXX compiler identification is GNU 11.4.0\n'}
[2.224092] (-) TimerEvent: {}
[2.324829] (-) TimerEvent: {}
[2.425523] (-) TimerEvent: {}
[2.466929] (door_node) StdoutLine: {'line': b'-- Detecting C compiler ABI info\n'}
[2.525733] (-) TimerEvent: {}
[2.626808] (-) TimerEvent: {}
[2.693835] (barcode_node) StdoutLine: {'line': b'-- Detecting C compiler ABI info\n'}
[2.709876] (cell_controller) StdoutLine: {'line': b'-- Detecting C compiler ABI info\n'}
[2.727050] (-) TimerEvent: {}
[2.763336] (stacklight_node) StdoutLine: {'line': b'-- Detecting C compiler ABI info\n'}
[2.804823] (emergency_node) StdoutLine: {'line': b'-- Detecting C compiler ABI info\n'}
[2.827589] (-) TimerEvent: {}
[2.928599] (-) TimerEvent: {}
[3.029437] (-) TimerEvent: {}
[3.045118] (door_node) StdoutLine: {'line': b'-- Detecting C compiler ABI info - done\n'}
[3.073925] (door_node) StdoutLine: {'line': b'-- Check for working C compiler: /usr/bin/cc - skipped\n'}
[3.076074] (door_node) StdoutLine: {'line': b'-- Detecting C compile features\n'}
[3.078252] (door_node) StdoutLine: {'line': b'-- Detecting C compile features - done\n'}
[3.092492] (door_node) StdoutLine: {'line': b'-- Detecting CXX compiler ABI info\n'}
[3.129708] (-) TimerEvent: {}
[3.148958] (cell_controller) StdoutLine: {'line': b'-- Detecting C compiler ABI info - done\n'}
[3.149558] (barcode_node) StdoutLine: {'line': b'-- Detecting C compiler ABI info - done\n'}
[3.183255] (cell_controller) StdoutLine: {'line': b'-- Check for working C compiler: /usr/bin/cc - skipped\n'}
[3.184376] (cell_controller) StdoutLine: {'line': b'-- Detecting C compile features\n'}
[3.185577] (barcode_node) StdoutLine: {'line': b'-- Check for working C compiler: /usr/bin/cc - skipped\n'}
[3.187163] (cell_controller) StdoutLine: {'line': b'-- Detecting C compile features - done\n'}
[3.187995] (barcode_node) StdoutLine: {'line': b'-- Detecting C compile features\n'}
[3.188765] (barcode_node) StdoutLine: {'line': b'-- Detecting C compile features - done\n'}
[3.199708] (cell_controller) StdoutLine: {'line': b'-- Detecting CXX compiler ABI info\n'}
[3.200669] (barcode_node) StdoutLine: {'line': b'-- Detecting CXX compiler ABI info\n'}
[3.230005] (-) TimerEvent: {}
[3.254357] (stacklight_node) StdoutLine: {'line': b'-- Detecting C compiler ABI info - done\n'}
[3.282944] (stacklight_node) StdoutLine: {'line': b'-- Check for working C compiler: /usr/bin/cc - skipped\n'}
[3.284121] (stacklight_node) StdoutLine: {'line': b'-- Detecting C compile features\n'}
[3.285271] (stacklight_node) StdoutLine: {'line': b'-- Detecting C compile features - done\n'}
[3.295985] (stacklight_node) StdoutLine: {'line': b'-- Detecting CXX compiler ABI info\n'}
[3.303654] (emergency_node) StdoutLine: {'line': b'-- Detecting C compiler ABI info - done\n'}
[3.325685] (emergency_node) StdoutLine: {'line': b'-- Check for working C compiler: /usr/bin/cc - skipped\n'}
[3.326493] (emergency_node) StdoutLine: {'line': b'-- Detecting C compile features\n'}
[3.327555] (emergency_node) StdoutLine: {'line': b'-- Detecting C compile features - done\n'}
[3.330220] (-) TimerEvent: {}
[3.337682] (emergency_node) StdoutLine: {'line': b'-- Detecting CXX compiler ABI info\n'}
[3.430430] (-) TimerEvent: {}
[3.531115] (-) TimerEvent: {}
[3.581861] (door_node) StdoutLine: {'line': b'-- Detecting CXX compiler ABI info - done\n'}
[3.609056] (door_node) StdoutLine: {'line': b'-- Check for working CXX compiler: /usr/bin/c++ - skipped\n'}
[3.610301] (door_node) StdoutLine: {'line': b'-- Detecting CXX compile features\n'}
[3.611907] (door_node) StdoutLine: {'line': b'-- Detecting CXX compile features - done\n'}
[3.631360] (-) TimerEvent: {}
[3.672501] (barcode_node) StdoutLine: {'line': b'-- Detecting CXX compiler ABI info - done\n'}
[3.685365] (cell_controller) StdoutLine: {'line': b'-- Detecting CXX compiler ABI info - done\n'}
[3.686753] (door_node) StdoutLine: {'line': b'-- Found ament_cmake: 1.3.14 (/opt/ros/humble/share/ament_cmake/cmake)\n'}
[3.703812] (barcode_node) StdoutLine: {'line': b'-- Check for working CXX compiler: /usr/bin/c++ - skipped\n'}
[3.705074] (barcode_node) StdoutLine: {'line': b'-- Detecting CXX compile features\n'}
[3.708075] (barcode_node) StdoutLine: {'line': b'-- Detecting CXX compile features - done\n'}
[3.717420] (cell_controller) StdoutLine: {'line': b'-- Check for working CXX compiler: /usr/bin/c++ - skipped\n'}
[3.718711] (barcode_node) StdoutLine: {'line': b'-- Found ament_cmake: 1.3.14 (/opt/ros/humble/share/ament_cmake/cmake)\n'}
[3.719874] (cell_controller) StdoutLine: {'line': b'-- Detecting CXX compile features\n'}
[3.721322] (cell_controller) StdoutLine: {'line': b'-- Detecting CXX compile features - done\n'}
[3.731723] (-) TimerEvent: {}
[3.733037] (cell_controller) StdoutLine: {'line': b'-- Found ament_cmake: 1.3.14 (/opt/ros/humble/share/ament_cmake/cmake)\n'}
[3.831967] (-) TimerEvent: {}
[3.847864] (stacklight_node) StdoutLine: {'line': b'-- Detecting CXX compiler ABI info - done\n'}
[3.886054] (stacklight_node) StdoutLine: {'line': b'-- Check for working CXX compiler: /usr/bin/c++ - skipped\n'}
[3.887370] (stacklight_node) StdoutLine: {'line': b'-- Detecting CXX compile features\n'}
[3.889441] (stacklight_node) StdoutLine: {'line': b'-- Detecting CXX compile features - done\n'}
[3.898744] (stacklight_node) StdoutLine: {'line': b'-- Found ament_cmake: 1.3.14 (/opt/ros/humble/share/ament_cmake/cmake)\n'}
[3.910812] (emergency_node) StdoutLine: {'line': b'-- Detecting CXX compiler ABI info - done\n'}
[3.932210] (-) TimerEvent: {}
[3.934646] (emergency_node) StdoutLine: {'line': b'-- Check for working CXX compiler: /usr/bin/c++ - skipped\n'}
[3.936008] (emergency_node) StdoutLine: {'line': b'-- Detecting CXX compile features\n'}
[3.937753] (emergency_node) StdoutLine: {'line': b'-- Detecting CXX compile features - done\n'}
[3.948773] (emergency_node) StdoutLine: {'line': b'-- Found ament_cmake: 1.3.14 (/opt/ros/humble/share/ament_cmake/cmake)\n'}
[4.032474] (-) TimerEvent: {}
[4.133109] (-) TimerEvent: {}
[4.208392] (door_node) StdoutLine: {'line': b'-- Found Python3: /usr/bin/python3 (found version "3.10.12") found components: Interpreter \n'}
[4.212284] (barcode_node) StdoutLine: {'line': b'-- Found Python3: /usr/bin/python3 (found version "3.10.12") found components: Interpreter \n'}
[4.218565] (cell_controller) StdoutLine: {'line': b'-- Found Python3: /usr/bin/python3 (found version "3.10.12") found components: Interpreter \n'}
[4.233243] (-) TimerEvent: {}
[4.334190] (-) TimerEvent: {}
[4.394371] (stacklight_node) StdoutLine: {'line': b'-- Found Python3: /usr/bin/python3 (found version "3.10.12") found components: Interpreter \n'}
[4.425803] (emergency_node) StdoutLine: {'line': b'-- Found Python3: /usr/bin/python3 (found version "3.10.12") found components: Interpreter \n'}
[4.434444] (-) TimerEvent: {}
[4.535202] (-) TimerEvent: {}
[4.568885] (door_node) StdoutLine: {'line': b'-- Found rclcpp: 16.0.19 (/opt/ros/humble/share/rclcpp/cmake)\n'}
[4.569707] (barcode_node) StdoutLine: {'line': b'-- Found rclcpp: 16.0.19 (/opt/ros/humble/share/rclcpp/cmake)\n'}
[4.570531] (cell_controller) StdoutLine: {'line': b'-- Found rclcpp: 16.0.19 (/opt/ros/humble/share/rclcpp/cmake)\n'}
[4.635586] (-) TimerEvent: {}
[4.703249] (stacklight_node) StdoutLine: {'line': b'-- Found rclcpp: 16.0.19 (/opt/ros/humble/share/rclcpp/cmake)\n'}
[4.733472] (emergency_node) StdoutLine: {'line': b'-- Found rclcpp: 16.0.19 (/opt/ros/humble/share/rclcpp/cmake)\n'}
[4.735821] (-) TimerEvent: {}
[4.836710] (-) TimerEvent: {}
[4.937420] (-) TimerEvent: {}
[5.038203] (-) TimerEvent: {}
[5.074734] (door_node) StdoutLine: {'line': b'-- Found rosidl_generator_c: 3.1.8 (/opt/ros/humble/share/rosidl_generator_c/cmake)\n'}
[5.076028] (cell_controller) StdoutLine: {'line': b'-- Found rosidl_generator_c: 3.1.8 (/opt/ros/humble/share/rosidl_generator_c/cmake)\n'}
[5.076665] (barcode_node) StdoutLine: {'line': b'-- Found rosidl_generator_c: 3.1.8 (/opt/ros/humble/share/rosidl_generator_c/cmake)\n'}
[5.100518] (cell_controller) StdoutLine: {'line': b'-- Found rosidl_adapter: 3.1.8 (/opt/ros/humble/share/rosidl_adapter/cmake)\n'}
[5.101023] (door_node) StdoutLine: {'line': b'-- Found rosidl_adapter: 3.1.8 (/opt/ros/humble/share/rosidl_adapter/cmake)\n'}
[5.101506] (barcode_node) StdoutLine: {'line': b'-- Found rosidl_adapter: 3.1.8 (/opt/ros/humble/share/rosidl_adapter/cmake)\n'}
[5.138496] (-) TimerEvent: {}
[5.147141] (cell_controller) StdoutLine: {'line': b'-- Found rosidl_generator_cpp: 3.1.8 (/opt/ros/humble/share/rosidl_generator_cpp/cmake)\n'}
[5.148375] (door_node) StdoutLine: {'line': b'-- Found rosidl_generator_cpp: 3.1.8 (/opt/ros/humble/share/rosidl_generator_cpp/cmake)\n'}
[5.148649] (barcode_node) StdoutLine: {'line': b'-- Found rosidl_generator_cpp: 3.1.8 (/opt/ros/humble/share/rosidl_generator_cpp/cmake)\n'}
[5.206455] (stacklight_node) StdoutLine: {'line': b'-- Found rosidl_generator_c: 3.1.8 (/opt/ros/humble/share/rosidl_generator_c/cmake)\n'}
[5.220745] (stacklight_node) StdoutLine: {'line': b'-- Found rosidl_adapter: 3.1.8 (/opt/ros/humble/share/rosidl_adapter/cmake)\n'}
[5.229160] (barcode_node) StdoutLine: {'line': b'-- Using all available rosidl_typesupport_c: rosidl_typesupport_fastrtps_c;rosidl_typesupport_introspection_c\n'}
[5.230616] (door_node) StdoutLine: {'line': b'-- Using all available rosidl_typesupport_c: rosidl_typesupport_fastrtps_c;rosidl_typesupport_introspection_c\n'}
[5.231381] (cell_controller) StdoutLine: {'line': b'-- Using all available rosidl_typesupport_c: rosidl_typesupport_fastrtps_c;rosidl_typesupport_introspection_c\n'}
[5.238785] (-) TimerEvent: {}
[5.246285] (stacklight_node) StdoutLine: {'line': b'-- Found rosidl_generator_cpp: 3.1.8 (/opt/ros/humble/share/rosidl_generator_cpp/cmake)\n'}
[5.275145] (emergency_node) StdoutLine: {'line': b'-- Found rosidl_generator_c: 3.1.8 (/opt/ros/humble/share/rosidl_generator_c/cmake)\n'}
[5.293841] (emergency_node) StdoutLine: {'line': b'-- Found rosidl_adapter: 3.1.8 (/opt/ros/humble/share/rosidl_adapter/cmake)\n'}
[5.294411] (stacklight_node) StdoutLine: {'line': b'-- Using all available rosidl_typesupport_c: rosidl_typesupport_fastrtps_c;rosidl_typesupport_introspection_c\n'}
[5.317016] (barcode_node) StdoutLine: {'line': b'-- Using all available rosidl_typesupport_cpp: rosidl_typesupport_fastrtps_cpp;rosidl_typesupport_introspection_cpp\n'}
[5.318115] (door_node) StdoutLine: {'line': b'-- Using all available rosidl_typesupport_cpp: rosidl_typesupport_fastrtps_cpp;rosidl_typesupport_introspection_cpp\n'}
[5.318541] (cell_controller) StdoutLine: {'line': b'-- Using all available rosidl_typesupport_cpp: rosidl_typesupport_fastrtps_cpp;rosidl_typesupport_introspection_cpp\n'}
[5.320317] (emergency_node) StdoutLine: {'line': b'-- Found rosidl_generator_cpp: 3.1.8 (/opt/ros/humble/share/rosidl_generator_cpp/cmake)\n'}
[5.339254] (-) TimerEvent: {}
[5.352510] (stacklight_node) StdoutLine: {'line': b'-- Using all available rosidl_typesupport_cpp: rosidl_typesupport_fastrtps_cpp;rosidl_typesupport_introspection_cpp\n'}
[5.360431] (emergency_node) StdoutLine: {'line': b'-- Using all available rosidl_typesupport_c: rosidl_typesupport_fastrtps_c;rosidl_typesupport_introspection_c\n'}
[5.427973] (emergency_node) StdoutLine: {'line': b'-- Using all available rosidl_typesupport_cpp: rosidl_typesupport_fastrtps_cpp;rosidl_typesupport_introspection_cpp\n'}
[5.439642] (-) TimerEvent: {}
[5.538923] (barcode_node) StdoutLine: {'line': b'-- Found rmw_implementation_cmake: 6.1.2 (/opt/ros/humble/share/rmw_implementation_cmake/cmake)\n'}
[5.539704] (-) TimerEvent: {}
[5.540046] (stacklight_node) StdoutLine: {'line': b'-- Found rmw_implementation_cmake: 6.1.2 (/opt/ros/humble/share/rmw_implementation_cmake/cmake)\n'}
[5.540592] (door_node) StdoutLine: {'line': b'-- Found rmw_implementation_cmake: 6.1.2 (/opt/ros/humble/share/rmw_implementation_cmake/cmake)\n'}
[5.541370] (cell_controller) StdoutLine: {'line': b'-- Found rmw_implementation_cmake: 6.1.2 (/opt/ros/humble/share/rmw_implementation_cmake/cmake)\n'}
[5.551507] (stacklight_node) StdoutLine: {'line': b'-- Found rmw_fastrtps_cpp: 6.2.10 (/opt/ros/humble/share/rmw_fastrtps_cpp/cmake)\n'}
[5.552023] (barcode_node) StdoutLine: {'line': b'-- Found rmw_fastrtps_cpp: 6.2.10 (/opt/ros/humble/share/rmw_fastrtps_cpp/cmake)\n'}
[5.552368] (door_node) StdoutLine: {'line': b'-- Found rmw_fastrtps_cpp: 6.2.10 (/opt/ros/humble/share/rmw_fastrtps_cpp/cmake)\n'}
[5.552576] (cell_controller) StdoutLine: {'line': b'-- Found rmw_fastrtps_cpp: 6.2.10 (/opt/ros/humble/share/rmw_fastrtps_cpp/cmake)\n'}
[5.582608] (emergency_node) StdoutLine: {'line': b'-- Found rmw_implementation_cmake: 6.1.2 (/opt/ros/humble/share/rmw_implementation_cmake/cmake)\n'}
[5.594393] (emergency_node) StdoutLine: {'line': b'-- Found rmw_fastrtps_cpp: 6.2.10 (/opt/ros/humble/share/rmw_fastrtps_cpp/cmake)\n'}
[5.639928] (-) TimerEvent: {}
[5.741139] (-) TimerEvent: {}
[5.841892] (-) TimerEvent: {}
[5.942728] (-) TimerEvent: {}
[6.044455] (-) TimerEvent: {}
[6.145412] (-) TimerEvent: {}
[6.246396] (-) TimerEvent: {}
[6.347205] (-) TimerEvent: {}
[6.448017] (-) TimerEvent: {}
[6.548832] (-) TimerEvent: {}
[6.649684] (-) TimerEvent: {}
[6.750566] (-) TimerEvent: {}
[6.851249] (-) TimerEvent: {}
[6.952340] (-) TimerEvent: {}
[7.053209] (-) TimerEvent: {}
[7.154206] (-) TimerEvent: {}
[7.255148] (-) TimerEvent: {}
[7.356068] (-) TimerEvent: {}
[7.456845] (-) TimerEvent: {}
[7.557737] (-) TimerEvent: {}
[7.658587] (-) TimerEvent: {}
[7.670362] (emergency_node) StdoutLine: {'line': b'-- Found OpenSSL: /usr/lib/x86_64-linux-gnu/libcrypto.so (found version "3.0.2")  \n'}
[7.671558] (door_node) StdoutLine: {'line': b'-- Found OpenSSL: /usr/lib/x86_64-linux-gnu/libcrypto.so (found version "3.0.2")  \n'}
[7.672042] (barcode_node) StdoutLine: {'line': b'-- Found OpenSSL: /usr/lib/x86_64-linux-gnu/libcrypto.so (found version "3.0.2")  \n'}
[7.675948] (cell_controller) StdoutLine: {'line': b'-- Found OpenSSL: /usr/lib/x86_64-linux-gnu/libcrypto.so (found version "3.0.2")  \n'}
[7.758791] (-) TimerEvent: {}
[7.859664] (-) TimerEvent: {}
[7.960630] (-) TimerEvent: {}
[8.061529] (-) TimerEvent: {}
[8.162339] (-) TimerEvent: {}
[8.263082] (-) TimerEvent: {}
[8.364120] (-) TimerEvent: {}
[8.464869] (-) TimerEvent: {}
[8.565586] (-) TimerEvent: {}
[8.666391] (-) TimerEvent: {}
[8.767132] (-) TimerEvent: {}
[8.868139] (-) TimerEvent: {}
[8.968800] (-) TimerEvent: {}
[9.069417] (-) TimerEvent: {}
[9.170129] (-) TimerEvent: {}
[9.270830] (-) TimerEvent: {}
[9.371421] (-) TimerEvent: {}
[9.389098] (stacklight_node) StdoutLine: {'line': b'-- Found OpenSSL: /usr/lib/x86_64-linux-gnu/libcrypto.so (found version "3.0.2")  \n'}
[9.471669] (-) TimerEvent: {}
[9.476941] (cell_controller) StdoutLine: {'line': b'-- Found FastRTPS: /opt/ros/humble/include  \n'}
[9.478664] (door_node) StdoutLine: {'line': b'-- Found FastRTPS: /opt/ros/humble/include  \n'}
[9.571864] (-) TimerEvent: {}
[9.573356] (emergency_node) StdoutLine: {'line': b'-- Found FastRTPS: /opt/ros/humble/include  \n'}
[9.672092] (-) TimerEvent: {}
[9.772803] (-) TimerEvent: {}
[9.873525] (-) TimerEvent: {}
[9.974357] (-) TimerEvent: {}
[10.075002] (-) TimerEvent: {}
[10.175805] (-) TimerEvent: {}
[10.276598] (-) TimerEvent: {}
[10.377522] (-) TimerEvent: {}
[10.478246] (-) TimerEvent: {}
[10.579031] (-) TimerEvent: {}
[10.679874] (-) TimerEvent: {}
[10.780505] (-) TimerEvent: {}
[10.881279] (-) TimerEvent: {}
[10.982196] (-) TimerEvent: {}
[11.083050] (-) TimerEvent: {}
[11.183995] (-) TimerEvent: {}
[11.284692] (-) TimerEvent: {}
[11.369448] (barcode_node) StdoutLine: {'line': b'-- Found FastRTPS: /opt/ros/humble/include  \n'}
[11.384828] (-) TimerEvent: {}
[11.462212] (stacklight_node) StdoutLine: {'line': b'-- Found FastRTPS: /opt/ros/humble/include  \n'}
[11.485037] (-) TimerEvent: {}
[11.585832] (-) TimerEvent: {}
[11.686790] (-) TimerEvent: {}
[11.787836] (-) TimerEvent: {}
[11.888613] (-) TimerEvent: {}
[11.989379] (-) TimerEvent: {}
[12.090423] (-) TimerEvent: {}
[12.191438] (-) TimerEvent: {}
[12.292490] (-) TimerEvent: {}
[12.393263] (-) TimerEvent: {}
[12.493982] (-) TimerEvent: {}
[12.594782] (-) TimerEvent: {}
[12.695642] (-) TimerEvent: {}
[12.796582] (-) TimerEvent: {}
[12.897183] (-) TimerEvent: {}
[12.997812] (-) TimerEvent: {}
[13.098554] (-) TimerEvent: {}
[13.199194] (-) TimerEvent: {}
[13.299941] (-) TimerEvent: {}
[13.400600] (-) TimerEvent: {}
[13.501414] (-) TimerEvent: {}
[13.512838] (cell_controller) StdoutLine: {'line': b"-- Using RMW implementation 'rmw_fastrtps_cpp' as default\n"}
[13.566057] (cell_controller) StdoutLine: {'line': b'-- Looking for pthread.h\n'}
[13.601652] (-) TimerEvent: {}
[13.702358] (-) TimerEvent: {}
[13.803083] (-) TimerEvent: {}
[13.904086] (-) TimerEvent: {}
[14.004853] (-) TimerEvent: {}
[14.054012] (cell_controller) StdoutLine: {'line': b'-- Looking for pthread.h - found\n'}
[14.056354] (cell_controller) StdoutLine: {'line': b'-- Performing Test CMAKE_HAVE_LIBC_PTHREAD\n'}
[14.104949] (-) TimerEvent: {}
[14.205666] (-) TimerEvent: {}
[14.306465] (-) TimerEvent: {}
[14.407100] (-) TimerEvent: {}
[14.499076] (cell_controller) StdoutLine: {'line': b'-- Performing Test CMAKE_HAVE_LIBC_PTHREAD - Success\n'}
[14.502288] (cell_controller) StdoutLine: {'line': b'-- Found Threads: TRUE  \n'}
[14.507315] (-) TimerEvent: {}
[14.608051] (-) TimerEvent: {}
[14.696535] (emergency_node) StdoutLine: {'line': b"-- Using RMW implementation 'rmw_fastrtps_cpp' as default\n"}
[14.697140] (door_node) StdoutLine: {'line': b"-- Using RMW implementation 'rmw_fastrtps_cpp' as default\n"}
[14.708242] (-) TimerEvent: {}
[14.722294] (door_node) StdoutLine: {'line': b'-- Looking for pthread.h\n'}
[14.726918] (emergency_node) StdoutLine: {'line': b'-- Looking for pthread.h\n'}
[14.767033] (cell_controller) StdoutLine: {'line': b'-- Found ament_lint_auto: 0.12.15 (/opt/ros/humble/share/ament_lint_auto/cmake)\n'}
[14.808430] (-) TimerEvent: {}
[14.909285] (-) TimerEvent: {}
[15.010013] (-) TimerEvent: {}
[15.058935] (cell_controller) StdoutLine: {'line': b"-- Added test 'cppcheck' to perform static code analysis on C / C++ code\n"}
[15.059816] (cell_controller) StdoutLine: {'line': b'-- Configured cppcheck include dirs: \n'}
[15.060265] (cell_controller) StdoutLine: {'line': b'-- Configured cppcheck exclude dirs and/or files: \n'}
[15.064388] (cell_controller) StdoutLine: {'line': b"-- Added test 'lint_cmake' to check CMake code style\n"}
[15.071958] (cell_controller) StdoutLine: {'line': b"-- Added test 'uncrustify' to check C / C++ code style\n"}
[15.072414] (cell_controller) StdoutLine: {'line': b'-- Configured uncrustify additional arguments: \n'}
[15.076639] (cell_controller) StdoutLine: {'line': b"-- Added test 'xmllint' to check XML markup files\n"}
[15.088090] (cell_controller) StdoutLine: {'line': b'-- Configuring done\n'}
[15.110279] (-) TimerEvent: {}
[15.119599] (door_node) StdoutLine: {'line': b'-- Looking for pthread.h - found\n'}
[15.121797] (door_node) StdoutLine: {'line': b'-- Performing Test CMAKE_HAVE_LIBC_PTHREAD\n'}
[15.131599] (emergency_node) StdoutLine: {'line': b'-- Looking for pthread.h - found\n'}
[15.133978] (emergency_node) StdoutLine: {'line': b'-- Performing Test CMAKE_HAVE_LIBC_PTHREAD\n'}
[15.152824] (cell_controller) StdoutLine: {'line': b'-- Generating done\n'}
[15.169226] (cell_controller) StdoutLine: {'line': b'-- Build files have been written to: /home/vigma/ros2_ws/build/cell_controller\n'}
[15.196536] (cell_controller) CommandEnded: {'returncode': 0}
[15.203050] (cell_controller) JobProgress: {'identifier': 'cell_controller', 'progress': 'build'}
[15.203607] (cell_controller) Command: {'cmd': ['/usr/bin/cmake', '--build', '/home/vigma/ros2_ws/build/cell_controller', '--', '-j16', '-l16'], 'cwd': '/home/vigma/ros2_ws/build/cell_controller', 'env': OrderedDict([('LESSOPEN', '| /usr/bin/lesspipe %s'), ('USER', 'vigma'), ('GIT_ASKPASS', '/home/vigma/.vscode-server/bin/8b640eef5a6c6089c029249d48efa5c99adf7d51/extensions/git/dist/askpass.sh'), ('SHLVL', '1'), ('LD_LIBRARY_PATH', '/opt/ros/humble/opt/rviz_ogre_vendor/lib:/opt/ros/humble/lib/x86_64-linux-gnu:/opt/ros/humble/lib'), ('HOME', '/home/vigma'), ('TERM_PROGRAM_VERSION', '1.119.0'), ('VSCODE_IPC_HOOK_CLI', '/run/user/1000/vscode-ipc-a5912d3e-cb78-4d8d-a9db-ac14556ff1d0.sock'), ('ROS_PYTHON_VERSION', '3'), ('VSCODE_GIT_ASKPASS_MAIN', '/home/vigma/.vscode-server/bin/8b640eef5a6c6089c029249d48efa5c99adf7d51/extensions/git/dist/askpass-main.js'), ('VSCODE_GIT_ASKPASS_NODE', '/home/vigma/.vscode-server/bin/8b640eef5a6c6089c029249d48efa5c99adf7d51/node'), ('VSCODE_PYTHON_AUTOACTIVATE_GUARD', '1'), ('DBUS_SESSION_BUS_ADDRESS', 'unix:path=/run/user/1000/bus'), ('COLORTERM', 'truecolor'), ('WSL_DISTRO_NAME', 'Ubuntu-22.04'), ('WAYLAND_DISPLAY', 'wayland-0'), ('ROS_DISTRO', 'humble'), ('LOGNAME', 'vigma'), ('NAME', 'Vigneshu'), ('WSL_INTEROP', '/run/WSL/22046_interop'), ('PULSE_SERVER', 'unix:/mnt/wslg/PulseServer'), ('_', '/usr/bin/colcon'), ('ROS_VERSION', '2'), ('TERM', 'xterm-256color'), ('ROS_LOCALHOST_ONLY', '0'), ('PATH', '/home/vigma/.vscode-server/data/User/globalStorage/github.copilot-chat/debugCommand:/home/vigma/.vscode-server/data/User/globalStorage/github.copilot-chat/copilotCli:/home/vigma/.vscode-server/bin/8b640eef5a6c6089c029249d48efa5c99adf7d51/bin/remote-cli:/opt/ros/humble/bin:/usr/local/sbin:/usr/local/bin:/usr/sbin:/usr/bin:/sbin:/bin:/usr/games:/usr/local/games:/usr/lib/wsl/lib:/mnt/c/Users/vigma/AppData/Local/Programs/Microsoft VS Code:/mnt/c/Python314/Scripts/:/mnt/c/Python314/:/mnt/c/WINDOWS/system32:/mnt/c/WINDOWS:/mnt/c/WINDOWS/System32/Wbem:/mnt/c/WINDOWS/System32/WindowsPowerShell/v1.0/:/mnt/c/WINDOWS/System32/OpenSSH/:/mnt/c/Program Files/PuTTY/:/mnt/c/Program Files (x86)/IncrediBuild:/mnt/c/Program Files (x86)/Windows Kits/10/Windows Performance Toolkit/:/mnt/c/ProgramData/chocolatey/bin:/mnt/c/Program Files/CMake/bin:/mnt/c/Users/vigma/.local/bin:/mnt/c/Users/vigma/AppData/Local/Microsoft/WindowsApps:/mnt/c/cygwin64/bin:/mnt/c/Users/vigma/AppData/Local/Programs/Microsoft VS Code/bin:/mnt/c/Program Files/SmartGit/git/bin:/mnt/c/Program Files/OpenSSL-Win64/bin:/snap/bin'), ('XDG_RUNTIME_DIR', '/run/user/1000/'), ('DISPLAY', ':0'), ('LANG', 'en_US.UTF-8'), ('LS_COLORS', 'rs=0:di=01;34:ln=01;36:mh=00:pi=40;33:so=01;35:do=01;35:bd=40;33;01:cd=40;33;01:or=40;31;01:mi=00:su=37;41:sg=30;43:ca=30;41:tw=30;42:ow=34;42:st=37;44:ex=01;32:*.tar=01;31:*.tgz=01;31:*.arc=01;31:*.arj=01;31:*.taz=01;31:*.lha=01;31:*.lz4=01;31:*.lzh=01;31:*.lzma=01;31:*.tlz=01;31:*.txz=01;31:*.tzo=01;31:*.t7z=01;31:*.zip=01;31:*.z=01;31:*.dz=01;31:*.gz=01;31:*.lrz=01;31:*.lz=01;31:*.lzo=01;31:*.xz=01;31:*.zst=01;31:*.tzst=01;31:*.bz2=01;31:*.bz=01;31:*.tbz=01;31:*.tbz2=01;31:*.tz=01;31:*.deb=01;31:*.rpm=01;31:*.jar=01;31:*.war=01;31:*.ear=01;31:*.sar=01;31:*.rar=01;31:*.alz=01;31:*.ace=01;31:*.zoo=01;31:*.cpio=01;31:*.7z=01;31:*.rz=01;31:*.cab=01;31:*.wim=01;31:*.swm=01;31:*.dwm=01;31:*.esd=01;31:*.jpg=01;35:*.jpeg=01;35:*.mjpg=01;35:*.mjpeg=01;35:*.gif=01;35:*.bmp=01;35:*.pbm=01;35:*.pgm=01;35:*.ppm=01;35:*.tga=01;35:*.xbm=01;35:*.xpm=01;35:*.tif=01;35:*.tiff=01;35:*.png=01;35:*.svg=01;35:*.svgz=01;35:*.mng=01;35:*.pcx=01;35:*.mov=01;35:*.mpg=01;35:*.mpeg=01;35:*.m2v=01;35:*.mkv=01;35:*.webm=01;35:*.webp=01;35:*.ogm=01;35:*.mp4=01;35:*.m4v=01;35:*.mp4v=01;35:*.vob=01;35:*.qt=01;35:*.nuv=01;35:*.wmv=01;35:*.asf=01;35:*.rm=01;35:*.rmvb=01;35:*.flc=01;35:*.avi=01;35:*.fli=01;35:*.flv=01;35:*.gl=01;35:*.dl=01;35:*.xcf=01;35:*.xwd=01;35:*.yuv=01;35:*.cgm=01;35:*.emf=01;35:*.ogv=01;35:*.ogx=01;35:*.aac=00;36:*.au=00;36:*.flac=00;36:*.m4a=00;36:*.mid=00;36:*.midi=00;36:*.mka=00;36:*.mp3=00;36:*.mpc=00;36:*.ogg=00;36:*.ra=00;36:*.wav=00;36:*.oga=00;36:*.opus=00;36:*.spx=00;36:*.xspf=00;36:'), ('VSCODE_GIT_IPC_HANDLE', '/run/user/1000/vscode-git-ebf8d60c65.sock'), ('TERM_PROGRAM', 'vscode'), ('AMENT_PREFIX_PATH', '/opt/ros/humble'), ('SHELL', '/bin/bash'), ('LESSCLOSE', '/usr/bin/lesspipe %s %s'), ('VSCODE_GIT_ASKPASS_EXTRA_ARGS', ''), ('PWD', '/home/vigma/ros2_ws/build/cell_controller'), ('XDG_DATA_DIRS', '/usr/local/share:/usr/share:/var/lib/snapd/desktop'), ('PYTHONPATH', '/opt/ros/humble/lib/python3.10/site-packages:/opt/ros/humble/local/lib/python3.10/dist-packages'), ('COLCON', '1'), ('WSL2_GUI_APPS_ENABLED', '1'), ('HOSTTYPE', 'x86_64'), ('WSLENV', 'VSCODE_WSL_EXT_LOCATION/up'), ('CMAKE_PREFIX_PATH', '/opt/ros/humble')]), 'shell': False}
[15.210428] (-) TimerEvent: {}
[15.311245] (-) TimerEvent: {}
[15.380205] (cell_controller) StdoutLine: {'line': b'[ 50%] \x1b[32mBuilding CXX object CMakeFiles/cell_controller.dir/src/controller.cpp.o\x1b[0m\n'}
[15.411372] (-) TimerEvent: {}
[15.512258] (-) TimerEvent: {}
[15.528286] (emergency_node) StdoutLine: {'line': b'-- Performing Test CMAKE_HAVE_LIBC_PTHREAD - Success\n'}
[15.529397] (door_node) StdoutLine: {'line': b'-- Performing Test CMAKE_HAVE_LIBC_PTHREAD - Success\n'}
[15.534437] (door_node) StdoutLine: {'line': b'-- Found Threads: TRUE  \n'}
[15.536698] (emergency_node) StdoutLine: {'line': b'-- Found Threads: TRUE  \n'}
[15.612453] (-) TimerEvent: {}
[15.686591] (door_node) StdoutLine: {'line': b'-- Found ament_lint_auto: 0.12.15 (/opt/ros/humble/share/ament_lint_auto/cmake)\n'}
[15.692473] (emergency_node) StdoutLine: {'line': b'-- Found ament_lint_auto: 0.12.15 (/opt/ros/humble/share/ament_lint_auto/cmake)\n'}
[15.712692] (-) TimerEvent: {}
[15.813379] (-) TimerEvent: {}
[15.914022] (-) TimerEvent: {}
[15.953913] (door_node) StdoutLine: {'line': b"-- Added test 'cppcheck' to perform static code analysis on C / C++ code\n"}
[15.954791] (door_node) StdoutLine: {'line': b'-- Configured cppcheck include dirs: \n'}
[15.955229] (door_node) StdoutLine: {'line': b'-- Configured cppcheck exclude dirs and/or files: \n'}
[15.957884] (emergency_node) StdoutLine: {'line': b"-- Added test 'cppcheck' to perform static code analysis on C / C++ code\n"}
[15.958768] (emergency_node) StdoutLine: {'line': b'-- Configured cppcheck include dirs: \n'}
[15.959165] (emergency_node) StdoutLine: {'line': b'-- Configured cppcheck exclude dirs and/or files: \n'}
[15.959335] (door_node) StdoutLine: {'line': b"-- Added test 'lint_cmake' to check CMake code style\n"}
[15.961880] (emergency_node) StdoutLine: {'line': b"-- Added test 'lint_cmake' to check CMake code style\n"}
[15.962780] (door_node) StdoutLine: {'line': b"-- Added test 'uncrustify' to check C / C++ code style\n"}
[15.963323] (door_node) StdoutLine: {'line': b'-- Configured uncrustify additional arguments: \n'}
[15.966204] (door_node) StdoutLine: {'line': b"-- Added test 'xmllint' to check XML markup files\n"}
[15.966595] (emergency_node) StdoutLine: {'line': b"-- Added test 'uncrustify' to check C / C++ code style\n"}
[15.966783] (emergency_node) StdoutLine: {'line': b'-- Configured uncrustify additional arguments: \n'}
[15.969500] (emergency_node) StdoutLine: {'line': b"-- Added test 'xmllint' to check XML markup files\n"}
[15.974465] (door_node) StdoutLine: {'line': b'-- Configuring done\n'}
[15.977513] (emergency_node) StdoutLine: {'line': b'-- Configuring done\n'}
[16.014227] (-) TimerEvent: {}
[16.023931] (emergency_node) StdoutLine: {'line': b'-- Generating done\n'}
[16.025063] (door_node) StdoutLine: {'line': b'-- Generating done\n'}
[16.043324] (emergency_node) StdoutLine: {'line': b'-- Build files have been written to: /home/vigma/ros2_ws/build/emergency_node\n'}
[16.045527] (door_node) StdoutLine: {'line': b'-- Build files have been written to: /home/vigma/ros2_ws/build/door_node\n'}
[16.070660] (emergency_node) CommandEnded: {'returncode': 0}
[16.072944] (emergency_node) JobProgress: {'identifier': 'emergency_node', 'progress': 'build'}
[16.076285] (emergency_node) Command: {'cmd': ['/usr/bin/cmake', '--build', '/home/vigma/ros2_ws/build/emergency_node', '--', '-j16', '-l16'], 'cwd': '/home/vigma/ros2_ws/build/emergency_node', 'env': OrderedDict([('LESSOPEN', '| /usr/bin/lesspipe %s'), ('USER', 'vigma'), ('GIT_ASKPASS', '/home/vigma/.vscode-server/bin/8b640eef5a6c6089c029249d48efa5c99adf7d51/extensions/git/dist/askpass.sh'), ('SHLVL', '1'), ('LD_LIBRARY_PATH', '/opt/ros/humble/opt/rviz_ogre_vendor/lib:/opt/ros/humble/lib/x86_64-linux-gnu:/opt/ros/humble/lib'), ('HOME', '/home/vigma'), ('TERM_PROGRAM_VERSION', '1.119.0'), ('VSCODE_IPC_HOOK_CLI', '/run/user/1000/vscode-ipc-a5912d3e-cb78-4d8d-a9db-ac14556ff1d0.sock'), ('ROS_PYTHON_VERSION', '3'), ('VSCODE_GIT_ASKPASS_MAIN', '/home/vigma/.vscode-server/bin/8b640eef5a6c6089c029249d48efa5c99adf7d51/extensions/git/dist/askpass-main.js'), ('VSCODE_GIT_ASKPASS_NODE', '/home/vigma/.vscode-server/bin/8b640eef5a6c6089c029249d48efa5c99adf7d51/node'), ('VSCODE_PYTHON_AUTOACTIVATE_GUARD', '1'), ('DBUS_SESSION_BUS_ADDRESS', 'unix:path=/run/user/1000/bus'), ('COLORTERM', 'truecolor'), ('WSL_DISTRO_NAME', 'Ubuntu-22.04'), ('WAYLAND_DISPLAY', 'wayland-0'), ('ROS_DISTRO', 'humble'), ('LOGNAME', 'vigma'), ('NAME', 'Vigneshu'), ('WSL_INTEROP', '/run/WSL/22046_interop'), ('PULSE_SERVER', 'unix:/mnt/wslg/PulseServer'), ('_', '/usr/bin/colcon'), ('ROS_VERSION', '2'), ('TERM', 'xterm-256color'), ('ROS_LOCALHOST_ONLY', '0'), ('PATH', '/home/vigma/.vscode-server/data/User/globalStorage/github.copilot-chat/debugCommand:/home/vigma/.vscode-server/data/User/globalStorage/github.copilot-chat/copilotCli:/home/vigma/.vscode-server/bin/8b640eef5a6c6089c029249d48efa5c99adf7d51/bin/remote-cli:/opt/ros/humble/bin:/usr/local/sbin:/usr/local/bin:/usr/sbin:/usr/bin:/sbin:/bin:/usr/games:/usr/local/games:/usr/lib/wsl/lib:/mnt/c/Users/vigma/AppData/Local/Programs/Microsoft VS Code:/mnt/c/Python314/Scripts/:/mnt/c/Python314/:/mnt/c/WINDOWS/system32:/mnt/c/WINDOWS:/mnt/c/WINDOWS/System32/Wbem:/mnt/c/WINDOWS/System32/WindowsPowerShell/v1.0/:/mnt/c/WINDOWS/System32/OpenSSH/:/mnt/c/Program Files/PuTTY/:/mnt/c/Program Files (x86)/IncrediBuild:/mnt/c/Program Files (x86)/Windows Kits/10/Windows Performance Toolkit/:/mnt/c/ProgramData/chocolatey/bin:/mnt/c/Program Files/CMake/bin:/mnt/c/Users/vigma/.local/bin:/mnt/c/Users/vigma/AppData/Local/Microsoft/WindowsApps:/mnt/c/cygwin64/bin:/mnt/c/Users/vigma/AppData/Local/Programs/Microsoft VS Code/bin:/mnt/c/Program Files/SmartGit/git/bin:/mnt/c/Program Files/OpenSSL-Win64/bin:/snap/bin'), ('XDG_RUNTIME_DIR', '/run/user/1000/'), ('DISPLAY', ':0'), ('LANG', 'en_US.UTF-8'), ('LS_COLORS', 'rs=0:di=01;34:ln=01;36:mh=00:pi=40;33:so=01;35:do=01;35:bd=40;33;01:cd=40;33;01:or=40;31;01:mi=00:su=37;41:sg=30;43:ca=30;41:tw=30;42:ow=34;42:st=37;44:ex=01;32:*.tar=01;31:*.tgz=01;31:*.arc=01;31:*.arj=01;31:*.taz=01;31:*.lha=01;31:*.lz4=01;31:*.lzh=01;31:*.lzma=01;31:*.tlz=01;31:*.txz=01;31:*.tzo=01;31:*.t7z=01;31:*.zip=01;31:*.z=01;31:*.dz=01;31:*.gz=01;31:*.lrz=01;31:*.lz=01;31:*.lzo=01;31:*.xz=01;31:*.zst=01;31:*.tzst=01;31:*.bz2=01;31:*.bz=01;31:*.tbz=01;31:*.tbz2=01;31:*.tz=01;31:*.deb=01;31:*.rpm=01;31:*.jar=01;31:*.war=01;31:*.ear=01;31:*.sar=01;31:*.rar=01;31:*.alz=01;31:*.ace=01;31:*.zoo=01;31:*.cpio=01;31:*.7z=01;31:*.rz=01;31:*.cab=01;31:*.wim=01;31:*.swm=01;31:*.dwm=01;31:*.esd=01;31:*.jpg=01;35:*.jpeg=01;35:*.mjpg=01;35:*.mjpeg=01;35:*.gif=01;35:*.bmp=01;35:*.pbm=01;35:*.pgm=01;35:*.ppm=01;35:*.tga=01;35:*.xbm=01;35:*.xpm=01;35:*.tif=01;35:*.tiff=01;35:*.png=01;35:*.svg=01;35:*.svgz=01;35:*.mng=01;35:*.pcx=01;35:*.mov=01;35:*.mpg=01;35:*.mpeg=01;35:*.m2v=01;35:*.mkv=01;35:*.webm=01;35:*.webp=01;35:*.ogm=01;35:*.mp4=01;35:*.m4v=01;35:*.mp4v=01;35:*.vob=01;35:*.qt=01;35:*.nuv=01;35:*.wmv=01;35:*.asf=01;35:*.rm=01;35:*.rmvb=01;35:*.flc=01;35:*.avi=01;35:*.fli=01;35:*.flv=01;35:*.gl=01;35:*.dl=01;35:*.xcf=01;35:*.xwd=01;35:*.yuv=01;35:*.cgm=01;35:*.emf=01;35:*.ogv=01;35:*.ogx=01;35:*.aac=00;36:*.au=00;36:*.flac=00;36:*.m4a=00;36:*.mid=00;36:*.midi=00;36:*.mka=00;36:*.mp3=00;36:*.mpc=00;36:*.ogg=00;36:*.ra=00;36:*.wav=00;36:*.oga=00;36:*.opus=00;36:*.spx=00;36:*.xspf=00;36:'), ('VSCODE_GIT_IPC_HANDLE', '/run/user/1000/vscode-git-ebf8d60c65.sock'), ('TERM_PROGRAM', 'vscode'), ('AMENT_PREFIX_PATH', '/opt/ros/humble'), ('SHELL', '/bin/bash'), ('LESSCLOSE', '/usr/bin/lesspipe %s %s'), ('VSCODE_GIT_ASKPASS_EXTRA_ARGS', ''), ('PWD', '/home/vigma/ros2_ws/build/emergency_node'), ('XDG_DATA_DIRS', '/usr/local/share:/usr/share:/var/lib/snapd/desktop'), ('PYTHONPATH', '/opt/ros/humble/lib/python3.10/site-packages:/opt/ros/humble/local/lib/python3.10/dist-packages'), ('COLCON', '1'), ('WSL2_GUI_APPS_ENABLED', '1'), ('HOSTTYPE', 'x86_64'), ('WSLENV', 'VSCODE_WSL_EXT_LOCATION/up'), ('CMAKE_PREFIX_PATH', '/opt/ros/humble')]), 'shell': False}
[16.083338] (door_node) CommandEnded: {'returncode': 0}
[16.086213] (door_node) JobProgress: {'identifier': 'door_node', 'progress': 'build'}
[16.089924] (door_node) Command: {'cmd': ['/usr/bin/cmake', '--build', '/home/vigma/ros2_ws/build/door_node', '--', '-j16', '-l16'], 'cwd': '/home/vigma/ros2_ws/build/door_node', 'env': OrderedDict([('LESSOPEN', '| /usr/bin/lesspipe %s'), ('USER', 'vigma'), ('GIT_ASKPASS', '/home/vigma/.vscode-server/bin/8b640eef5a6c6089c029249d48efa5c99adf7d51/extensions/git/dist/askpass.sh'), ('SHLVL', '1'), ('LD_LIBRARY_PATH', '/opt/ros/humble/opt/rviz_ogre_vendor/lib:/opt/ros/humble/lib/x86_64-linux-gnu:/opt/ros/humble/lib'), ('HOME', '/home/vigma'), ('TERM_PROGRAM_VERSION', '1.119.0'), ('VSCODE_IPC_HOOK_CLI', '/run/user/1000/vscode-ipc-a5912d3e-cb78-4d8d-a9db-ac14556ff1d0.sock'), ('ROS_PYTHON_VERSION', '3'), ('VSCODE_GIT_ASKPASS_MAIN', '/home/vigma/.vscode-server/bin/8b640eef5a6c6089c029249d48efa5c99adf7d51/extensions/git/dist/askpass-main.js'), ('VSCODE_GIT_ASKPASS_NODE', '/home/vigma/.vscode-server/bin/8b640eef5a6c6089c029249d48efa5c99adf7d51/node'), ('VSCODE_PYTHON_AUTOACTIVATE_GUARD', '1'), ('DBUS_SESSION_BUS_ADDRESS', 'unix:path=/run/user/1000/bus'), ('COLORTERM', 'truecolor'), ('WSL_DISTRO_NAME', 'Ubuntu-22.04'), ('WAYLAND_DISPLAY', 'wayland-0'), ('ROS_DISTRO', 'humble'), ('LOGNAME', 'vigma'), ('NAME', 'Vigneshu'), ('WSL_INTEROP', '/run/WSL/22046_interop'), ('PULSE_SERVER', 'unix:/mnt/wslg/PulseServer'), ('_', '/usr/bin/colcon'), ('ROS_VERSION', '2'), ('TERM', 'xterm-256color'), ('ROS_LOCALHOST_ONLY', '0'), ('PATH', '/home/vigma/.vscode-server/data/User/globalStorage/github.copilot-chat/debugCommand:/home/vigma/.vscode-server/data/User/globalStorage/github.copilot-chat/copilotCli:/home/vigma/.vscode-server/bin/8b640eef5a6c6089c029249d48efa5c99adf7d51/bin/remote-cli:/opt/ros/humble/bin:/usr/local/sbin:/usr/local/bin:/usr/sbin:/usr/bin:/sbin:/bin:/usr/games:/usr/local/games:/usr/lib/wsl/lib:/mnt/c/Users/vigma/AppData/Local/Programs/Microsoft VS Code:/mnt/c/Python314/Scripts/:/mnt/c/Python314/:/mnt/c/WINDOWS/system32:/mnt/c/WINDOWS:/mnt/c/WINDOWS/System32/Wbem:/mnt/c/WINDOWS/System32/WindowsPowerShell/v1.0/:/mnt/c/WINDOWS/System32/OpenSSH/:/mnt/c/Program Files/PuTTY/:/mnt/c/Program Files (x86)/IncrediBuild:/mnt/c/Program Files (x86)/Windows Kits/10/Windows Performance Toolkit/:/mnt/c/ProgramData/chocolatey/bin:/mnt/c/Program Files/CMake/bin:/mnt/c/Users/vigma/.local/bin:/mnt/c/Users/vigma/AppData/Local/Microsoft/WindowsApps:/mnt/c/cygwin64/bin:/mnt/c/Users/vigma/AppData/Local/Programs/Microsoft VS Code/bin:/mnt/c/Program Files/SmartGit/git/bin:/mnt/c/Program Files/OpenSSL-Win64/bin:/snap/bin'), ('XDG_RUNTIME_DIR', '/run/user/1000/'), ('DISPLAY', ':0'), ('LANG', 'en_US.UTF-8'), ('LS_COLORS', 'rs=0:di=01;34:ln=01;36:mh=00:pi=40;33:so=01;35:do=01;35:bd=40;33;01:cd=40;33;01:or=40;31;01:mi=00:su=37;41:sg=30;43:ca=30;41:tw=30;42:ow=34;42:st=37;44:ex=01;32:*.tar=01;31:*.tgz=01;31:*.arc=01;31:*.arj=01;31:*.taz=01;31:*.lha=01;31:*.lz4=01;31:*.lzh=01;31:*.lzma=01;31:*.tlz=01;31:*.txz=01;31:*.tzo=01;31:*.t7z=01;31:*.zip=01;31:*.z=01;31:*.dz=01;31:*.gz=01;31:*.lrz=01;31:*.lz=01;31:*.lzo=01;31:*.xz=01;31:*.zst=01;31:*.tzst=01;31:*.bz2=01;31:*.bz=01;31:*.tbz=01;31:*.tbz2=01;31:*.tz=01;31:*.deb=01;31:*.rpm=01;31:*.jar=01;31:*.war=01;31:*.ear=01;31:*.sar=01;31:*.rar=01;31:*.alz=01;31:*.ace=01;31:*.zoo=01;31:*.cpio=01;31:*.7z=01;31:*.rz=01;31:*.cab=01;31:*.wim=01;31:*.swm=01;31:*.dwm=01;31:*.esd=01;31:*.jpg=01;35:*.jpeg=01;35:*.mjpg=01;35:*.mjpeg=01;35:*.gif=01;35:*.bmp=01;35:*.pbm=01;35:*.pgm=01;35:*.ppm=01;35:*.tga=01;35:*.xbm=01;35:*.xpm=01;35:*.tif=01;35:*.tiff=01;35:*.png=01;35:*.svg=01;35:*.svgz=01;35:*.mng=01;35:*.pcx=01;35:*.mov=01;35:*.mpg=01;35:*.mpeg=01;35:*.m2v=01;35:*.mkv=01;35:*.webm=01;35:*.webp=01;35:*.ogm=01;35:*.mp4=01;35:*.m4v=01;35:*.mp4v=01;35:*.vob=01;35:*.qt=01;35:*.nuv=01;35:*.wmv=01;35:*.asf=01;35:*.rm=01;35:*.rmvb=01;35:*.flc=01;35:*.avi=01;35:*.fli=01;35:*.flv=01;35:*.gl=01;35:*.dl=01;35:*.xcf=01;35:*.xwd=01;35:*.yuv=01;35:*.cgm=01;35:*.emf=01;35:*.ogv=01;35:*.ogx=01;35:*.aac=00;36:*.au=00;36:*.flac=00;36:*.m4a=00;36:*.mid=00;36:*.midi=00;36:*.mka=00;36:*.mp3=00;36:*.mpc=00;36:*.ogg=00;36:*.ra=00;36:*.wav=00;36:*.oga=00;36:*.opus=00;36:*.spx=00;36:*.xspf=00;36:'), ('VSCODE_GIT_IPC_HANDLE', '/run/user/1000/vscode-git-ebf8d60c65.sock'), ('TERM_PROGRAM', 'vscode'), ('AMENT_PREFIX_PATH', '/opt/ros/humble'), ('SHELL', '/bin/bash'), ('LESSCLOSE', '/usr/bin/lesspipe %s %s'), ('VSCODE_GIT_ASKPASS_EXTRA_ARGS', ''), ('PWD', '/home/vigma/ros2_ws/build/door_node'), ('XDG_DATA_DIRS', '/usr/local/share:/usr/share:/var/lib/snapd/desktop'), ('PYTHONPATH', '/opt/ros/humble/lib/python3.10/site-packages:/opt/ros/humble/local/lib/python3.10/dist-packages'), ('COLCON', '1'), ('WSL2_GUI_APPS_ENABLED', '1'), ('HOSTTYPE', 'x86_64'), ('WSLENV', 'VSCODE_WSL_EXT_LOCATION/up'), ('CMAKE_PREFIX_PATH', '/opt/ros/humble')]), 'shell': False}
[16.114520] (-) TimerEvent: {}
[16.215340] (-) TimerEvent: {}
[16.247652] (emergency_node) StdoutLine: {'line': b'[ 50%] \x1b[32mBuilding CXX object CMakeFiles/emergency_node.dir/src/emergency_node.cpp.o\x1b[0m\n'}
[16.269816] (door_node) StdoutLine: {'line': b'[ 50%] \x1b[32mBuilding CXX object CMakeFiles/door_node.dir/src/door_node.cpp.o\x1b[0m\n'}
[16.315641] (-) TimerEvent: {}
[16.416450] (-) TimerEvent: {}
[16.517117] (-) TimerEvent: {}
[16.617788] (-) TimerEvent: {}
[16.718470] (-) TimerEvent: {}
[16.819241] (-) TimerEvent: {}
[16.920173] (-) TimerEvent: {}
[17.005593] (barcode_node) StdoutLine: {'line': b"-- Using RMW implementation 'rmw_fastrtps_cpp' as default\n"}
[17.020393] (-) TimerEvent: {}
[17.027850] (barcode_node) StdoutLine: {'line': b'-- Looking for pthread.h\n'}
[17.120563] (-) TimerEvent: {}
[17.221226] (-) TimerEvent: {}
[17.322094] (-) TimerEvent: {}
[17.422980] (-) TimerEvent: {}
[17.523713] (-) TimerEvent: {}
[17.562737] (barcode_node) StdoutLine: {'line': b'-- Looking for pthread.h - found\n'}
[17.564883] (barcode_node) StdoutLine: {'line': b'-- Performing Test CMAKE_HAVE_LIBC_PTHREAD\n'}
[17.623935] (-) TimerEvent: {}
[17.724798] (-) TimerEvent: {}
[17.825551] (-) TimerEvent: {}
[17.926360] (-) TimerEvent: {}
[18.027077] (-) TimerEvent: {}
[18.075558] (barcode_node) StdoutLine: {'line': b'-- Performing Test CMAKE_HAVE_LIBC_PTHREAD - Success\n'}
[18.080070] (barcode_node) StdoutLine: {'line': b'-- Found Threads: TRUE  \n'}
[18.127293] (-) TimerEvent: {}
[18.227270] (stacklight_node) StdoutLine: {'line': b"-- Using RMW implementation 'rmw_fastrtps_cpp' as default\n"}
[18.227897] (-) TimerEvent: {}
[18.229714] (barcode_node) StdoutLine: {'line': b'-- Found ament_lint_auto: 0.12.15 (/opt/ros/humble/share/ament_lint_auto/cmake)\n'}
[18.253247] (stacklight_node) StdoutLine: {'line': b'-- Looking for pthread.h\n'}
[18.328063] (-) TimerEvent: {}
[18.428799] (-) TimerEvent: {}
[18.514012] (barcode_node) StdoutLine: {'line': b"-- Added test 'cppcheck' to perform static code analysis on C / C++ code\n"}
[18.514931] (barcode_node) StdoutLine: {'line': b'-- Configured cppcheck include dirs: \n'}
[18.515414] (barcode_node) StdoutLine: {'line': b'-- Configured cppcheck exclude dirs and/or files: \n'}
[18.518311] (barcode_node) StdoutLine: {'line': b"-- Added test 'lint_cmake' to check CMake code style\n"}
[18.523294] (barcode_node) StdoutLine: {'line': b"-- Added test 'uncrustify' to check C / C++ code style\n"}
[18.524362] (barcode_node) StdoutLine: {'line': b'-- Configured uncrustify additional arguments: \n'}
[18.527062] (barcode_node) StdoutLine: {'line': b"-- Added test 'xmllint' to check XML markup files\n"}
[18.528958] (-) TimerEvent: {}
[18.536480] (barcode_node) StdoutLine: {'line': b'-- Configuring done\n'}
[18.596835] (barcode_node) StdoutLine: {'line': b'-- Generating done\n'}
[18.611899] (barcode_node) StdoutLine: {'line': b'-- Build files have been written to: /home/vigma/ros2_ws/build/barcode_node\n'}
[18.629167] (-) TimerEvent: {}
[18.637688] (barcode_node) CommandEnded: {'returncode': 0}
[18.643763] (barcode_node) JobProgress: {'identifier': 'barcode_node', 'progress': 'build'}
[18.644703] (barcode_node) Command: {'cmd': ['/usr/bin/cmake', '--build', '/home/vigma/ros2_ws/build/barcode_node', '--', '-j16', '-l16'], 'cwd': '/home/vigma/ros2_ws/build/barcode_node', 'env': OrderedDict([('LESSOPEN', '| /usr/bin/lesspipe %s'), ('USER', 'vigma'), ('GIT_ASKPASS', '/home/vigma/.vscode-server/bin/8b640eef5a6c6089c029249d48efa5c99adf7d51/extensions/git/dist/askpass.sh'), ('SHLVL', '1'), ('LD_LIBRARY_PATH', '/opt/ros/humble/opt/rviz_ogre_vendor/lib:/opt/ros/humble/lib/x86_64-linux-gnu:/opt/ros/humble/lib'), ('HOME', '/home/vigma'), ('TERM_PROGRAM_VERSION', '1.119.0'), ('VSCODE_IPC_HOOK_CLI', '/run/user/1000/vscode-ipc-a5912d3e-cb78-4d8d-a9db-ac14556ff1d0.sock'), ('ROS_PYTHON_VERSION', '3'), ('VSCODE_GIT_ASKPASS_MAIN', '/home/vigma/.vscode-server/bin/8b640eef5a6c6089c029249d48efa5c99adf7d51/extensions/git/dist/askpass-main.js'), ('VSCODE_GIT_ASKPASS_NODE', '/home/vigma/.vscode-server/bin/8b640eef5a6c6089c029249d48efa5c99adf7d51/node'), ('VSCODE_PYTHON_AUTOACTIVATE_GUARD', '1'), ('DBUS_SESSION_BUS_ADDRESS', 'unix:path=/run/user/1000/bus'), ('COLORTERM', 'truecolor'), ('WSL_DISTRO_NAME', 'Ubuntu-22.04'), ('WAYLAND_DISPLAY', 'wayland-0'), ('ROS_DISTRO', 'humble'), ('LOGNAME', 'vigma'), ('NAME', 'Vigneshu'), ('WSL_INTEROP', '/run/WSL/22046_interop'), ('PULSE_SERVER', 'unix:/mnt/wslg/PulseServer'), ('_', '/usr/bin/colcon'), ('ROS_VERSION', '2'), ('TERM', 'xterm-256color'), ('ROS_LOCALHOST_ONLY', '0'), ('PATH', '/home/vigma/.vscode-server/data/User/globalStorage/github.copilot-chat/debugCommand:/home/vigma/.vscode-server/data/User/globalStorage/github.copilot-chat/copilotCli:/home/vigma/.vscode-server/bin/8b640eef5a6c6089c029249d48efa5c99adf7d51/bin/remote-cli:/opt/ros/humble/bin:/usr/local/sbin:/usr/local/bin:/usr/sbin:/usr/bin:/sbin:/bin:/usr/games:/usr/local/games:/usr/lib/wsl/lib:/mnt/c/Users/vigma/AppData/Local/Programs/Microsoft VS Code:/mnt/c/Python314/Scripts/:/mnt/c/Python314/:/mnt/c/WINDOWS/system32:/mnt/c/WINDOWS:/mnt/c/WINDOWS/System32/Wbem:/mnt/c/WINDOWS/System32/WindowsPowerShell/v1.0/:/mnt/c/WINDOWS/System32/OpenSSH/:/mnt/c/Program Files/PuTTY/:/mnt/c/Program Files (x86)/IncrediBuild:/mnt/c/Program Files (x86)/Windows Kits/10/Windows Performance Toolkit/:/mnt/c/ProgramData/chocolatey/bin:/mnt/c/Program Files/CMake/bin:/mnt/c/Users/vigma/.local/bin:/mnt/c/Users/vigma/AppData/Local/Microsoft/WindowsApps:/mnt/c/cygwin64/bin:/mnt/c/Users/vigma/AppData/Local/Programs/Microsoft VS Code/bin:/mnt/c/Program Files/SmartGit/git/bin:/mnt/c/Program Files/OpenSSL-Win64/bin:/snap/bin'), ('XDG_RUNTIME_DIR', '/run/user/1000/'), ('DISPLAY', ':0'), ('LANG', 'en_US.UTF-8'), ('LS_COLORS', 'rs=0:di=01;34:ln=01;36:mh=00:pi=40;33:so=01;35:do=01;35:bd=40;33;01:cd=40;33;01:or=40;31;01:mi=00:su=37;41:sg=30;43:ca=30;41:tw=30;42:ow=34;42:st=37;44:ex=01;32:*.tar=01;31:*.tgz=01;31:*.arc=01;31:*.arj=01;31:*.taz=01;31:*.lha=01;31:*.lz4=01;31:*.lzh=01;31:*.lzma=01;31:*.tlz=01;31:*.txz=01;31:*.tzo=01;31:*.t7z=01;31:*.zip=01;31:*.z=01;31:*.dz=01;31:*.gz=01;31:*.lrz=01;31:*.lz=01;31:*.lzo=01;31:*.xz=01;31:*.zst=01;31:*.tzst=01;31:*.bz2=01;31:*.bz=01;31:*.tbz=01;31:*.tbz2=01;31:*.tz=01;31:*.deb=01;31:*.rpm=01;31:*.jar=01;31:*.war=01;31:*.ear=01;31:*.sar=01;31:*.rar=01;31:*.alz=01;31:*.ace=01;31:*.zoo=01;31:*.cpio=01;31:*.7z=01;31:*.rz=01;31:*.cab=01;31:*.wim=01;31:*.swm=01;31:*.dwm=01;31:*.esd=01;31:*.jpg=01;35:*.jpeg=01;35:*.mjpg=01;35:*.mjpeg=01;35:*.gif=01;35:*.bmp=01;35:*.pbm=01;35:*.pgm=01;35:*.ppm=01;35:*.tga=01;35:*.xbm=01;35:*.xpm=01;35:*.tif=01;35:*.tiff=01;35:*.png=01;35:*.svg=01;35:*.svgz=01;35:*.mng=01;35:*.pcx=01;35:*.mov=01;35:*.mpg=01;35:*.mpeg=01;35:*.m2v=01;35:*.mkv=01;35:*.webm=01;35:*.webp=01;35:*.ogm=01;35:*.mp4=01;35:*.m4v=01;35:*.mp4v=01;35:*.vob=01;35:*.qt=01;35:*.nuv=01;35:*.wmv=01;35:*.asf=01;35:*.rm=01;35:*.rmvb=01;35:*.flc=01;35:*.avi=01;35:*.fli=01;35:*.flv=01;35:*.gl=01;35:*.dl=01;35:*.xcf=01;35:*.xwd=01;35:*.yuv=01;35:*.cgm=01;35:*.emf=01;35:*.ogv=01;35:*.ogx=01;35:*.aac=00;36:*.au=00;36:*.flac=00;36:*.m4a=00;36:*.mid=00;36:*.midi=00;36:*.mka=00;36:*.mp3=00;36:*.mpc=00;36:*.ogg=00;36:*.ra=00;36:*.wav=00;36:*.oga=00;36:*.opus=00;36:*.spx=00;36:*.xspf=00;36:'), ('VSCODE_GIT_IPC_HANDLE', '/run/user/1000/vscode-git-ebf8d60c65.sock'), ('TERM_PROGRAM', 'vscode'), ('AMENT_PREFIX_PATH', '/opt/ros/humble'), ('SHELL', '/bin/bash'), ('LESSCLOSE', '/usr/bin/lesspipe %s %s'), ('VSCODE_GIT_ASKPASS_EXTRA_ARGS', ''), ('PWD', '/home/vigma/ros2_ws/build/barcode_node'), ('XDG_DATA_DIRS', '/usr/local/share:/usr/share:/var/lib/snapd/desktop'), ('PYTHONPATH', '/opt/ros/humble/lib/python3.10/site-packages:/opt/ros/humble/local/lib/python3.10/dist-packages'), ('COLCON', '1'), ('WSL2_GUI_APPS_ENABLED', '1'), ('HOSTTYPE', 'x86_64'), ('WSLENV', 'VSCODE_WSL_EXT_LOCATION/up'), ('CMAKE_PREFIX_PATH', '/opt/ros/humble')]), 'shell': False}
[18.729512] (-) TimerEvent: {}
[18.817996] (stacklight_node) StdoutLine: {'line': b'-- Looking for pthread.h - found\n'}
[18.820338] (stacklight_node) StdoutLine: {'line': b'-- Performing Test CMAKE_HAVE_LIBC_PTHREAD\n'}
[18.829762] (-) TimerEvent: {}
[18.858557] (barcode_node) StdoutLine: {'line': b'[ 50%] \x1b[32mBuilding CXX object CMakeFiles/barcode_node.dir/src/barcode_node.cpp.o\x1b[0m\n'}
[18.929986] (-) TimerEvent: {}
[19.030785] (-) TimerEvent: {}
[19.131688] (-) TimerEvent: {}
[19.232472] (-) TimerEvent: {}
[19.333324] (-) TimerEvent: {}
[19.334764] (stacklight_node) StdoutLine: {'line': b'-- Performing Test CMAKE_HAVE_LIBC_PTHREAD - Success\n'}
[19.338216] (stacklight_node) StdoutLine: {'line': b'-- Found Threads: TRUE  \n'}
[19.433539] (-) TimerEvent: {}
[19.500803] (stacklight_node) StdoutLine: {'line': b'-- Found ament_lint_auto: 0.12.15 (/opt/ros/humble/share/ament_lint_auto/cmake)\n'}
[19.533741] (-) TimerEvent: {}
[19.634481] (-) TimerEvent: {}
[19.735336] (-) TimerEvent: {}
[19.777810] (stacklight_node) StdoutLine: {'line': b"-- Added test 'cppcheck' to perform static code analysis on C / C++ code\n"}
[19.778387] (stacklight_node) StdoutLine: {'line': b'-- Configured cppcheck include dirs: \n'}
[19.778805] (stacklight_node) StdoutLine: {'line': b'-- Configured cppcheck exclude dirs and/or files: \n'}
[19.782195] (stacklight_node) StdoutLine: {'line': b"-- Added test 'lint_cmake' to check CMake code style\n"}
[19.786390] (stacklight_node) StdoutLine: {'line': b"-- Added test 'uncrustify' to check C / C++ code style\n"}
[19.787096] (stacklight_node) StdoutLine: {'line': b'-- Configured uncrustify additional arguments: \n'}
[19.789591] (stacklight_node) StdoutLine: {'line': b"-- Added test 'xmllint' to check XML markup files\n"}
[19.797807] (stacklight_node) StdoutLine: {'line': b'-- Configuring done\n'}
[19.835623] (-) TimerEvent: {}
[19.862397] (stacklight_node) StdoutLine: {'line': b'-- Generating done\n'}
[19.888537] (stacklight_node) StdoutLine: {'line': b'-- Build files have been written to: /home/vigma/ros2_ws/build/stacklight_node\n'}
[19.925852] (stacklight_node) CommandEnded: {'returncode': 0}
[19.931682] (stacklight_node) JobProgress: {'identifier': 'stacklight_node', 'progress': 'build'}
[19.932074] (stacklight_node) Command: {'cmd': ['/usr/bin/cmake', '--build', '/home/vigma/ros2_ws/build/stacklight_node', '--', '-j16', '-l16'], 'cwd': '/home/vigma/ros2_ws/build/stacklight_node', 'env': OrderedDict([('LESSOPEN', '| /usr/bin/lesspipe %s'), ('USER', 'vigma'), ('GIT_ASKPASS', '/home/vigma/.vscode-server/bin/8b640eef5a6c6089c029249d48efa5c99adf7d51/extensions/git/dist/askpass.sh'), ('SHLVL', '1'), ('LD_LIBRARY_PATH', '/opt/ros/humble/opt/rviz_ogre_vendor/lib:/opt/ros/humble/lib/x86_64-linux-gnu:/opt/ros/humble/lib'), ('HOME', '/home/vigma'), ('TERM_PROGRAM_VERSION', '1.119.0'), ('VSCODE_IPC_HOOK_CLI', '/run/user/1000/vscode-ipc-a5912d3e-cb78-4d8d-a9db-ac14556ff1d0.sock'), ('ROS_PYTHON_VERSION', '3'), ('VSCODE_GIT_ASKPASS_MAIN', '/home/vigma/.vscode-server/bin/8b640eef5a6c6089c029249d48efa5c99adf7d51/extensions/git/dist/askpass-main.js'), ('VSCODE_GIT_ASKPASS_NODE', '/home/vigma/.vscode-server/bin/8b640eef5a6c6089c029249d48efa5c99adf7d51/node'), ('VSCODE_PYTHON_AUTOACTIVATE_GUARD', '1'), ('DBUS_SESSION_BUS_ADDRESS', 'unix:path=/run/user/1000/bus'), ('COLORTERM', 'truecolor'), ('WSL_DISTRO_NAME', 'Ubuntu-22.04'), ('WAYLAND_DISPLAY', 'wayland-0'), ('ROS_DISTRO', 'humble'), ('LOGNAME', 'vigma'), ('NAME', 'Vigneshu'), ('WSL_INTEROP', '/run/WSL/22046_interop'), ('PULSE_SERVER', 'unix:/mnt/wslg/PulseServer'), ('_', '/usr/bin/colcon'), ('ROS_VERSION', '2'), ('TERM', 'xterm-256color'), ('ROS_LOCALHOST_ONLY', '0'), ('PATH', '/home/vigma/.vscode-server/data/User/globalStorage/github.copilot-chat/debugCommand:/home/vigma/.vscode-server/data/User/globalStorage/github.copilot-chat/copilotCli:/home/vigma/.vscode-server/bin/8b640eef5a6c6089c029249d48efa5c99adf7d51/bin/remote-cli:/opt/ros/humble/bin:/usr/local/sbin:/usr/local/bin:/usr/sbin:/usr/bin:/sbin:/bin:/usr/games:/usr/local/games:/usr/lib/wsl/lib:/mnt/c/Users/vigma/AppData/Local/Programs/Microsoft VS Code:/mnt/c/Python314/Scripts/:/mnt/c/Python314/:/mnt/c/WINDOWS/system32:/mnt/c/WINDOWS:/mnt/c/WINDOWS/System32/Wbem:/mnt/c/WINDOWS/System32/WindowsPowerShell/v1.0/:/mnt/c/WINDOWS/System32/OpenSSH/:/mnt/c/Program Files/PuTTY/:/mnt/c/Program Files (x86)/IncrediBuild:/mnt/c/Program Files (x86)/Windows Kits/10/Windows Performance Toolkit/:/mnt/c/ProgramData/chocolatey/bin:/mnt/c/Program Files/CMake/bin:/mnt/c/Users/vigma/.local/bin:/mnt/c/Users/vigma/AppData/Local/Microsoft/WindowsApps:/mnt/c/cygwin64/bin:/mnt/c/Users/vigma/AppData/Local/Programs/Microsoft VS Code/bin:/mnt/c/Program Files/SmartGit/git/bin:/mnt/c/Program Files/OpenSSL-Win64/bin:/snap/bin'), ('XDG_RUNTIME_DIR', '/run/user/1000/'), ('DISPLAY', ':0'), ('LANG', 'en_US.UTF-8'), ('LS_COLORS', 'rs=0:di=01;34:ln=01;36:mh=00:pi=40;33:so=01;35:do=01;35:bd=40;33;01:cd=40;33;01:or=40;31;01:mi=00:su=37;41:sg=30;43:ca=30;41:tw=30;42:ow=34;42:st=37;44:ex=01;32:*.tar=01;31:*.tgz=01;31:*.arc=01;31:*.arj=01;31:*.taz=01;31:*.lha=01;31:*.lz4=01;31:*.lzh=01;31:*.lzma=01;31:*.tlz=01;31:*.txz=01;31:*.tzo=01;31:*.t7z=01;31:*.zip=01;31:*.z=01;31:*.dz=01;31:*.gz=01;31:*.lrz=01;31:*.lz=01;31:*.lzo=01;31:*.xz=01;31:*.zst=01;31:*.tzst=01;31:*.bz2=01;31:*.bz=01;31:*.tbz=01;31:*.tbz2=01;31:*.tz=01;31:*.deb=01;31:*.rpm=01;31:*.jar=01;31:*.war=01;31:*.ear=01;31:*.sar=01;31:*.rar=01;31:*.alz=01;31:*.ace=01;31:*.zoo=01;31:*.cpio=01;31:*.7z=01;31:*.rz=01;31:*.cab=01;31:*.wim=01;31:*.swm=01;31:*.dwm=01;31:*.esd=01;31:*.jpg=01;35:*.jpeg=01;35:*.mjpg=01;35:*.mjpeg=01;35:*.gif=01;35:*.bmp=01;35:*.pbm=01;35:*.pgm=01;35:*.ppm=01;35:*.tga=01;35:*.xbm=01;35:*.xpm=01;35:*.tif=01;35:*.tiff=01;35:*.png=01;35:*.svg=01;35:*.svgz=01;35:*.mng=01;35:*.pcx=01;35:*.mov=01;35:*.mpg=01;35:*.mpeg=01;35:*.m2v=01;35:*.mkv=01;35:*.webm=01;35:*.webp=01;35:*.ogm=01;35:*.mp4=01;35:*.m4v=01;35:*.mp4v=01;35:*.vob=01;35:*.qt=01;35:*.nuv=01;35:*.wmv=01;35:*.asf=01;35:*.rm=01;35:*.rmvb=01;35:*.flc=01;35:*.avi=01;35:*.fli=01;35:*.flv=01;35:*.gl=01;35:*.dl=01;35:*.xcf=01;35:*.xwd=01;35:*.yuv=01;35:*.cgm=01;35:*.emf=01;35:*.ogv=01;35:*.ogx=01;35:*.aac=00;36:*.au=00;36:*.flac=00;36:*.m4a=00;36:*.mid=00;36:*.midi=00;36:*.mka=00;36:*.mp3=00;36:*.mpc=00;36:*.ogg=00;36:*.ra=00;36:*.wav=00;36:*.oga=00;36:*.opus=00;36:*.spx=00;36:*.xspf=00;36:'), ('VSCODE_GIT_IPC_HANDLE', '/run/user/1000/vscode-git-ebf8d60c65.sock'), ('TERM_PROGRAM', 'vscode'), ('AMENT_PREFIX_PATH', '/opt/ros/humble'), ('SHELL', '/bin/bash'), ('LESSCLOSE', '/usr/bin/lesspipe %s %s'), ('VSCODE_GIT_ASKPASS_EXTRA_ARGS', ''), ('PWD', '/home/vigma/ros2_ws/build/stacklight_node'), ('XDG_DATA_DIRS', '/usr/local/share:/usr/share:/var/lib/snapd/desktop'), ('PYTHONPATH', '/opt/ros/humble/lib/python3.10/site-packages:/opt/ros/humble/local/lib/python3.10/dist-packages'), ('COLCON', '1'), ('WSL2_GUI_APPS_ENABLED', '1'), ('HOSTTYPE', 'x86_64'), ('WSLENV', 'VSCODE_WSL_EXT_LOCATION/up'), ('CMAKE_PREFIX_PATH', '/opt/ros/humble')]), 'shell': False}
[19.935896] (-) TimerEvent: {}
[20.036655] (-) TimerEvent: {}
[20.136893] (stacklight_node) StdoutLine: {'line': b'[ 50%] \x1b[32mBuilding CXX object CMakeFiles/stacklight_node.dir/src/stacklight_node.cpp.o\x1b[0m\n'}
[20.137613] (-) TimerEvent: {}
[20.238616] (-) TimerEvent: {}
[20.339576] (-) TimerEvent: {}
[20.440300] (-) TimerEvent: {}
[20.540978] (-) TimerEvent: {}
[20.641668] (-) TimerEvent: {}
[20.742505] (-) TimerEvent: {}
[20.843347] (-) TimerEvent: {}
[20.944324] (-) TimerEvent: {}
[21.045235] (-) TimerEvent: {}
[21.146155] (-) TimerEvent: {}
[21.246919] (-) TimerEvent: {}
[21.347808] (-) TimerEvent: {}
[21.448505] (-) TimerEvent: {}
[21.549281] (-) TimerEvent: {}
[21.649987] (-) TimerEvent: {}
[21.750785] (-) TimerEvent: {}
[21.851598] (-) TimerEvent: {}
[21.952528] (-) TimerEvent: {}
[22.053388] (-) TimerEvent: {}
[22.154132] (-) TimerEvent: {}
[22.254907] (-) TimerEvent: {}
[22.355692] (-) TimerEvent: {}
[22.456446] (-) TimerEvent: {}
[22.557211] (-) TimerEvent: {}
[22.658102] (-) TimerEvent: {}
[22.758974] (-) TimerEvent: {}
[22.860007] (-) TimerEvent: {}
[22.960705] (-) TimerEvent: {}
[23.061538] (-) TimerEvent: {}
[23.162310] (-) TimerEvent: {}
[23.263029] (-) TimerEvent: {}
[23.363778] (-) TimerEvent: {}
[23.464603] (-) TimerEvent: {}
[23.565341] (-) TimerEvent: {}
[23.666115] (-) TimerEvent: {}
[23.766873] (-) TimerEvent: {}
[23.867747] (-) TimerEvent: {}
[23.968503] (-) TimerEvent: {}
[24.069292] (-) TimerEvent: {}
[24.169994] (-) TimerEvent: {}
[24.270649] (-) TimerEvent: {}
[24.371429] (-) TimerEvent: {}
[24.472230] (-) TimerEvent: {}
[24.573170] (-) TimerEvent: {}
[24.673882] (-) TimerEvent: {}
[24.774617] (-) TimerEvent: {}
[24.875287] (-) TimerEvent: {}
[24.976110] (-) TimerEvent: {}
[25.076856] (-) TimerEvent: {}
[25.177566] (-) TimerEvent: {}
[25.278351] (-) TimerEvent: {}
[25.379243] (-) TimerEvent: {}
[25.480124] (-) TimerEvent: {}
[25.580943] (-) TimerEvent: {}
[25.681769] (-) TimerEvent: {}
[25.782543] (-) TimerEvent: {}
[25.883415] (-) TimerEvent: {}
[25.984231] (-) TimerEvent: {}
[26.084997] (-) TimerEvent: {}
[26.185778] (-) TimerEvent: {}
[26.286598] (-) TimerEvent: {}
[26.387633] (-) TimerEvent: {}
[26.488361] (-) TimerEvent: {}
[26.589024] (-) TimerEvent: {}
[26.599345] (door_node) StdoutLine: {'line': b'[100%] \x1b[32m\x1b[1mLinking CXX executable door_node\x1b[0m\n'}
[26.627832] (cell_controller) StdoutLine: {'line': b'[100%] \x1b[32m\x1b[1mLinking CXX executable cell_controller\x1b[0m\n'}
[26.689142] (-) TimerEvent: {}
[26.782433] (emergency_node) StdoutLine: {'line': b'[100%] \x1b[32m\x1b[1mLinking CXX executable emergency_node\x1b[0m\n'}
[26.789352] (-) TimerEvent: {}
[26.890112] (-) TimerEvent: {}
[26.990817] (-) TimerEvent: {}
[27.091641] (-) TimerEvent: {}
[27.192427] (-) TimerEvent: {}
[27.293193] (-) TimerEvent: {}
[27.332023] (cell_controller) StdoutLine: {'line': b'[100%] Built target cell_controller\n'}
[27.348902] (door_node) StdoutLine: {'line': b'[100%] Built target door_node\n'}
[27.372003] (cell_controller) CommandEnded: {'returncode': 0}
[27.376085] (cell_controller) JobProgress: {'identifier': 'cell_controller', 'progress': 'install'}
[27.393460] (-) TimerEvent: {}
[27.403660] (cell_controller) Command: {'cmd': ['/usr/bin/cmake', '--install', '/home/vigma/ros2_ws/build/cell_controller'], 'cwd': '/home/vigma/ros2_ws/build/cell_controller', 'env': OrderedDict([('LESSOPEN', '| /usr/bin/lesspipe %s'), ('USER', 'vigma'), ('GIT_ASKPASS', '/home/vigma/.vscode-server/bin/8b640eef5a6c6089c029249d48efa5c99adf7d51/extensions/git/dist/askpass.sh'), ('SHLVL', '1'), ('LD_LIBRARY_PATH', '/opt/ros/humble/opt/rviz_ogre_vendor/lib:/opt/ros/humble/lib/x86_64-linux-gnu:/opt/ros/humble/lib'), ('HOME', '/home/vigma'), ('TERM_PROGRAM_VERSION', '1.119.0'), ('VSCODE_IPC_HOOK_CLI', '/run/user/1000/vscode-ipc-a5912d3e-cb78-4d8d-a9db-ac14556ff1d0.sock'), ('ROS_PYTHON_VERSION', '3'), ('VSCODE_GIT_ASKPASS_MAIN', '/home/vigma/.vscode-server/bin/8b640eef5a6c6089c029249d48efa5c99adf7d51/extensions/git/dist/askpass-main.js'), ('VSCODE_GIT_ASKPASS_NODE', '/home/vigma/.vscode-server/bin/8b640eef5a6c6089c029249d48efa5c99adf7d51/node'), ('VSCODE_PYTHON_AUTOACTIVATE_GUARD', '1'), ('DBUS_SESSION_BUS_ADDRESS', 'unix:path=/run/user/1000/bus'), ('COLORTERM', 'truecolor'), ('WSL_DISTRO_NAME', 'Ubuntu-22.04'), ('WAYLAND_DISPLAY', 'wayland-0'), ('ROS_DISTRO', 'humble'), ('LOGNAME', 'vigma'), ('NAME', 'Vigneshu'), ('WSL_INTEROP', '/run/WSL/22046_interop'), ('PULSE_SERVER', 'unix:/mnt/wslg/PulseServer'), ('_', '/usr/bin/colcon'), ('ROS_VERSION', '2'), ('TERM', 'xterm-256color'), ('ROS_LOCALHOST_ONLY', '0'), ('PATH', '/home/vigma/.vscode-server/data/User/globalStorage/github.copilot-chat/debugCommand:/home/vigma/.vscode-server/data/User/globalStorage/github.copilot-chat/copilotCli:/home/vigma/.vscode-server/bin/8b640eef5a6c6089c029249d48efa5c99adf7d51/bin/remote-cli:/opt/ros/humble/bin:/usr/local/sbin:/usr/local/bin:/usr/sbin:/usr/bin:/sbin:/bin:/usr/games:/usr/local/games:/usr/lib/wsl/lib:/mnt/c/Users/vigma/AppData/Local/Programs/Microsoft VS Code:/mnt/c/Python314/Scripts/:/mnt/c/Python314/:/mnt/c/WINDOWS/system32:/mnt/c/WINDOWS:/mnt/c/WINDOWS/System32/Wbem:/mnt/c/WINDOWS/System32/WindowsPowerShell/v1.0/:/mnt/c/WINDOWS/System32/OpenSSH/:/mnt/c/Program Files/PuTTY/:/mnt/c/Program Files (x86)/IncrediBuild:/mnt/c/Program Files (x86)/Windows Kits/10/Windows Performance Toolkit/:/mnt/c/ProgramData/chocolatey/bin:/mnt/c/Program Files/CMake/bin:/mnt/c/Users/vigma/.local/bin:/mnt/c/Users/vigma/AppData/Local/Microsoft/WindowsApps:/mnt/c/cygwin64/bin:/mnt/c/Users/vigma/AppData/Local/Programs/Microsoft VS Code/bin:/mnt/c/Program Files/SmartGit/git/bin:/mnt/c/Program Files/OpenSSL-Win64/bin:/snap/bin'), ('XDG_RUNTIME_DIR', '/run/user/1000/'), ('DISPLAY', ':0'), ('LANG', 'en_US.UTF-8'), ('LS_COLORS', 'rs=0:di=01;34:ln=01;36:mh=00:pi=40;33:so=01;35:do=01;35:bd=40;33;01:cd=40;33;01:or=40;31;01:mi=00:su=37;41:sg=30;43:ca=30;41:tw=30;42:ow=34;42:st=37;44:ex=01;32:*.tar=01;31:*.tgz=01;31:*.arc=01;31:*.arj=01;31:*.taz=01;31:*.lha=01;31:*.lz4=01;31:*.lzh=01;31:*.lzma=01;31:*.tlz=01;31:*.txz=01;31:*.tzo=01;31:*.t7z=01;31:*.zip=01;31:*.z=01;31:*.dz=01;31:*.gz=01;31:*.lrz=01;31:*.lz=01;31:*.lzo=01;31:*.xz=01;31:*.zst=01;31:*.tzst=01;31:*.bz2=01;31:*.bz=01;31:*.tbz=01;31:*.tbz2=01;31:*.tz=01;31:*.deb=01;31:*.rpm=01;31:*.jar=01;31:*.war=01;31:*.ear=01;31:*.sar=01;31:*.rar=01;31:*.alz=01;31:*.ace=01;31:*.zoo=01;31:*.cpio=01;31:*.7z=01;31:*.rz=01;31:*.cab=01;31:*.wim=01;31:*.swm=01;31:*.dwm=01;31:*.esd=01;31:*.jpg=01;35:*.jpeg=01;35:*.mjpg=01;35:*.mjpeg=01;35:*.gif=01;35:*.bmp=01;35:*.pbm=01;35:*.pgm=01;35:*.ppm=01;35:*.tga=01;35:*.xbm=01;35:*.xpm=01;35:*.tif=01;35:*.tiff=01;35:*.png=01;35:*.svg=01;35:*.svgz=01;35:*.mng=01;35:*.pcx=01;35:*.mov=01;35:*.mpg=01;35:*.mpeg=01;35:*.m2v=01;35:*.mkv=01;35:*.webm=01;35:*.webp=01;35:*.ogm=01;35:*.mp4=01;35:*.m4v=01;35:*.mp4v=01;35:*.vob=01;35:*.qt=01;35:*.nuv=01;35:*.wmv=01;35:*.asf=01;35:*.rm=01;35:*.rmvb=01;35:*.flc=01;35:*.avi=01;35:*.fli=01;35:*.flv=01;35:*.gl=01;35:*.dl=01;35:*.xcf=01;35:*.xwd=01;35:*.yuv=01;35:*.cgm=01;35:*.emf=01;35:*.ogv=01;35:*.ogx=01;35:*.aac=00;36:*.au=00;36:*.flac=00;36:*.m4a=00;36:*.mid=00;36:*.midi=00;36:*.mka=00;36:*.mp3=00;36:*.mpc=00;36:*.ogg=00;36:*.ra=00;36:*.wav=00;36:*.oga=00;36:*.opus=00;36:*.spx=00;36:*.xspf=00;36:'), ('VSCODE_GIT_IPC_HANDLE', '/run/user/1000/vscode-git-ebf8d60c65.sock'), ('TERM_PROGRAM', 'vscode'), ('AMENT_PREFIX_PATH', '/opt/ros/humble'), ('SHELL', '/bin/bash'), ('LESSCLOSE', '/usr/bin/lesspipe %s %s'), ('VSCODE_GIT_ASKPASS_EXTRA_ARGS', ''), ('PWD', '/home/vigma/ros2_ws/build/cell_controller'), ('XDG_DATA_DIRS', '/usr/local/share:/usr/share:/var/lib/snapd/desktop'), ('PYTHONPATH', '/opt/ros/humble/lib/python3.10/site-packages:/opt/ros/humble/local/lib/python3.10/dist-packages'), ('COLCON', '1'), ('WSL2_GUI_APPS_ENABLED', '1'), ('HOSTTYPE', 'x86_64'), ('WSLENV', 'VSCODE_WSL_EXT_LOCATION/up'), ('CMAKE_PREFIX_PATH', '/opt/ros/humble')]), 'shell': False}
[27.412152] (emergency_node) StdoutLine: {'line': b'[100%] Built target emergency_node\n'}
[27.413917] (door_node) CommandEnded: {'returncode': 0}
[27.417282] (door_node) JobProgress: {'identifier': 'door_node', 'progress': 'install'}
[27.420741] (door_node) Command: {'cmd': ['/usr/bin/cmake', '--install', '/home/vigma/ros2_ws/build/door_node'], 'cwd': '/home/vigma/ros2_ws/build/door_node', 'env': OrderedDict([('LESSOPEN', '| /usr/bin/lesspipe %s'), ('USER', 'vigma'), ('GIT_ASKPASS', '/home/vigma/.vscode-server/bin/8b640eef5a6c6089c029249d48efa5c99adf7d51/extensions/git/dist/askpass.sh'), ('SHLVL', '1'), ('LD_LIBRARY_PATH', '/opt/ros/humble/opt/rviz_ogre_vendor/lib:/opt/ros/humble/lib/x86_64-linux-gnu:/opt/ros/humble/lib'), ('HOME', '/home/vigma'), ('TERM_PROGRAM_VERSION', '1.119.0'), ('VSCODE_IPC_HOOK_CLI', '/run/user/1000/vscode-ipc-a5912d3e-cb78-4d8d-a9db-ac14556ff1d0.sock'), ('ROS_PYTHON_VERSION', '3'), ('VSCODE_GIT_ASKPASS_MAIN', '/home/vigma/.vscode-server/bin/8b640eef5a6c6089c029249d48efa5c99adf7d51/extensions/git/dist/askpass-main.js'), ('VSCODE_GIT_ASKPASS_NODE', '/home/vigma/.vscode-server/bin/8b640eef5a6c6089c029249d48efa5c99adf7d51/node'), ('VSCODE_PYTHON_AUTOACTIVATE_GUARD', '1'), ('DBUS_SESSION_BUS_ADDRESS', 'unix:path=/run/user/1000/bus'), ('COLORTERM', 'truecolor'), ('WSL_DISTRO_NAME', 'Ubuntu-22.04'), ('WAYLAND_DISPLAY', 'wayland-0'), ('ROS_DISTRO', 'humble'), ('LOGNAME', 'vigma'), ('NAME', 'Vigneshu'), ('WSL_INTEROP', '/run/WSL/22046_interop'), ('PULSE_SERVER', 'unix:/mnt/wslg/PulseServer'), ('_', '/usr/bin/colcon'), ('ROS_VERSION', '2'), ('TERM', 'xterm-256color'), ('ROS_LOCALHOST_ONLY', '0'), ('PATH', '/home/vigma/.vscode-server/data/User/globalStorage/github.copilot-chat/debugCommand:/home/vigma/.vscode-server/data/User/globalStorage/github.copilot-chat/copilotCli:/home/vigma/.vscode-server/bin/8b640eef5a6c6089c029249d48efa5c99adf7d51/bin/remote-cli:/opt/ros/humble/bin:/usr/local/sbin:/usr/local/bin:/usr/sbin:/usr/bin:/sbin:/bin:/usr/games:/usr/local/games:/usr/lib/wsl/lib:/mnt/c/Users/vigma/AppData/Local/Programs/Microsoft VS Code:/mnt/c/Python314/Scripts/:/mnt/c/Python314/:/mnt/c/WINDOWS/system32:/mnt/c/WINDOWS:/mnt/c/WINDOWS/System32/Wbem:/mnt/c/WINDOWS/System32/WindowsPowerShell/v1.0/:/mnt/c/WINDOWS/System32/OpenSSH/:/mnt/c/Program Files/PuTTY/:/mnt/c/Program Files (x86)/IncrediBuild:/mnt/c/Program Files (x86)/Windows Kits/10/Windows Performance Toolkit/:/mnt/c/ProgramData/chocolatey/bin:/mnt/c/Program Files/CMake/bin:/mnt/c/Users/vigma/.local/bin:/mnt/c/Users/vigma/AppData/Local/Microsoft/WindowsApps:/mnt/c/cygwin64/bin:/mnt/c/Users/vigma/AppData/Local/Programs/Microsoft VS Code/bin:/mnt/c/Program Files/SmartGit/git/bin:/mnt/c/Program Files/OpenSSL-Win64/bin:/snap/bin'), ('XDG_RUNTIME_DIR', '/run/user/1000/'), ('DISPLAY', ':0'), ('LANG', 'en_US.UTF-8'), ('LS_COLORS', 'rs=0:di=01;34:ln=01;36:mh=00:pi=40;33:so=01;35:do=01;35:bd=40;33;01:cd=40;33;01:or=40;31;01:mi=00:su=37;41:sg=30;43:ca=30;41:tw=30;42:ow=34;42:st=37;44:ex=01;32:*.tar=01;31:*.tgz=01;31:*.arc=01;31:*.arj=01;31:*.taz=01;31:*.lha=01;31:*.lz4=01;31:*.lzh=01;31:*.lzma=01;31:*.tlz=01;31:*.txz=01;31:*.tzo=01;31:*.t7z=01;31:*.zip=01;31:*.z=01;31:*.dz=01;31:*.gz=01;31:*.lrz=01;31:*.lz=01;31:*.lzo=01;31:*.xz=01;31:*.zst=01;31:*.tzst=01;31:*.bz2=01;31:*.bz=01;31:*.tbz=01;31:*.tbz2=01;31:*.tz=01;31:*.deb=01;31:*.rpm=01;31:*.jar=01;31:*.war=01;31:*.ear=01;31:*.sar=01;31:*.rar=01;31:*.alz=01;31:*.ace=01;31:*.zoo=01;31:*.cpio=01;31:*.7z=01;31:*.rz=01;31:*.cab=01;31:*.wim=01;31:*.swm=01;31:*.dwm=01;31:*.esd=01;31:*.jpg=01;35:*.jpeg=01;35:*.mjpg=01;35:*.mjpeg=01;35:*.gif=01;35:*.bmp=01;35:*.pbm=01;35:*.pgm=01;35:*.ppm=01;35:*.tga=01;35:*.xbm=01;35:*.xpm=01;35:*.tif=01;35:*.tiff=01;35:*.png=01;35:*.svg=01;35:*.svgz=01;35:*.mng=01;35:*.pcx=01;35:*.mov=01;35:*.mpg=01;35:*.mpeg=01;35:*.m2v=01;35:*.mkv=01;35:*.webm=01;35:*.webp=01;35:*.ogm=01;35:*.mp4=01;35:*.m4v=01;35:*.mp4v=01;35:*.vob=01;35:*.qt=01;35:*.nuv=01;35:*.wmv=01;35:*.asf=01;35:*.rm=01;35:*.rmvb=01;35:*.flc=01;35:*.avi=01;35:*.fli=01;35:*.flv=01;35:*.gl=01;35:*.dl=01;35:*.xcf=01;35:*.xwd=01;35:*.yuv=01;35:*.cgm=01;35:*.emf=01;35:*.ogv=01;35:*.ogx=01;35:*.aac=00;36:*.au=00;36:*.flac=00;36:*.m4a=00;36:*.mid=00;36:*.midi=00;36:*.mka=00;36:*.mp3=00;36:*.mpc=00;36:*.ogg=00;36:*.ra=00;36:*.wav=00;36:*.oga=00;36:*.opus=00;36:*.spx=00;36:*.xspf=00;36:'), ('VSCODE_GIT_IPC_HANDLE', '/run/user/1000/vscode-git-ebf8d60c65.sock'), ('TERM_PROGRAM', 'vscode'), ('AMENT_PREFIX_PATH', '/opt/ros/humble'), ('SHELL', '/bin/bash'), ('LESSCLOSE', '/usr/bin/lesspipe %s %s'), ('VSCODE_GIT_ASKPASS_EXTRA_ARGS', ''), ('PWD', '/home/vigma/ros2_ws/build/door_node'), ('XDG_DATA_DIRS', '/usr/local/share:/usr/share:/var/lib/snapd/desktop'), ('PYTHONPATH', '/opt/ros/humble/lib/python3.10/site-packages:/opt/ros/humble/local/lib/python3.10/dist-packages'), ('COLCON', '1'), ('WSL2_GUI_APPS_ENABLED', '1'), ('HOSTTYPE', 'x86_64'), ('WSLENV', 'VSCODE_WSL_EXT_LOCATION/up'), ('CMAKE_PREFIX_PATH', '/opt/ros/humble')]), 'shell': False}
[27.437384] (cell_controller) StdoutLine: {'line': b'-- Install configuration: ""\n'}
[27.445723] (cell_controller) StdoutLine: {'line': b'-- Installing: /home/vigma/ros2_ws/install/cell_controller/share/ament_index/resource_index/package_run_dependencies/cell_controller\n'}
[27.448189] (cell_controller) StdoutLine: {'line': b'-- Installing: /home/vigma/ros2_ws/install/cell_controller/share/ament_index/resource_index/parent_prefix_path/cell_controller\n'}
[27.449382] (door_node) StdoutLine: {'line': b'-- Install configuration: ""\n'}
[27.451894] (cell_controller) StdoutLine: {'line': b'-- Installing: /home/vigma/ros2_ws/install/cell_controller/share/cell_controller/environment/ament_prefix_path.sh\n'}
[27.453108] (cell_controller) StdoutLine: {'line': b'-- Installing: /home/vigma/ros2_ws/install/cell_controller/share/cell_controller/environment/ament_prefix_path.dsv\n'}
[27.454318] (cell_controller) StdoutLine: {'line': b'-- Installing: /home/vigma/ros2_ws/install/cell_controller/share/cell_controller/environment/path.sh\n'}
[27.455319] (cell_controller) StdoutLine: {'line': b'-- Installing: /home/vigma/ros2_ws/install/cell_controller/share/cell_controller/environment/path.dsv\n'}
[27.456288] (cell_controller) StdoutLine: {'line': b'-- Installing: /home/vigma/ros2_ws/install/cell_controller/share/cell_controller/local_setup.bash\n'}
[27.457118] (cell_controller) StdoutLine: {'line': b'-- Installing: /home/vigma/ros2_ws/install/cell_controller/share/cell_controller/local_setup.sh\n'}
[27.457918] (cell_controller) StdoutLine: {'line': b'-- Installing: /home/vigma/ros2_ws/install/cell_controller/share/cell_controller/local_setup.zsh\n'}
[27.461539] (cell_controller) StdoutLine: {'line': b'-- Installing: /home/vigma/ros2_ws/install/cell_controller/share/cell_controller/local_setup.dsv\n'}
[27.463172] (door_node) StdoutLine: {'line': b'-- Installing: /home/vigma/ros2_ws/install/door_node/share/ament_index/resource_index/package_run_dependencies/door_node\n'}
[27.464765] (cell_controller) StdoutLine: {'line': b'-- Installing: /home/vigma/ros2_ws/install/cell_controller/share/cell_controller/package.dsv\n'}
[27.465896] (cell_controller) StdoutLine: {'line': b'-- Installing: /home/vigma/ros2_ws/install/cell_controller/share/ament_index/resource_index/packages/cell_controller\n'}
[27.466996] (door_node) StdoutLine: {'line': b'-- Installing: /home/vigma/ros2_ws/install/door_node/share/ament_index/resource_index/parent_prefix_path/door_node\n'}
[27.468348] (emergency_node) CommandEnded: {'returncode': 0}
[27.469414] (cell_controller) StdoutLine: {'line': b'-- Installing: /home/vigma/ros2_ws/install/cell_controller/share/cell_controller/cmake/cell_controllerConfig.cmake\n'}
[27.470779] (cell_controller) StdoutLine: {'line': b'-- Installing: /home/vigma/ros2_ws/install/cell_controller/share/cell_controller/cmake/cell_controllerConfig-version.cmake\n'}
[27.473293] (cell_controller) StdoutLine: {'line': b'-- Installing: /home/vigma/ros2_ws/install/cell_controller/share/cell_controller/package.xml\n'}
[27.478462] (door_node) StdoutLine: {'line': b'-- Installing: /home/vigma/ros2_ws/install/door_node/share/door_node/environment/ament_prefix_path.sh\n'}
[27.480061] (door_node) StdoutLine: {'line': b'-- Installing: /home/vigma/ros2_ws/install/door_node/share/door_node/environment/ament_prefix_path.dsv\n'}
[27.482155] (door_node) StdoutLine: {'line': b'-- Installing: /home/vigma/ros2_ws/install/door_node/share/door_node/environment/path.sh\n'}
[27.486502] (cell_controller) StdoutLine: {'line': b'-- Installing: /home/vigma/ros2_ws/install/cell_controller/lib/cell_controller/cell_controller\n'}
[27.489028] (emergency_node) JobProgress: {'identifier': 'emergency_node', 'progress': 'install'}
[27.489100] (door_node) StdoutLine: {'line': b'-- Installing: /home/vigma/ros2_ws/install/door_node/share/door_node/environment/path.dsv\n'}
[27.489475] (cell_controller) StdoutLine: {'line': b'-- Set runtime path of "/home/vigma/ros2_ws/install/cell_controller/lib/cell_controller/cell_controller" to ""\n'}
[27.489635] (door_node) StdoutLine: {'line': b'-- Installing: /home/vigma/ros2_ws/install/door_node/share/door_node/local_setup.bash\n'}
[27.489972] (emergency_node) Command: {'cmd': ['/usr/bin/cmake', '--install', '/home/vigma/ros2_ws/build/emergency_node'], 'cwd': '/home/vigma/ros2_ws/build/emergency_node', 'env': OrderedDict([('LESSOPEN', '| /usr/bin/lesspipe %s'), ('USER', 'vigma'), ('GIT_ASKPASS', '/home/vigma/.vscode-server/bin/8b640eef5a6c6089c029249d48efa5c99adf7d51/extensions/git/dist/askpass.sh'), ('SHLVL', '1'), ('LD_LIBRARY_PATH', '/opt/ros/humble/opt/rviz_ogre_vendor/lib:/opt/ros/humble/lib/x86_64-linux-gnu:/opt/ros/humble/lib'), ('HOME', '/home/vigma'), ('TERM_PROGRAM_VERSION', '1.119.0'), ('VSCODE_IPC_HOOK_CLI', '/run/user/1000/vscode-ipc-a5912d3e-cb78-4d8d-a9db-ac14556ff1d0.sock'), ('ROS_PYTHON_VERSION', '3'), ('VSCODE_GIT_ASKPASS_MAIN', '/home/vigma/.vscode-server/bin/8b640eef5a6c6089c029249d48efa5c99adf7d51/extensions/git/dist/askpass-main.js'), ('VSCODE_GIT_ASKPASS_NODE', '/home/vigma/.vscode-server/bin/8b640eef5a6c6089c029249d48efa5c99adf7d51/node'), ('VSCODE_PYTHON_AUTOACTIVATE_GUARD', '1'), ('DBUS_SESSION_BUS_ADDRESS', 'unix:path=/run/user/1000/bus'), ('COLORTERM', 'truecolor'), ('WSL_DISTRO_NAME', 'Ubuntu-22.04'), ('WAYLAND_DISPLAY', 'wayland-0'), ('ROS_DISTRO', 'humble'), ('LOGNAME', 'vigma'), ('NAME', 'Vigneshu'), ('WSL_INTEROP', '/run/WSL/22046_interop'), ('PULSE_SERVER', 'unix:/mnt/wslg/PulseServer'), ('_', '/usr/bin/colcon'), ('ROS_VERSION', '2'), ('TERM', 'xterm-256color'), ('ROS_LOCALHOST_ONLY', '0'), ('PATH', '/home/vigma/.vscode-server/data/User/globalStorage/github.copilot-chat/debugCommand:/home/vigma/.vscode-server/data/User/globalStorage/github.copilot-chat/copilotCli:/home/vigma/.vscode-server/bin/8b640eef5a6c6089c029249d48efa5c99adf7d51/bin/remote-cli:/opt/ros/humble/bin:/usr/local/sbin:/usr/local/bin:/usr/sbin:/usr/bin:/sbin:/bin:/usr/games:/usr/local/games:/usr/lib/wsl/lib:/mnt/c/Users/vigma/AppData/Local/Programs/Microsoft VS Code:/mnt/c/Python314/Scripts/:/mnt/c/Python314/:/mnt/c/WINDOWS/system32:/mnt/c/WINDOWS:/mnt/c/WINDOWS/System32/Wbem:/mnt/c/WINDOWS/System32/WindowsPowerShell/v1.0/:/mnt/c/WINDOWS/System32/OpenSSH/:/mnt/c/Program Files/PuTTY/:/mnt/c/Program Files (x86)/IncrediBuild:/mnt/c/Program Files (x86)/Windows Kits/10/Windows Performance Toolkit/:/mnt/c/ProgramData/chocolatey/bin:/mnt/c/Program Files/CMake/bin:/mnt/c/Users/vigma/.local/bin:/mnt/c/Users/vigma/AppData/Local/Microsoft/WindowsApps:/mnt/c/cygwin64/bin:/mnt/c/Users/vigma/AppData/Local/Programs/Microsoft VS Code/bin:/mnt/c/Program Files/SmartGit/git/bin:/mnt/c/Program Files/OpenSSL-Win64/bin:/snap/bin'), ('XDG_RUNTIME_DIR', '/run/user/1000/'), ('DISPLAY', ':0'), ('LANG', 'en_US.UTF-8'), ('LS_COLORS', 'rs=0:di=01;34:ln=01;36:mh=00:pi=40;33:so=01;35:do=01;35:bd=40;33;01:cd=40;33;01:or=40;31;01:mi=00:su=37;41:sg=30;43:ca=30;41:tw=30;42:ow=34;42:st=37;44:ex=01;32:*.tar=01;31:*.tgz=01;31:*.arc=01;31:*.arj=01;31:*.taz=01;31:*.lha=01;31:*.lz4=01;31:*.lzh=01;31:*.lzma=01;31:*.tlz=01;31:*.txz=01;31:*.tzo=01;31:*.t7z=01;31:*.zip=01;31:*.z=01;31:*.dz=01;31:*.gz=01;31:*.lrz=01;31:*.lz=01;31:*.lzo=01;31:*.xz=01;31:*.zst=01;31:*.tzst=01;31:*.bz2=01;31:*.bz=01;31:*.tbz=01;31:*.tbz2=01;31:*.tz=01;31:*.deb=01;31:*.rpm=01;31:*.jar=01;31:*.war=01;31:*.ear=01;31:*.sar=01;31:*.rar=01;31:*.alz=01;31:*.ace=01;31:*.zoo=01;31:*.cpio=01;31:*.7z=01;31:*.rz=01;31:*.cab=01;31:*.wim=01;31:*.swm=01;31:*.dwm=01;31:*.esd=01;31:*.jpg=01;35:*.jpeg=01;35:*.mjpg=01;35:*.mjpeg=01;35:*.gif=01;35:*.bmp=01;35:*.pbm=01;35:*.pgm=01;35:*.ppm=01;35:*.tga=01;35:*.xbm=01;35:*.xpm=01;35:*.tif=01;35:*.tiff=01;35:*.png=01;35:*.svg=01;35:*.svgz=01;35:*.mng=01;35:*.pcx=01;35:*.mov=01;35:*.mpg=01;35:*.mpeg=01;35:*.m2v=01;35:*.mkv=01;35:*.webm=01;35:*.webp=01;35:*.ogm=01;35:*.mp4=01;35:*.m4v=01;35:*.mp4v=01;35:*.vob=01;35:*.qt=01;35:*.nuv=01;35:*.wmv=01;35:*.asf=01;35:*.rm=01;35:*.rmvb=01;35:*.flc=01;35:*.avi=01;35:*.fli=01;35:*.flv=01;35:*.gl=01;35:*.dl=01;35:*.xcf=01;35:*.xwd=01;35:*.yuv=01;35:*.cgm=01;35:*.emf=01;35:*.ogv=01;35:*.ogx=01;35:*.aac=00;36:*.au=00;36:*.flac=00;36:*.m4a=00;36:*.mid=00;36:*.midi=00;36:*.mka=00;36:*.mp3=00;36:*.mpc=00;36:*.ogg=00;36:*.ra=00;36:*.wav=00;36:*.oga=00;36:*.opus=00;36:*.spx=00;36:*.xspf=00;36:'), ('VSCODE_GIT_IPC_HANDLE', '/run/user/1000/vscode-git-ebf8d60c65.sock'), ('TERM_PROGRAM', 'vscode'), ('AMENT_PREFIX_PATH', '/opt/ros/humble'), ('SHELL', '/bin/bash'), ('LESSCLOSE', '/usr/bin/lesspipe %s %s'), ('VSCODE_GIT_ASKPASS_EXTRA_ARGS', ''), ('PWD', '/home/vigma/ros2_ws/build/emergency_node'), ('XDG_DATA_DIRS', '/usr/local/share:/usr/share:/var/lib/snapd/desktop'), ('PYTHONPATH', '/opt/ros/humble/lib/python3.10/site-packages:/opt/ros/humble/local/lib/python3.10/dist-packages'), ('COLCON', '1'), ('WSL2_GUI_APPS_ENABLED', '1'), ('HOSTTYPE', 'x86_64'), ('WSLENV', 'VSCODE_WSL_EXT_LOCATION/up'), ('CMAKE_PREFIX_PATH', '/opt/ros/humble')]), 'shell': False}
[27.491652] (door_node) StdoutLine: {'line': b'-- Installing: /home/vigma/ros2_ws/install/door_node/share/door_node/local_setup.sh\n'}
[27.492463] (door_node) StdoutLine: {'line': b'-- Installing: /home/vigma/ros2_ws/install/door_node/share/door_node/local_setup.zsh\n'}
[27.494058] (-) TimerEvent: {}
[27.494851] (door_node) StdoutLine: {'line': b'-- Installing: /home/vigma/ros2_ws/install/door_node/share/door_node/local_setup.dsv\n'}
[27.495240] (door_node) StdoutLine: {'line': b'-- Installing: /home/vigma/ros2_ws/install/door_node/share/door_node/package.dsv\n'}
[27.495732] (door_node) StdoutLine: {'line': b'-- Installing: /home/vigma/ros2_ws/install/door_node/share/ament_index/resource_index/packages/door_node\n'}
[27.496352] (door_node) StdoutLine: {'line': b'-- Installing: /home/vigma/ros2_ws/install/door_node/share/door_node/cmake/door_nodeConfig.cmake\n'}
[27.497596] (cell_controller) CommandEnded: {'returncode': 0}
[27.498889] (door_node) StdoutLine: {'line': b'-- Installing: /home/vigma/ros2_ws/install/door_node/share/door_node/cmake/door_nodeConfig-version.cmake\n'}
[27.501523] (door_node) StdoutLine: {'line': b'-- Installing: /home/vigma/ros2_ws/install/door_node/share/door_node/package.xml\n'}
[27.501993] (door_node) StdoutLine: {'line': b'-- Installing: /home/vigma/ros2_ws/install/door_node/lib/door_node/door_node\n'}
[27.502175] (door_node) StdoutLine: {'line': b'-- Set runtime path of "/home/vigma/ros2_ws/install/door_node/lib/door_node/door_node" to ""\n'}
[27.502687] (emergency_node) StdoutLine: {'line': b'-- Install configuration: ""\n'}
[27.509488] (emergency_node) StdoutLine: {'line': b'-- Installing: /home/vigma/ros2_ws/install/emergency_node/share/ament_index/resource_index/package_run_dependencies/emergency_node\n'}
[27.511229] (emergency_node) StdoutLine: {'line': b'-- Installing: /home/vigma/ros2_ws/install/emergency_node/share/ament_index/resource_index/parent_prefix_path/emergency_node\n'}
[27.515563] (emergency_node) StdoutLine: {'line': b'-- Installing: /home/vigma/ros2_ws/install/emergency_node/share/emergency_node/environment/ament_prefix_path.sh\n'}
[27.517163] (emergency_node) StdoutLine: {'line': b'-- Installing: /home/vigma/ros2_ws/install/emergency_node/share/emergency_node/environment/ament_prefix_path.dsv\n'}
[27.519763] (emergency_node) StdoutLine: {'line': b'-- Installing: /home/vigma/ros2_ws/install/emergency_node/share/emergency_node/environment/path.sh\n'}
[27.520186] (emergency_node) StdoutLine: {'line': b'-- Installing: /home/vigma/ros2_ws/install/emergency_node/share/emergency_node/environment/path.dsv\n'}
[27.526072] (emergency_node) StdoutLine: {'line': b'-- Installing: /home/vigma/ros2_ws/install/emergency_node/share/emergency_node/local_setup.bash\n'}
[27.527934] (emergency_node) StdoutLine: {'line': b'-- Installing: /home/vigma/ros2_ws/install/emergency_node/share/emergency_node/local_setup.sh\n'}
[27.528569] (emergency_node) StdoutLine: {'line': b'-- Installing: /home/vigma/ros2_ws/install/emergency_node/share/emergency_node/local_setup.zsh\n'}
[27.531544] (emergency_node) StdoutLine: {'line': b'-- Installing: /home/vigma/ros2_ws/install/emergency_node/share/emergency_node/local_setup.dsv\n'}
[27.533672] (emergency_node) StdoutLine: {'line': b'-- Installing: /home/vigma/ros2_ws/install/emergency_node/share/emergency_node/package.dsv\n'}
[27.534835] (emergency_node) StdoutLine: {'line': b'-- Installing: /home/vigma/ros2_ws/install/emergency_node/share/ament_index/resource_index/packages/emergency_node\n'}
[27.536017] (emergency_node) StdoutLine: {'line': b'-- Installing: /home/vigma/ros2_ws/install/emergency_node/share/emergency_node/cmake/emergency_nodeConfig.cmake\n'}
[27.537829] (emergency_node) StdoutLine: {'line': b'-- Installing: /home/vigma/ros2_ws/install/emergency_node/share/emergency_node/cmake/emergency_nodeConfig-version.cmake\n'}
[27.541475] (emergency_node) StdoutLine: {'line': b'-- Installing: /home/vigma/ros2_ws/install/emergency_node/share/emergency_node/package.xml\n'}
[27.542334] (emergency_node) StdoutLine: {'line': b'-- Installing: /home/vigma/ros2_ws/install/emergency_node/lib/emergency_node/emergency_node\n'}
[27.542898] (emergency_node) StdoutLine: {'line': b'-- Set runtime path of "/home/vigma/ros2_ws/install/emergency_node/lib/emergency_node/emergency_node" to ""\n'}
[27.594403] (-) TimerEvent: {}
[27.599606] (cell_controller) JobEnded: {'identifier': 'cell_controller', 'rc': 0}
[27.606790] (door_node) CommandEnded: {'returncode': 0}
[27.672243] (door_node) JobEnded: {'identifier': 'door_node', 'rc': 0}
[27.677023] (emergency_node) CommandEnded: {'returncode': 0}
[27.694907] (-) TimerEvent: {}
[27.730425] (emergency_node) JobEnded: {'identifier': 'emergency_node', 'rc': 0}
[27.795118] (-) TimerEvent: {}
[27.895963] (-) TimerEvent: {}
[27.996653] (-) TimerEvent: {}
[28.097571] (-) TimerEvent: {}
[28.198364] (-) TimerEvent: {}
[28.299215] (-) TimerEvent: {}
[28.400109] (-) TimerEvent: {}
[28.500851] (-) TimerEvent: {}
[28.601677] (-) TimerEvent: {}
[28.702422] (-) TimerEvent: {}
[28.803340] (-) TimerEvent: {}
[28.904143] (-) TimerEvent: {}
[29.004979] (-) TimerEvent: {}
[29.105758] (-) TimerEvent: {}
[29.206509] (-) TimerEvent: {}
[29.307193] (-) TimerEvent: {}
[29.407986] (-) TimerEvent: {}
[29.508706] (-) TimerEvent: {}
[29.609370] (-) TimerEvent: {}
[29.710071] (-) TimerEvent: {}
[29.810736] (-) TimerEvent: {}
[29.911424] (-) TimerEvent: {}
[30.012127] (-) TimerEvent: {}
[30.112833] (-) TimerEvent: {}
[30.213722] (-) TimerEvent: {}
[30.286665] (stacklight_node) StdoutLine: {'line': b'[100%] \x1b[32m\x1b[1mLinking CXX executable stacklight_node\x1b[0m\n'}
[30.314015] (-) TimerEvent: {}
[30.414976] (-) TimerEvent: {}
[30.515948] (-) TimerEvent: {}
[30.616640] (-) TimerEvent: {}
[30.717351] (-) TimerEvent: {}
[30.818071] (-) TimerEvent: {}
[30.904956] (stacklight_node) StdoutLine: {'line': b'[100%] Built target stacklight_node\n'}
[30.918342] (-) TimerEvent: {}
[30.964871] (stacklight_node) CommandEnded: {'returncode': 0}
[30.969090] (stacklight_node) JobProgress: {'identifier': 'stacklight_node', 'progress': 'install'}
[30.973361] (stacklight_node) Command: {'cmd': ['/usr/bin/cmake', '--install', '/home/vigma/ros2_ws/build/stacklight_node'], 'cwd': '/home/vigma/ros2_ws/build/stacklight_node', 'env': OrderedDict([('LESSOPEN', '| /usr/bin/lesspipe %s'), ('USER', 'vigma'), ('GIT_ASKPASS', '/home/vigma/.vscode-server/bin/8b640eef5a6c6089c029249d48efa5c99adf7d51/extensions/git/dist/askpass.sh'), ('SHLVL', '1'), ('LD_LIBRARY_PATH', '/opt/ros/humble/opt/rviz_ogre_vendor/lib:/opt/ros/humble/lib/x86_64-linux-gnu:/opt/ros/humble/lib'), ('HOME', '/home/vigma'), ('TERM_PROGRAM_VERSION', '1.119.0'), ('VSCODE_IPC_HOOK_CLI', '/run/user/1000/vscode-ipc-a5912d3e-cb78-4d8d-a9db-ac14556ff1d0.sock'), ('ROS_PYTHON_VERSION', '3'), ('VSCODE_GIT_ASKPASS_MAIN', '/home/vigma/.vscode-server/bin/8b640eef5a6c6089c029249d48efa5c99adf7d51/extensions/git/dist/askpass-main.js'), ('VSCODE_GIT_ASKPASS_NODE', '/home/vigma/.vscode-server/bin/8b640eef5a6c6089c029249d48efa5c99adf7d51/node'), ('VSCODE_PYTHON_AUTOACTIVATE_GUARD', '1'), ('DBUS_SESSION_BUS_ADDRESS', 'unix:path=/run/user/1000/bus'), ('COLORTERM', 'truecolor'), ('WSL_DISTRO_NAME', 'Ubuntu-22.04'), ('WAYLAND_DISPLAY', 'wayland-0'), ('ROS_DISTRO', 'humble'), ('LOGNAME', 'vigma'), ('NAME', 'Vigneshu'), ('WSL_INTEROP', '/run/WSL/22046_interop'), ('PULSE_SERVER', 'unix:/mnt/wslg/PulseServer'), ('_', '/usr/bin/colcon'), ('ROS_VERSION', '2'), ('TERM', 'xterm-256color'), ('ROS_LOCALHOST_ONLY', '0'), ('PATH', '/home/vigma/.vscode-server/data/User/globalStorage/github.copilot-chat/debugCommand:/home/vigma/.vscode-server/data/User/globalStorage/github.copilot-chat/copilotCli:/home/vigma/.vscode-server/bin/8b640eef5a6c6089c029249d48efa5c99adf7d51/bin/remote-cli:/opt/ros/humble/bin:/usr/local/sbin:/usr/local/bin:/usr/sbin:/usr/bin:/sbin:/bin:/usr/games:/usr/local/games:/usr/lib/wsl/lib:/mnt/c/Users/vigma/AppData/Local/Programs/Microsoft VS Code:/mnt/c/Python314/Scripts/:/mnt/c/Python314/:/mnt/c/WINDOWS/system32:/mnt/c/WINDOWS:/mnt/c/WINDOWS/System32/Wbem:/mnt/c/WINDOWS/System32/WindowsPowerShell/v1.0/:/mnt/c/WINDOWS/System32/OpenSSH/:/mnt/c/Program Files/PuTTY/:/mnt/c/Program Files (x86)/IncrediBuild:/mnt/c/Program Files (x86)/Windows Kits/10/Windows Performance Toolkit/:/mnt/c/ProgramData/chocolatey/bin:/mnt/c/Program Files/CMake/bin:/mnt/c/Users/vigma/.local/bin:/mnt/c/Users/vigma/AppData/Local/Microsoft/WindowsApps:/mnt/c/cygwin64/bin:/mnt/c/Users/vigma/AppData/Local/Programs/Microsoft VS Code/bin:/mnt/c/Program Files/SmartGit/git/bin:/mnt/c/Program Files/OpenSSL-Win64/bin:/snap/bin'), ('XDG_RUNTIME_DIR', '/run/user/1000/'), ('DISPLAY', ':0'), ('LANG', 'en_US.UTF-8'), ('LS_COLORS', 'rs=0:di=01;34:ln=01;36:mh=00:pi=40;33:so=01;35:do=01;35:bd=40;33;01:cd=40;33;01:or=40;31;01:mi=00:su=37;41:sg=30;43:ca=30;41:tw=30;42:ow=34;42:st=37;44:ex=01;32:*.tar=01;31:*.tgz=01;31:*.arc=01;31:*.arj=01;31:*.taz=01;31:*.lha=01;31:*.lz4=01;31:*.lzh=01;31:*.lzma=01;31:*.tlz=01;31:*.txz=01;31:*.tzo=01;31:*.t7z=01;31:*.zip=01;31:*.z=01;31:*.dz=01;31:*.gz=01;31:*.lrz=01;31:*.lz=01;31:*.lzo=01;31:*.xz=01;31:*.zst=01;31:*.tzst=01;31:*.bz2=01;31:*.bz=01;31:*.tbz=01;31:*.tbz2=01;31:*.tz=01;31:*.deb=01;31:*.rpm=01;31:*.jar=01;31:*.war=01;31:*.ear=01;31:*.sar=01;31:*.rar=01;31:*.alz=01;31:*.ace=01;31:*.zoo=01;31:*.cpio=01;31:*.7z=01;31:*.rz=01;31:*.cab=01;31:*.wim=01;31:*.swm=01;31:*.dwm=01;31:*.esd=01;31:*.jpg=01;35:*.jpeg=01;35:*.mjpg=01;35:*.mjpeg=01;35:*.gif=01;35:*.bmp=01;35:*.pbm=01;35:*.pgm=01;35:*.ppm=01;35:*.tga=01;35:*.xbm=01;35:*.xpm=01;35:*.tif=01;35:*.tiff=01;35:*.png=01;35:*.svg=01;35:*.svgz=01;35:*.mng=01;35:*.pcx=01;35:*.mov=01;35:*.mpg=01;35:*.mpeg=01;35:*.m2v=01;35:*.mkv=01;35:*.webm=01;35:*.webp=01;35:*.ogm=01;35:*.mp4=01;35:*.m4v=01;35:*.mp4v=01;35:*.vob=01;35:*.qt=01;35:*.nuv=01;35:*.wmv=01;35:*.asf=01;35:*.rm=01;35:*.rmvb=01;35:*.flc=01;35:*.avi=01;35:*.fli=01;35:*.flv=01;35:*.gl=01;35:*.dl=01;35:*.xcf=01;35:*.xwd=01;35:*.yuv=01;35:*.cgm=01;35:*.emf=01;35:*.ogv=01;35:*.ogx=01;35:*.aac=00;36:*.au=00;36:*.flac=00;36:*.m4a=00;36:*.mid=00;36:*.midi=00;36:*.mka=00;36:*.mp3=00;36:*.mpc=00;36:*.ogg=00;36:*.ra=00;36:*.wav=00;36:*.oga=00;36:*.opus=00;36:*.spx=00;36:*.xspf=00;36:'), ('VSCODE_GIT_IPC_HANDLE', '/run/user/1000/vscode-git-ebf8d60c65.sock'), ('TERM_PROGRAM', 'vscode'), ('AMENT_PREFIX_PATH', '/opt/ros/humble'), ('SHELL', '/bin/bash'), ('LESSCLOSE', '/usr/bin/lesspipe %s %s'), ('VSCODE_GIT_ASKPASS_EXTRA_ARGS', ''), ('PWD', '/home/vigma/ros2_ws/build/stacklight_node'), ('XDG_DATA_DIRS', '/usr/local/share:/usr/share:/var/lib/snapd/desktop'), ('PYTHONPATH', '/opt/ros/humble/lib/python3.10/site-packages:/opt/ros/humble/local/lib/python3.10/dist-packages'), ('COLCON', '1'), ('WSL2_GUI_APPS_ENABLED', '1'), ('HOSTTYPE', 'x86_64'), ('WSLENV', 'VSCODE_WSL_EXT_LOCATION/up'), ('CMAKE_PREFIX_PATH', '/opt/ros/humble')]), 'shell': False}
[31.003386] (stacklight_node) StdoutLine: {'line': b'-- Install configuration: ""\n'}
[31.012470] (stacklight_node) StdoutLine: {'line': b'-- Installing: /home/vigma/ros2_ws/install/stacklight_node/share/ament_index/resource_index/package_run_dependencies/stacklight_node\n'}
[31.015248] (stacklight_node) StdoutLine: {'line': b'-- Installing: /home/vigma/ros2_ws/install/stacklight_node/share/ament_index/resource_index/parent_prefix_path/stacklight_node\n'}
[31.018634] (-) TimerEvent: {}
[31.019587] (stacklight_node) StdoutLine: {'line': b'-- Installing: /home/vigma/ros2_ws/install/stacklight_node/share/stacklight_node/environment/ament_prefix_path.sh\n'}
[31.020775] (stacklight_node) StdoutLine: {'line': b'-- Installing: /home/vigma/ros2_ws/install/stacklight_node/share/stacklight_node/environment/ament_prefix_path.dsv\n'}
[31.022058] (stacklight_node) StdoutLine: {'line': b'-- Installing: /home/vigma/ros2_ws/install/stacklight_node/share/stacklight_node/environment/path.sh\n'}
[31.022950] (stacklight_node) StdoutLine: {'line': b'-- Installing: /home/vigma/ros2_ws/install/stacklight_node/share/stacklight_node/environment/path.dsv\n'}
[31.024633] (stacklight_node) StdoutLine: {'line': b'-- Installing: /home/vigma/ros2_ws/install/stacklight_node/share/stacklight_node/local_setup.bash\n'}
[31.025692] (stacklight_node) StdoutLine: {'line': b'-- Installing: /home/vigma/ros2_ws/install/stacklight_node/share/stacklight_node/local_setup.sh\n'}
[31.026827] (stacklight_node) StdoutLine: {'line': b'-- Installing: /home/vigma/ros2_ws/install/stacklight_node/share/stacklight_node/local_setup.zsh\n'}
[31.028122] (stacklight_node) StdoutLine: {'line': b'-- Installing: /home/vigma/ros2_ws/install/stacklight_node/share/stacklight_node/local_setup.dsv\n'}
[31.029374] (stacklight_node) StdoutLine: {'line': b'-- Installing: /home/vigma/ros2_ws/install/stacklight_node/share/stacklight_node/package.dsv\n'}
[31.032766] (stacklight_node) StdoutLine: {'line': b'-- Installing: /home/vigma/ros2_ws/install/stacklight_node/share/ament_index/resource_index/packages/stacklight_node\n'}
[31.036059] (stacklight_node) StdoutLine: {'line': b'-- Installing: /home/vigma/ros2_ws/install/stacklight_node/share/stacklight_node/cmake/stacklight_nodeConfig.cmake\n'}
[31.036871] (stacklight_node) StdoutLine: {'line': b'-- Installing: /home/vigma/ros2_ws/install/stacklight_node/share/stacklight_node/cmake/stacklight_nodeConfig-version.cmake\n'}
[31.037585] (stacklight_node) StdoutLine: {'line': b'-- Installing: /home/vigma/ros2_ws/install/stacklight_node/share/stacklight_node/package.xml\n'}
[31.045120] (stacklight_node) StdoutLine: {'line': b'-- Installing: /home/vigma/ros2_ws/install/stacklight_node/lib/stacklight_node/stacklight_node\n'}
[31.048649] (stacklight_node) StdoutLine: {'line': b'-- Set runtime path of "/home/vigma/ros2_ws/install/stacklight_node/lib/stacklight_node/stacklight_node" to ""\n'}
[31.056778] (stacklight_node) CommandEnded: {'returncode': 0}
[31.118988] (-) TimerEvent: {}
[31.123926] (stacklight_node) JobEnded: {'identifier': 'stacklight_node', 'rc': 0}
[31.219195] (-) TimerEvent: {}
[31.319896] (-) TimerEvent: {}
[31.420665] (-) TimerEvent: {}
[31.521377] (-) TimerEvent: {}
[31.622100] (-) TimerEvent: {}
[31.722783] (-) TimerEvent: {}
[31.823412] (-) TimerEvent: {}
[31.924495] (-) TimerEvent: {}
[32.025363] (-) TimerEvent: {}
[32.126020] (-) TimerEvent: {}
[32.169751] (barcode_node) StdoutLine: {'line': b'[100%] \x1b[32m\x1b[1mLinking CXX executable barcode_node\x1b[0m\n'}
[32.226270] (-) TimerEvent: {}
[32.327026] (-) TimerEvent: {}
[32.427726] (-) TimerEvent: {}
[32.528424] (-) TimerEvent: {}
[32.629265] (-) TimerEvent: {}
[32.729913] (-) TimerEvent: {}
[32.830613] (-) TimerEvent: {}
[32.840266] (barcode_node) StdoutLine: {'line': b'[100%] Built target barcode_node\n'}
[32.892961] (barcode_node) CommandEnded: {'returncode': 0}
[32.895678] (barcode_node) JobProgress: {'identifier': 'barcode_node', 'progress': 'install'}
[32.898715] (barcode_node) Command: {'cmd': ['/usr/bin/cmake', '--install', '/home/vigma/ros2_ws/build/barcode_node'], 'cwd': '/home/vigma/ros2_ws/build/barcode_node', 'env': OrderedDict([('LESSOPEN', '| /usr/bin/lesspipe %s'), ('USER', 'vigma'), ('GIT_ASKPASS', '/home/vigma/.vscode-server/bin/8b640eef5a6c6089c029249d48efa5c99adf7d51/extensions/git/dist/askpass.sh'), ('SHLVL', '1'), ('LD_LIBRARY_PATH', '/opt/ros/humble/opt/rviz_ogre_vendor/lib:/opt/ros/humble/lib/x86_64-linux-gnu:/opt/ros/humble/lib'), ('HOME', '/home/vigma'), ('TERM_PROGRAM_VERSION', '1.119.0'), ('VSCODE_IPC_HOOK_CLI', '/run/user/1000/vscode-ipc-a5912d3e-cb78-4d8d-a9db-ac14556ff1d0.sock'), ('ROS_PYTHON_VERSION', '3'), ('VSCODE_GIT_ASKPASS_MAIN', '/home/vigma/.vscode-server/bin/8b640eef5a6c6089c029249d48efa5c99adf7d51/extensions/git/dist/askpass-main.js'), ('VSCODE_GIT_ASKPASS_NODE', '/home/vigma/.vscode-server/bin/8b640eef5a6c6089c029249d48efa5c99adf7d51/node'), ('VSCODE_PYTHON_AUTOACTIVATE_GUARD', '1'), ('DBUS_SESSION_BUS_ADDRESS', 'unix:path=/run/user/1000/bus'), ('COLORTERM', 'truecolor'), ('WSL_DISTRO_NAME', 'Ubuntu-22.04'), ('WAYLAND_DISPLAY', 'wayland-0'), ('ROS_DISTRO', 'humble'), ('LOGNAME', 'vigma'), ('NAME', 'Vigneshu'), ('WSL_INTEROP', '/run/WSL/22046_interop'), ('PULSE_SERVER', 'unix:/mnt/wslg/PulseServer'), ('_', '/usr/bin/colcon'), ('ROS_VERSION', '2'), ('TERM', 'xterm-256color'), ('ROS_LOCALHOST_ONLY', '0'), ('PATH', '/home/vigma/.vscode-server/data/User/globalStorage/github.copilot-chat/debugCommand:/home/vigma/.vscode-server/data/User/globalStorage/github.copilot-chat/copilotCli:/home/vigma/.vscode-server/bin/8b640eef5a6c6089c029249d48efa5c99adf7d51/bin/remote-cli:/opt/ros/humble/bin:/usr/local/sbin:/usr/local/bin:/usr/sbin:/usr/bin:/sbin:/bin:/usr/games:/usr/local/games:/usr/lib/wsl/lib:/mnt/c/Users/vigma/AppData/Local/Programs/Microsoft VS Code:/mnt/c/Python314/Scripts/:/mnt/c/Python314/:/mnt/c/WINDOWS/system32:/mnt/c/WINDOWS:/mnt/c/WINDOWS/System32/Wbem:/mnt/c/WINDOWS/System32/WindowsPowerShell/v1.0/:/mnt/c/WINDOWS/System32/OpenSSH/:/mnt/c/Program Files/PuTTY/:/mnt/c/Program Files (x86)/IncrediBuild:/mnt/c/Program Files (x86)/Windows Kits/10/Windows Performance Toolkit/:/mnt/c/ProgramData/chocolatey/bin:/mnt/c/Program Files/CMake/bin:/mnt/c/Users/vigma/.local/bin:/mnt/c/Users/vigma/AppData/Local/Microsoft/WindowsApps:/mnt/c/cygwin64/bin:/mnt/c/Users/vigma/AppData/Local/Programs/Microsoft VS Code/bin:/mnt/c/Program Files/SmartGit/git/bin:/mnt/c/Program Files/OpenSSL-Win64/bin:/snap/bin'), ('XDG_RUNTIME_DIR', '/run/user/1000/'), ('DISPLAY', ':0'), ('LANG', 'en_US.UTF-8'), ('LS_COLORS', 'rs=0:di=01;34:ln=01;36:mh=00:pi=40;33:so=01;35:do=01;35:bd=40;33;01:cd=40;33;01:or=40;31;01:mi=00:su=37;41:sg=30;43:ca=30;41:tw=30;42:ow=34;42:st=37;44:ex=01;32:*.tar=01;31:*.tgz=01;31:*.arc=01;31:*.arj=01;31:*.taz=01;31:*.lha=01;31:*.lz4=01;31:*.lzh=01;31:*.lzma=01;31:*.tlz=01;31:*.txz=01;31:*.tzo=01;31:*.t7z=01;31:*.zip=01;31:*.z=01;31:*.dz=01;31:*.gz=01;31:*.lrz=01;31:*.lz=01;31:*.lzo=01;31:*.xz=01;31:*.zst=01;31:*.tzst=01;31:*.bz2=01;31:*.bz=01;31:*.tbz=01;31:*.tbz2=01;31:*.tz=01;31:*.deb=01;31:*.rpm=01;31:*.jar=01;31:*.war=01;31:*.ear=01;31:*.sar=01;31:*.rar=01;31:*.alz=01;31:*.ace=01;31:*.zoo=01;31:*.cpio=01;31:*.7z=01;31:*.rz=01;31:*.cab=01;31:*.wim=01;31:*.swm=01;31:*.dwm=01;31:*.esd=01;31:*.jpg=01;35:*.jpeg=01;35:*.mjpg=01;35:*.mjpeg=01;35:*.gif=01;35:*.bmp=01;35:*.pbm=01;35:*.pgm=01;35:*.ppm=01;35:*.tga=01;35:*.xbm=01;35:*.xpm=01;35:*.tif=01;35:*.tiff=01;35:*.png=01;35:*.svg=01;35:*.svgz=01;35:*.mng=01;35:*.pcx=01;35:*.mov=01;35:*.mpg=01;35:*.mpeg=01;35:*.m2v=01;35:*.mkv=01;35:*.webm=01;35:*.webp=01;35:*.ogm=01;35:*.mp4=01;35:*.m4v=01;35:*.mp4v=01;35:*.vob=01;35:*.qt=01;35:*.nuv=01;35:*.wmv=01;35:*.asf=01;35:*.rm=01;35:*.rmvb=01;35:*.flc=01;35:*.avi=01;35:*.fli=01;35:*.flv=01;35:*.gl=01;35:*.dl=01;35:*.xcf=01;35:*.xwd=01;35:*.yuv=01;35:*.cgm=01;35:*.emf=01;35:*.ogv=01;35:*.ogx=01;35:*.aac=00;36:*.au=00;36:*.flac=00;36:*.m4a=00;36:*.mid=00;36:*.midi=00;36:*.mka=00;36:*.mp3=00;36:*.mpc=00;36:*.ogg=00;36:*.ra=00;36:*.wav=00;36:*.oga=00;36:*.opus=00;36:*.spx=00;36:*.xspf=00;36:'), ('VSCODE_GIT_IPC_HANDLE', '/run/user/1000/vscode-git-ebf8d60c65.sock'), ('TERM_PROGRAM', 'vscode'), ('AMENT_PREFIX_PATH', '/opt/ros/humble'), ('SHELL', '/bin/bash'), ('LESSCLOSE', '/usr/bin/lesspipe %s %s'), ('VSCODE_GIT_ASKPASS_EXTRA_ARGS', ''), ('PWD', '/home/vigma/ros2_ws/build/barcode_node'), ('XDG_DATA_DIRS', '/usr/local/share:/usr/share:/var/lib/snapd/desktop'), ('PYTHONPATH', '/opt/ros/humble/lib/python3.10/site-packages:/opt/ros/humble/local/lib/python3.10/dist-packages'), ('COLCON', '1'), ('WSL2_GUI_APPS_ENABLED', '1'), ('HOSTTYPE', 'x86_64'), ('WSLENV', 'VSCODE_WSL_EXT_LOCATION/up'), ('CMAKE_PREFIX_PATH', '/opt/ros/humble')]), 'shell': False}
[32.922038] (barcode_node) StdoutLine: {'line': b'-- Install configuration: ""\n'}
[32.926653] (barcode_node) StdoutLine: {'line': b'-- Installing: /home/vigma/ros2_ws/install/barcode_node/lib/barcode_node/barcode_node\n'}
[32.930899] (-) TimerEvent: {}
[32.931660] (barcode_node) StdoutLine: {'line': b'-- Set runtime path of "/home/vigma/ros2_ws/install/barcode_node/lib/barcode_node/barcode_node" to ""\n'}
[32.937612] (barcode_node) StdoutLine: {'line': b'-- Installing: /home/vigma/ros2_ws/install/barcode_node/share/ament_index/resource_index/package_run_dependencies/barcode_node\n'}
[32.940062] (barcode_node) StdoutLine: {'line': b'-- Installing: /home/vigma/ros2_ws/install/barcode_node/share/ament_index/resource_index/parent_prefix_path/barcode_node\n'}
[32.943941] (barcode_node) StdoutLine: {'line': b'-- Installing: /home/vigma/ros2_ws/install/barcode_node/share/barcode_node/environment/ament_prefix_path.sh\n'}
[32.945167] (barcode_node) StdoutLine: {'line': b'-- Installing: /home/vigma/ros2_ws/install/barcode_node/share/barcode_node/environment/ament_prefix_path.dsv\n'}
[32.945996] (barcode_node) StdoutLine: {'line': b'-- Installing: /home/vigma/ros2_ws/install/barcode_node/share/barcode_node/environment/path.sh\n'}
[32.950194] (barcode_node) StdoutLine: {'line': b'-- Installing: /home/vigma/ros2_ws/install/barcode_node/share/barcode_node/environment/path.dsv\n'}
[32.951315] (barcode_node) StdoutLine: {'line': b'-- Installing: /home/vigma/ros2_ws/install/barcode_node/share/barcode_node/local_setup.bash\n'}
[32.952522] (barcode_node) StdoutLine: {'line': b'-- Installing: /home/vigma/ros2_ws/install/barcode_node/share/barcode_node/local_setup.sh\n'}
[32.953551] (barcode_node) StdoutLine: {'line': b'-- Installing: /home/vigma/ros2_ws/install/barcode_node/share/barcode_node/local_setup.zsh\n'}
[32.954541] (barcode_node) StdoutLine: {'line': b'-- Installing: /home/vigma/ros2_ws/install/barcode_node/share/barcode_node/local_setup.dsv\n'}
[32.955571] (barcode_node) StdoutLine: {'line': b'-- Installing: /home/vigma/ros2_ws/install/barcode_node/share/barcode_node/package.dsv\n'}
[32.958495] (barcode_node) StdoutLine: {'line': b'-- Installing: /home/vigma/ros2_ws/install/barcode_node/share/ament_index/resource_index/packages/barcode_node\n'}
[32.961730] (barcode_node) StdoutLine: {'line': b'-- Installing: /home/vigma/ros2_ws/install/barcode_node/share/barcode_node/cmake/barcode_nodeConfig.cmake\n'}
[32.962637] (barcode_node) StdoutLine: {'line': b'-- Installing: /home/vigma/ros2_ws/install/barcode_node/share/barcode_node/cmake/barcode_nodeConfig-version.cmake\n'}
[32.963627] (barcode_node) StdoutLine: {'line': b'-- Installing: /home/vigma/ros2_ws/install/barcode_node/share/barcode_node/package.xml\n'}
[32.974543] (barcode_node) CommandEnded: {'returncode': 0}
[33.025133] (barcode_node) JobEnded: {'identifier': 'barcode_node', 'rc': 0}
[33.030024] (-) EventReactorShutdown: {}
