[0.000000] (-) TimerEvent: {}
[0.001751] (interfaces) JobQueued: {'identifier': 'interfaces', 'dependencies': OrderedDict()}
[0.001989] (barcode_node) JobQueued: {'identifier': 'barcode_node', 'dependencies': OrderedDict([('interfaces', '/home/vigma/ros2_ws/bin_picking_robot/install/interfaces')])}
[0.002667] (cell_controller) JobQueued: {'identifier': 'cell_controller', 'dependencies': OrderedDict([('interfaces', '/home/vigma/ros2_ws/bin_picking_robot/install/interfaces')])}
[0.003230] (door_node) JobQueued: {'identifier': 'door_node', 'dependencies': OrderedDict([('interfaces', '/home/vigma/ros2_ws/bin_picking_robot/install/interfaces')])}
[0.003554] (emergency_node) JobQueued: {'identifier': 'emergency_node', 'dependencies': OrderedDict([('interfaces', '/home/vigma/ros2_ws/bin_picking_robot/install/interfaces')])}
[0.003623] (stacklight_node) JobQueued: {'identifier': 'stacklight_node', 'dependencies': OrderedDict([('interfaces', '/home/vigma/ros2_ws/bin_picking_robot/install/interfaces')])}
[0.003688] (interfaces) JobStarted: {'identifier': 'interfaces'}
[0.056190] (interfaces) JobProgress: {'identifier': 'interfaces', 'progress': 'cmake'}
[0.066840] (interfaces) Command: {'cmd': ['/usr/bin/cmake', '/home/vigma/ros2_ws/bin_picking_robot/src/interfaces', '-DCMAKE_INSTALL_PREFIX=/home/vigma/ros2_ws/bin_picking_robot/install/interfaces'], 'cwd': '/home/vigma/ros2_ws/bin_picking_robot/build/interfaces', 'env': OrderedDict([('LESSOPEN', '| /usr/bin/lesspipe %s'), ('USER', 'vigma'), ('GIT_ASKPASS', '/home/vigma/.vscode-server/bin/0958016b2af9f09bb4257e0df4a95e2f90590f9f/extensions/git/dist/askpass.sh'), ('SHLVL', '1'), ('LD_LIBRARY_PATH', '/opt/ros/humble/opt/rviz_ogre_vendor/lib:/opt/ros/humble/lib/x86_64-linux-gnu:/opt/ros/humble/lib'), ('HOME', '/home/vigma'), ('OLDPWD', '/home/vigma/ros2_ws'), ('TERM_PROGRAM_VERSION', '1.120.0'), ('VSCODE_IPC_HOOK_CLI', '/run/user/1000/vscode-ipc-a3480510-3e41-4ad8-8e8f-c7d3ff025587.sock'), ('ROS_PYTHON_VERSION', '3'), ('VSCODE_GIT_ASKPASS_MAIN', '/home/vigma/.vscode-server/bin/0958016b2af9f09bb4257e0df4a95e2f90590f9f/extensions/git/dist/askpass-main.js'), ('VSCODE_GIT_ASKPASS_NODE', '/home/vigma/.vscode-server/bin/0958016b2af9f09bb4257e0df4a95e2f90590f9f/node'), ('VSCODE_PYTHON_AUTOACTIVATE_GUARD', '1'), ('DBUS_SESSION_BUS_ADDRESS', 'unix:path=/run/user/1000/bus'), ('COLORTERM', 'truecolor'), ('WSL_DISTRO_NAME', 'Ubuntu-22.04'), ('WAYLAND_DISPLAY', 'wayland-0'), ('ROS_DISTRO', 'humble'), ('LOGNAME', 'vigma'), ('NAME', 'Vigneshu'), ('WSL_INTEROP', '/run/WSL/442_interop'), ('PULSE_SERVER', 'unix:/mnt/wslg/PulseServer'), ('_', '/usr/bin/colcon'), ('ROS_VERSION', '2'), ('TERM', 'xterm-256color'), ('ROS_LOCALHOST_ONLY', '0'), ('PATH', '/home/vigma/.vscode-server/data/User/globalStorage/github.copilot-chat/debugCommand:/home/vigma/.vscode-server/data/User/globalStorage/github.copilot-chat/copilotCli:/home/vigma/.vscode-server/bin/0958016b2af9f09bb4257e0df4a95e2f90590f9f/bin/remote-cli:/opt/ros/humble/bin:/usr/local/sbin:/usr/local/bin:/usr/sbin:/usr/bin:/sbin:/bin:/usr/games:/usr/local/games:/usr/lib/wsl/lib:/mnt/c/Users/vigma/AppData/Local/Programs/Microsoft VS Code:/mnt/c/Python314/Scripts/:/mnt/c/Python314/:/mnt/c/WINDOWS/system32:/mnt/c/WINDOWS:/mnt/c/WINDOWS/System32/Wbem:/mnt/c/WINDOWS/System32/WindowsPowerShell/v1.0/:/mnt/c/WINDOWS/System32/OpenSSH/:/mnt/c/Program Files/PuTTY/:/mnt/c/Program Files (x86)/IncrediBuild:/mnt/c/Program Files (x86)/Windows Kits/10/Windows Performance Toolkit/:/mnt/c/ProgramData/chocolatey/bin:/mnt/c/Program Files/CMake/bin:/mnt/c/Users/vigma/.local/bin:/mnt/c/Users/vigma/AppData/Local/Microsoft/WindowsApps:/mnt/c/cygwin64/bin:/mnt/c/Users/vigma/AppData/Local/Programs/Microsoft VS Code/bin:/mnt/c/Program Files/SmartGit/git/bin:/mnt/c/Program Files/OpenSSL-Win64/bin:/snap/bin'), ('XDG_RUNTIME_DIR', '/run/user/1000/'), ('DISPLAY', ':0'), ('LANG', 'en_US.UTF-8'), ('LS_COLORS', 'rs=0:di=01;34:ln=01;36:mh=00:pi=40;33:so=01;35:do=01;35:bd=40;33;01:cd=40;33;01:or=40;31;01:mi=00:su=37;41:sg=30;43:ca=30;41:tw=30;42:ow=34;42:st=37;44:ex=01;32:*.tar=01;31:*.tgz=01;31:*.arc=01;31:*.arj=01;31:*.taz=01;31:*.lha=01;31:*.lz4=01;31:*.lzh=01;31:*.lzma=01;31:*.tlz=01;31:*.txz=01;31:*.tzo=01;31:*.t7z=01;31:*.zip=01;31:*.z=01;31:*.dz=01;31:*.gz=01;31:*.lrz=01;31:*.lz=01;31:*.lzo=01;31:*.xz=01;31:*.zst=01;31:*.tzst=01;31:*.bz2=01;31:*.bz=01;31:*.tbz=01;31:*.tbz2=01;31:*.tz=01;31:*.deb=01;31:*.rpm=01;31:*.jar=01;31:*.war=01;31:*.ear=01;31:*.sar=01;31:*.rar=01;31:*.alz=01;31:*.ace=01;31:*.zoo=01;31:*.cpio=01;31:*.7z=01;31:*.rz=01;31:*.cab=01;31:*.wim=01;31:*.swm=01;31:*.dwm=01;31:*.esd=01;31:*.jpg=01;35:*.jpeg=01;35:*.mjpg=01;35:*.mjpeg=01;35:*.gif=01;35:*.bmp=01;35:*.pbm=01;35:*.pgm=01;35:*.ppm=01;35:*.tga=01;35:*.xbm=01;35:*.xpm=01;35:*.tif=01;35:*.tiff=01;35:*.png=01;35:*.svg=01;35:*.svgz=01;35:*.mng=01;35:*.pcx=01;35:*.mov=01;35:*.mpg=01;35:*.mpeg=01;35:*.m2v=01;35:*.mkv=01;35:*.webm=01;35:*.webp=01;35:*.ogm=01;35:*.mp4=01;35:*.m4v=01;35:*.mp4v=01;35:*.vob=01;35:*.qt=01;35:*.nuv=01;35:*.wmv=01;35:*.asf=01;35:*.rm=01;35:*.rmvb=01;35:*.flc=01;35:*.avi=01;35:*.fli=01;35:*.flv=01;35:*.gl=01;35:*.dl=01;35:*.xcf=01;35:*.xwd=01;35:*.yuv=01;35:*.cgm=01;35:*.emf=01;35:*.ogv=01;35:*.ogx=01;35:*.aac=00;36:*.au=00;36:*.flac=00;36:*.m4a=00;36:*.mid=00;36:*.midi=00;36:*.mka=00;36:*.mp3=00;36:*.mpc=00;36:*.ogg=00;36:*.ra=00;36:*.wav=00;36:*.oga=00;36:*.opus=00;36:*.spx=00;36:*.xspf=00;36:'), ('VSCODE_GIT_IPC_HANDLE', '/run/user/1000/vscode-git-ebf8d60c65.sock'), ('TERM_PROGRAM', 'vscode'), ('AMENT_PREFIX_PATH', '/opt/ros/humble'), ('SHELL', '/bin/bash'), ('LESSCLOSE', '/usr/bin/lesspipe %s %s'), ('VSCODE_GIT_ASKPASS_EXTRA_ARGS', ''), ('PWD', '/home/vigma/ros2_ws/bin_picking_robot/build/interfaces'), ('XDG_DATA_DIRS', '/usr/local/share:/usr/share:/var/lib/snapd/desktop'), ('PYTHONPATH', '/opt/ros/humble/lib/python3.10/site-packages:/opt/ros/humble/local/lib/python3.10/dist-packages'), ('COLCON', '1'), ('WSL2_GUI_APPS_ENABLED', '1'), ('HOSTTYPE', 'x86_64'), ('WSLENV', 'VSCODE_WSL_EXT_LOCATION/up:VSCODE_SERVER_TAR/up'), ('CMAKE_PREFIX_PATH', '/opt/ros/humble')]), 'shell': False}
[0.098784] (-) TimerEvent: {}
[0.199531] (-) TimerEvent: {}
[0.300149] (-) TimerEvent: {}
[0.400719] (-) TimerEvent: {}
[0.501421] (-) TimerEvent: {}
[0.602101] (-) TimerEvent: {}
[0.702813] (-) TimerEvent: {}
[0.803621] (-) TimerEvent: {}
[0.806599] (interfaces) StdoutLine: {'line': b'-- The C compiler identification is GNU 11.4.0\n'}
[0.903756] (-) TimerEvent: {}
[1.004431] (-) TimerEvent: {}
[1.105096] (-) TimerEvent: {}
[1.205945] (-) TimerEvent: {}
[1.306704] (-) TimerEvent: {}
[1.407458] (-) TimerEvent: {}
[1.508196] (-) TimerEvent: {}
[1.608890] (-) TimerEvent: {}
[1.709607] (-) TimerEvent: {}
[1.810528] (-) TimerEvent: {}
[1.911291] (-) TimerEvent: {}
[2.011993] (-) TimerEvent: {}
[2.112697] (-) TimerEvent: {}
[2.172546] (interfaces) StdoutLine: {'line': b'-- The CXX compiler identification is GNU 11.4.0\n'}
[2.212913] (-) TimerEvent: {}
[2.313616] (-) TimerEvent: {}
[2.414286] (-) TimerEvent: {}
[2.514963] (-) TimerEvent: {}
[2.615765] (-) TimerEvent: {}
[2.716419] (-) TimerEvent: {}
[2.817027] (-) TimerEvent: {}
[2.917717] (-) TimerEvent: {}
[2.998130] (interfaces) StdoutLine: {'line': b'-- Detecting C compiler ABI info\n'}
[3.017883] (-) TimerEvent: {}
[3.118666] (-) TimerEvent: {}
[3.219253] (-) TimerEvent: {}
[3.319921] (-) TimerEvent: {}
[3.420605] (-) TimerEvent: {}
[3.472933] (interfaces) StdoutLine: {'line': b'-- Detecting C compiler ABI info - done\n'}
[3.492532] (interfaces) StdoutLine: {'line': b'-- Check for working C compiler: /usr/bin/cc - skipped\n'}
[3.500494] (interfaces) StdoutLine: {'line': b'-- Detecting C compile features\n'}
[3.503379] (interfaces) StdoutLine: {'line': b'-- Detecting C compile features - done\n'}
[3.514403] (interfaces) StdoutLine: {'line': b'-- Detecting CXX compiler ABI info\n'}
[3.520833] (-) TimerEvent: {}
[3.621526] (-) TimerEvent: {}
[3.722399] (-) TimerEvent: {}
[3.823098] (-) TimerEvent: {}
[3.923792] (-) TimerEvent: {}
[3.973779] (interfaces) StdoutLine: {'line': b'-- Detecting CXX compiler ABI info - done\n'}
[3.998436] (interfaces) StdoutLine: {'line': b'-- Check for working CXX compiler: /usr/bin/c++ - skipped\n'}
[3.999769] (interfaces) StdoutLine: {'line': b'-- Detecting CXX compile features\n'}
[4.001678] (interfaces) StdoutLine: {'line': b'-- Detecting CXX compile features - done\n'}
[4.023921] (-) TimerEvent: {}
[4.038810] (interfaces) StdoutLine: {'line': b'-- Found ament_cmake: 1.3.14 (/opt/ros/humble/share/ament_cmake/cmake)\n'}
[4.124114] (-) TimerEvent: {}
[4.224816] (-) TimerEvent: {}
[4.325484] (-) TimerEvent: {}
[4.426282] (-) TimerEvent: {}
[4.499431] (interfaces) StdoutLine: {'line': b'-- Found Python3: /usr/bin/python3 (found version "3.10.12") found components: Interpreter \n'}
[4.526510] (-) TimerEvent: {}
[4.627287] (-) TimerEvent: {}
[4.727869] (-) TimerEvent: {}
[4.824101] (interfaces) StdoutLine: {'line': b'-- Found rosidl_default_generators: 1.2.1 (/opt/ros/humble/share/rosidl_default_generators/cmake)\n'}
[4.828111] (-) TimerEvent: {}
[4.840348] (interfaces) StdoutLine: {'line': b'-- Using all available rosidl_typesupport_c: rosidl_typesupport_fastrtps_c;rosidl_typesupport_introspection_c\n'}
[4.883569] (interfaces) StdoutLine: {'line': b'-- Found rosidl_adapter: 3.1.8 (/opt/ros/humble/share/rosidl_adapter/cmake)\n'}
[4.928291] (-) TimerEvent: {}
[5.028950] (-) TimerEvent: {}
[5.129617] (-) TimerEvent: {}
[5.230387] (-) TimerEvent: {}
[5.331197] (-) TimerEvent: {}
[5.393513] (interfaces) StdoutLine: {'line': b'-- Using all available rosidl_typesupport_cpp: rosidl_typesupport_fastrtps_cpp;rosidl_typesupport_introspection_cpp\n'}
[5.431347] (-) TimerEvent: {}
[5.531994] (-) TimerEvent: {}
[5.549217] (interfaces) StdoutLine: {'line': b'-- Found std_msgs: 4.9.1 (/opt/ros/humble/share/std_msgs/cmake)\n'}
[5.632191] (-) TimerEvent: {}
[5.732793] (-) TimerEvent: {}
[5.833440] (-) TimerEvent: {}
[5.934235] (-) TimerEvent: {}
[6.034851] (-) TimerEvent: {}
[6.135493] (-) TimerEvent: {}
[6.236136] (-) TimerEvent: {}
[6.336743] (-) TimerEvent: {}
[6.437445] (-) TimerEvent: {}
[6.538121] (-) TimerEvent: {}
[6.636158] (interfaces) StdoutLine: {'line': b'-- Found ament_cmake_ros: 0.10.0 (/opt/ros/humble/share/ament_cmake_ros/cmake)\n'}
[6.638274] (-) TimerEvent: {}
[6.738936] (-) TimerEvent: {}
[6.839661] (-) TimerEvent: {}
[6.940342] (-) TimerEvent: {}
[7.041086] (-) TimerEvent: {}
[7.141662] (-) TimerEvent: {}
[7.242401] (-) TimerEvent: {}
[7.308911] (interfaces) StdoutLine: {'line': b'-- Using all available rosidl_typesupport_c: rosidl_typesupport_fastrtps_c;rosidl_typesupport_introspection_c\n'}
[7.342632] (-) TimerEvent: {}
[7.443286] (-) TimerEvent: {}
[7.544006] (-) TimerEvent: {}
[7.646111] (-) TimerEvent: {}
[7.746878] (-) TimerEvent: {}
[7.847494] (-) TimerEvent: {}
[7.948250] (-) TimerEvent: {}
[8.048945] (-) TimerEvent: {}
[8.149631] (-) TimerEvent: {}
[8.197160] (interfaces) StdoutLine: {'line': b'-- Using all available rosidl_typesupport_cpp: rosidl_typesupport_fastrtps_cpp;rosidl_typesupport_introspection_cpp\n'}
[8.249738] (-) TimerEvent: {}
[8.350629] (-) TimerEvent: {}
[8.451406] (-) TimerEvent: {}
[8.552135] (-) TimerEvent: {}
[8.553187] (interfaces) StdoutLine: {'line': b'-- Found PythonInterp: /usr/bin/python3 (found suitable version "3.10.12", minimum required is "3.6") \n'}
[8.565178] (interfaces) StdoutLine: {'line': b'-- Found python_cmake_module: 0.10.0 (/opt/ros/humble/share/python_cmake_module/cmake)\n'}
[8.652366] (-) TimerEvent: {}
[8.753034] (-) TimerEvent: {}
[8.853754] (-) TimerEvent: {}
[8.954508] (-) TimerEvent: {}
[9.055221] (-) TimerEvent: {}
[9.155969] (-) TimerEvent: {}
[9.256694] (-) TimerEvent: {}
[9.357482] (-) TimerEvent: {}
[9.458339] (-) TimerEvent: {}
[9.559045] (-) TimerEvent: {}
[9.620024] (interfaces) StdoutLine: {'line': b'-- Found PythonLibs: /usr/lib/x86_64-linux-gnu/libpython3.10.so (found suitable version "3.10.12", minimum required is "3.5") \n'}
[9.620569] (interfaces) StdoutLine: {'line': b'-- Using PYTHON_EXECUTABLE: /usr/bin/python3\n'}
[9.620772] (interfaces) StdoutLine: {'line': b'-- Using PYTHON_INCLUDE_DIRS: /usr/include/python3.10\n'}
[9.620934] (interfaces) StdoutLine: {'line': b'-- Using PYTHON_LIBRARIES: /usr/lib/x86_64-linux-gnu/libpython3.10.so\n'}
[9.659162] (-) TimerEvent: {}
[9.675790] (interfaces) StdoutLine: {'line': b'-- Found PythonExtra: .so  \n'}
[9.759572] (-) TimerEvent: {}
[9.860307] (-) TimerEvent: {}
[9.961062] (-) TimerEvent: {}
[10.061745] (-) TimerEvent: {}
[10.162590] (-) TimerEvent: {}
[10.235228] (interfaces) StdoutLine: {'line': b'-- Configuring done\n'}
[10.262768] (-) TimerEvent: {}
[10.363332] (-) TimerEvent: {}
[10.463963] (-) TimerEvent: {}
[10.525701] (interfaces) StdoutLine: {'line': b'-- Generating done\n'}
[10.564149] (-) TimerEvent: {}
[10.573153] (interfaces) StdoutLine: {'line': b'-- Build files have been written to: /home/vigma/ros2_ws/bin_picking_robot/build/interfaces\n'}
[10.596789] (interfaces) CommandEnded: {'returncode': 0}
[10.598665] (interfaces) JobProgress: {'identifier': 'interfaces', 'progress': 'build'}
[10.603066] (interfaces) Command: {'cmd': ['/usr/bin/cmake', '--build', '/home/vigma/ros2_ws/bin_picking_robot/build/interfaces', '--', '-j16', '-l16'], 'cwd': '/home/vigma/ros2_ws/bin_picking_robot/build/interfaces', 'env': OrderedDict([('LESSOPEN', '| /usr/bin/lesspipe %s'), ('USER', 'vigma'), ('GIT_ASKPASS', '/home/vigma/.vscode-server/bin/0958016b2af9f09bb4257e0df4a95e2f90590f9f/extensions/git/dist/askpass.sh'), ('SHLVL', '1'), ('LD_LIBRARY_PATH', '/opt/ros/humble/opt/rviz_ogre_vendor/lib:/opt/ros/humble/lib/x86_64-linux-gnu:/opt/ros/humble/lib'), ('HOME', '/home/vigma'), ('OLDPWD', '/home/vigma/ros2_ws'), ('TERM_PROGRAM_VERSION', '1.120.0'), ('VSCODE_IPC_HOOK_CLI', '/run/user/1000/vscode-ipc-a3480510-3e41-4ad8-8e8f-c7d3ff025587.sock'), ('ROS_PYTHON_VERSION', '3'), ('VSCODE_GIT_ASKPASS_MAIN', '/home/vigma/.vscode-server/bin/0958016b2af9f09bb4257e0df4a95e2f90590f9f/extensions/git/dist/askpass-main.js'), ('VSCODE_GIT_ASKPASS_NODE', '/home/vigma/.vscode-server/bin/0958016b2af9f09bb4257e0df4a95e2f90590f9f/node'), ('VSCODE_PYTHON_AUTOACTIVATE_GUARD', '1'), ('DBUS_SESSION_BUS_ADDRESS', 'unix:path=/run/user/1000/bus'), ('COLORTERM', 'truecolor'), ('WSL_DISTRO_NAME', 'Ubuntu-22.04'), ('WAYLAND_DISPLAY', 'wayland-0'), ('ROS_DISTRO', 'humble'), ('LOGNAME', 'vigma'), ('NAME', 'Vigneshu'), ('WSL_INTEROP', '/run/WSL/442_interop'), ('PULSE_SERVER', 'unix:/mnt/wslg/PulseServer'), ('_', '/usr/bin/colcon'), ('ROS_VERSION', '2'), ('TERM', 'xterm-256color'), ('ROS_LOCALHOST_ONLY', '0'), ('PATH', '/home/vigma/.vscode-server/data/User/globalStorage/github.copilot-chat/debugCommand:/home/vigma/.vscode-server/data/User/globalStorage/github.copilot-chat/copilotCli:/home/vigma/.vscode-server/bin/0958016b2af9f09bb4257e0df4a95e2f90590f9f/bin/remote-cli:/opt/ros/humble/bin:/usr/local/sbin:/usr/local/bin:/usr/sbin:/usr/bin:/sbin:/bin:/usr/games:/usr/local/games:/usr/lib/wsl/lib:/mnt/c/Users/vigma/AppData/Local/Programs/Microsoft VS Code:/mnt/c/Python314/Scripts/:/mnt/c/Python314/:/mnt/c/WINDOWS/system32:/mnt/c/WINDOWS:/mnt/c/WINDOWS/System32/Wbem:/mnt/c/WINDOWS/System32/WindowsPowerShell/v1.0/:/mnt/c/WINDOWS/System32/OpenSSH/:/mnt/c/Program Files/PuTTY/:/mnt/c/Program Files (x86)/IncrediBuild:/mnt/c/Program Files (x86)/Windows Kits/10/Windows Performance Toolkit/:/mnt/c/ProgramData/chocolatey/bin:/mnt/c/Program Files/CMake/bin:/mnt/c/Users/vigma/.local/bin:/mnt/c/Users/vigma/AppData/Local/Microsoft/WindowsApps:/mnt/c/cygwin64/bin:/mnt/c/Users/vigma/AppData/Local/Programs/Microsoft VS Code/bin:/mnt/c/Program Files/SmartGit/git/bin:/mnt/c/Program Files/OpenSSL-Win64/bin:/snap/bin'), ('XDG_RUNTIME_DIR', '/run/user/1000/'), ('DISPLAY', ':0'), ('LANG', 'en_US.UTF-8'), ('LS_COLORS', 'rs=0:di=01;34:ln=01;36:mh=00:pi=40;33:so=01;35:do=01;35:bd=40;33;01:cd=40;33;01:or=40;31;01:mi=00:su=37;41:sg=30;43:ca=30;41:tw=30;42:ow=34;42:st=37;44:ex=01;32:*.tar=01;31:*.tgz=01;31:*.arc=01;31:*.arj=01;31:*.taz=01;31:*.lha=01;31:*.lz4=01;31:*.lzh=01;31:*.lzma=01;31:*.tlz=01;31:*.txz=01;31:*.tzo=01;31:*.t7z=01;31:*.zip=01;31:*.z=01;31:*.dz=01;31:*.gz=01;31:*.lrz=01;31:*.lz=01;31:*.lzo=01;31:*.xz=01;31:*.zst=01;31:*.tzst=01;31:*.bz2=01;31:*.bz=01;31:*.tbz=01;31:*.tbz2=01;31:*.tz=01;31:*.deb=01;31:*.rpm=01;31:*.jar=01;31:*.war=01;31:*.ear=01;31:*.sar=01;31:*.rar=01;31:*.alz=01;31:*.ace=01;31:*.zoo=01;31:*.cpio=01;31:*.7z=01;31:*.rz=01;31:*.cab=01;31:*.wim=01;31:*.swm=01;31:*.dwm=01;31:*.esd=01;31:*.jpg=01;35:*.jpeg=01;35:*.mjpg=01;35:*.mjpeg=01;35:*.gif=01;35:*.bmp=01;35:*.pbm=01;35:*.pgm=01;35:*.ppm=01;35:*.tga=01;35:*.xbm=01;35:*.xpm=01;35:*.tif=01;35:*.tiff=01;35:*.png=01;35:*.svg=01;35:*.svgz=01;35:*.mng=01;35:*.pcx=01;35:*.mov=01;35:*.mpg=01;35:*.mpeg=01;35:*.m2v=01;35:*.mkv=01;35:*.webm=01;35:*.webp=01;35:*.ogm=01;35:*.mp4=01;35:*.m4v=01;35:*.mp4v=01;35:*.vob=01;35:*.qt=01;35:*.nuv=01;35:*.wmv=01;35:*.asf=01;35:*.rm=01;35:*.rmvb=01;35:*.flc=01;35:*.avi=01;35:*.fli=01;35:*.flv=01;35:*.gl=01;35:*.dl=01;35:*.xcf=01;35:*.xwd=01;35:*.yuv=01;35:*.cgm=01;35:*.emf=01;35:*.ogv=01;35:*.ogx=01;35:*.aac=00;36:*.au=00;36:*.flac=00;36:*.m4a=00;36:*.mid=00;36:*.midi=00;36:*.mka=00;36:*.mp3=00;36:*.mpc=00;36:*.ogg=00;36:*.ra=00;36:*.wav=00;36:*.oga=00;36:*.opus=00;36:*.spx=00;36:*.xspf=00;36:'), ('VSCODE_GIT_IPC_HANDLE', '/run/user/1000/vscode-git-ebf8d60c65.sock'), ('TERM_PROGRAM', 'vscode'), ('AMENT_PREFIX_PATH', '/opt/ros/humble'), ('SHELL', '/bin/bash'), ('LESSCLOSE', '/usr/bin/lesspipe %s %s'), ('VSCODE_GIT_ASKPASS_EXTRA_ARGS', ''), ('PWD', '/home/vigma/ros2_ws/bin_picking_robot/build/interfaces'), ('XDG_DATA_DIRS', '/usr/local/share:/usr/share:/var/lib/snapd/desktop'), ('PYTHONPATH', '/opt/ros/humble/lib/python3.10/site-packages:/opt/ros/humble/local/lib/python3.10/dist-packages'), ('COLCON', '1'), ('WSL2_GUI_APPS_ENABLED', '1'), ('HOSTTYPE', 'x86_64'), ('WSLENV', 'VSCODE_WSL_EXT_LOCATION/up:VSCODE_SERVER_TAR/up'), ('CMAKE_PREFIX_PATH', '/opt/ros/humble')]), 'shell': False}
[10.664262] (-) TimerEvent: {}
[10.752218] (interfaces) StdoutLine: {'line': b'[  1%] \x1b[34m\x1b[1mGenerating C code for ROS interfaces\x1b[0m\n'}
[10.764528] (-) TimerEvent: {}
[10.802355] (interfaces) StdoutLine: {'line': b'[  2%] \x1b[34m\x1b[1mGenerating Rust code for ROS interfaces\x1b[0m\n'}
[10.803334] (interfaces) StdoutLine: {'line': b'[  3%] \x1b[34m\x1b[1mGenerating C++ code for ROS interfaces\x1b[0m\n'}
[10.836202] (interfaces) StdoutLine: {'line': b'[  3%] Built target ament_cmake_python_copy_interfaces\n'}
[10.864748] (-) TimerEvent: {}
[10.965556] (-) TimerEvent: {}
[11.066551] (-) TimerEvent: {}
[11.167129] (-) TimerEvent: {}
[11.267776] (-) TimerEvent: {}
[11.368499] (-) TimerEvent: {}
[11.469239] (-) TimerEvent: {}
[11.570025] (interfaces) StdoutLine: {'line': b'running egg_info\n'}
[11.570736] (-) TimerEvent: {}
[11.571828] (interfaces) StdoutLine: {'line': b'creating interfaces.egg-info\n'}
[11.573909] (interfaces) StdoutLine: {'line': b'writing interfaces.egg-info/PKG-INFO\n'}
[11.574728] (interfaces) StdoutLine: {'line': b'writing dependency_links to interfaces.egg-info/dependency_links.txt\n'}
[11.575724] (interfaces) StdoutLine: {'line': b'writing top-level names to interfaces.egg-info/top_level.txt\n'}
[11.576368] (interfaces) StdoutLine: {'line': b"writing manifest file 'interfaces.egg-info/SOURCES.txt'\n"}
[11.586375] (interfaces) StdoutLine: {'line': b"reading manifest file 'interfaces.egg-info/SOURCES.txt'\n"}
[11.588424] (interfaces) StdoutLine: {'line': b"writing manifest file 'interfaces.egg-info/SOURCES.txt'\n"}
[11.665329] (interfaces) StdoutLine: {'line': b'[  3%] Built target ament_cmake_python_build_interfaces_egg\n'}
[11.670913] (-) TimerEvent: {}
[11.758784] (interfaces) StdoutLine: {'line': b'[  3%] Built target interfaces__rs\n'}
[11.771095] (-) TimerEvent: {}
[11.871767] (-) TimerEvent: {}
[11.972431] (-) TimerEvent: {}
[12.073058] (-) TimerEvent: {}
[12.173722] (-) TimerEvent: {}
[12.274788] (-) TimerEvent: {}
[12.375435] (-) TimerEvent: {}
[12.476088] (-) TimerEvent: {}
[12.576809] (-) TimerEvent: {}
[12.677621] (-) TimerEvent: {}
[12.782314] (-) TimerEvent: {}
[12.882931] (-) TimerEvent: {}
[12.918478] (interfaces) StdoutLine: {'line': b'[  4%] \x1b[32mBuilding C object CMakeFiles/interfaces__rosidl_generator_c.dir/rosidl_generator_c/interfaces/msg/detail/door_state__functions.c.o\x1b[0m\n'}
[12.919064] (interfaces) StdoutLine: {'line': b'[  5%] \x1b[32mBuilding C object CMakeFiles/interfaces__rosidl_generator_c.dir/rosidl_generator_c/interfaces/msg/detail/barcode__functions.c.o\x1b[0m\n'}
[12.930518] (interfaces) StdoutLine: {'line': b'[  6%] \x1b[32mBuilding C object CMakeFiles/interfaces__rosidl_generator_c.dir/rosidl_generator_c/interfaces/msg/detail/emergency_state__functions.c.o\x1b[0m\n'}
[12.936108] (interfaces) StdoutLine: {'line': b'[  7%] \x1b[32mBuilding C object CMakeFiles/interfaces__rosidl_generator_c.dir/rosidl_generator_c/interfaces/msg/detail/stack_light__functions.c.o\x1b[0m\n'}
[12.939103] (interfaces) StdoutLine: {'line': b'[  9%] \x1b[32mBuilding C object CMakeFiles/interfaces__rosidl_generator_c.dir/rosidl_generator_c/interfaces/srv/detail/get_barcode__functions.c.o\x1b[0m\n'}
[12.941555] (interfaces) StdoutLine: {'line': b'[ 10%] \x1b[32mBuilding C object CMakeFiles/interfaces__rosidl_generator_c.dir/rosidl_generator_c/interfaces/srv/detail/toggle_door__functions.c.o\x1b[0m\n'}
[12.943880] (interfaces) StdoutLine: {'line': b'[ 12%] \x1b[32mBuilding C object CMakeFiles/interfaces__rosidl_generator_c.dir/rosidl_generator_c/interfaces/srv/detail/press_emergency__functions.c.o\x1b[0m\n'}
[12.944493] (interfaces) StdoutLine: {'line': b'[ 12%] \x1b[32mBuilding C object CMakeFiles/interfaces__rosidl_generator_c.dir/rosidl_generator_c/interfaces/srv/detail/reset_emergency__functions.c.o\x1b[0m\n'}
[12.969682] (interfaces) StdoutLine: {'line': b'[ 12%] Built target interfaces__cpp\n'}
[12.983187] (-) TimerEvent: {}
[13.012640] (interfaces) StdoutLine: {'line': b'[ 13%] \x1b[34m\x1b[1mGenerating C++ type support for eProsima Fast-RTPS\x1b[0m\n'}
[13.014385] (interfaces) StdoutLine: {'line': b'[ 14%] \x1b[34m\x1b[1mGenerating C++ type support dispatch for ROS interfaces\x1b[0m\n'}
[13.018925] (interfaces) StdoutLine: {'line': b'[ 15%] \x1b[34m\x1b[1mGenerating C++ introspection for ROS interfaces\x1b[0m\n'}
[13.084008] (-) TimerEvent: {}
[13.185098] (-) TimerEvent: {}
[13.263726] (interfaces) StdoutLine: {'line': b'[ 17%] \x1b[32m\x1b[1mLinking C shared library libinterfaces__rosidl_generator_c.so\x1b[0m\n'}
[13.285267] (-) TimerEvent: {}
[13.385927] (-) TimerEvent: {}
[13.486646] (-) TimerEvent: {}
[13.583234] (interfaces) StdoutLine: {'line': b'[ 17%] Built target interfaces__rosidl_generator_c\n'}
[13.586826] (-) TimerEvent: {}
[13.632056] (interfaces) StdoutLine: {'line': b'[ 19%] \x1b[34m\x1b[1mGenerating C introspection for ROS interfaces\x1b[0m\n'}
[13.632593] (interfaces) StdoutLine: {'line': b'[ 19%] \x1b[34m\x1b[1mGenerating C type support for eProsima Fast-RTPS\x1b[0m\n'}
[13.633379] (interfaces) StdoutLine: {'line': b'[ 20%] \x1b[34m\x1b[1mGenerating C type support dispatch for ROS interfaces\x1b[0m\n'}
[13.687066] (-) TimerEvent: {}
[13.787777] (-) TimerEvent: {}
[13.888341] (-) TimerEvent: {}
[13.988990] (-) TimerEvent: {}
[14.089682] (-) TimerEvent: {}
[14.190571] (-) TimerEvent: {}
[14.291326] (-) TimerEvent: {}
[14.392069] (-) TimerEvent: {}
[14.459198] (interfaces) StdoutLine: {'line': b'[ 21%] \x1b[32mBuilding CXX object CMakeFiles/interfaces__rosidl_typesupport_cpp.dir/rosidl_typesupport_cpp/interfaces/msg/barcode__type_support.cpp.o\x1b[0m\n'}
[14.460140] (interfaces) StdoutLine: {'line': b'[ 22%] \x1b[32mBuilding CXX object CMakeFiles/interfaces__rosidl_typesupport_cpp.dir/rosidl_typesupport_cpp/interfaces/msg/door_state__type_support.cpp.o\x1b[0m\n'}
[14.460642] (interfaces) StdoutLine: {'line': b'[ 25%] \x1b[32mBuilding CXX object CMakeFiles/interfaces__rosidl_typesupport_cpp.dir/rosidl_typesupport_cpp/interfaces/msg/emergency_state__type_support.cpp.o\x1b[0m\n'}
[14.461443] (interfaces) StdoutLine: {'line': b'[ 25%] \x1b[32mBuilding CXX object CMakeFiles/interfaces__rosidl_typesupport_cpp.dir/rosidl_typesupport_cpp/interfaces/msg/stack_light__type_support.cpp.o\x1b[0m\n'}
[14.462221] (interfaces) StdoutLine: {'line': b'[ 26%] \x1b[32mBuilding CXX object CMakeFiles/interfaces__rosidl_typesupport_cpp.dir/rosidl_typesupport_cpp/interfaces/srv/press_emergency__type_support.cpp.o\x1b[0m\n'}
[14.464085] (interfaces) StdoutLine: {'line': b'[ 28%] \x1b[32mBuilding CXX object CMakeFiles/interfaces__rosidl_typesupport_cpp.dir/rosidl_typesupport_cpp/interfaces/srv/get_barcode__type_support.cpp.o\x1b[0m\n'}
[14.464672] (interfaces) StdoutLine: {'line': b'[ 28%] \x1b[32mBuilding CXX object CMakeFiles/interfaces__rosidl_typesupport_cpp.dir/rosidl_typesupport_cpp/interfaces/srv/reset_emergency__type_support.cpp.o\x1b[0m\n'}
[14.467371] (interfaces) StdoutLine: {'line': b'[ 29%] \x1b[32mBuilding CXX object CMakeFiles/interfaces__rosidl_typesupport_cpp.dir/rosidl_typesupport_cpp/interfaces/srv/toggle_door__type_support.cpp.o\x1b[0m\n'}
[14.492363] (-) TimerEvent: {}
[14.595194] (-) TimerEvent: {}
[14.696466] (-) TimerEvent: {}
[14.802857] (-) TimerEvent: {}
[14.819700] (interfaces) StdoutLine: {'line': b'[ 30%] \x1b[32mBuilding CXX object CMakeFiles/interfaces__rosidl_typesupport_introspection_cpp.dir/rosidl_typesupport_introspection_cpp/interfaces/msg/detail/emergency_state__type_support.cpp.o\x1b[0m\n'}
[14.822552] (interfaces) StdoutLine: {'line': b'[ 31%] \x1b[32mBuilding CXX object CMakeFiles/interfaces__rosidl_typesupport_introspection_cpp.dir/rosidl_typesupport_introspection_cpp/interfaces/msg/detail/door_state__type_support.cpp.o\x1b[0m\n'}
[14.830299] (interfaces) StdoutLine: {'line': b'[ 32%] \x1b[32mBuilding CXX object CMakeFiles/interfaces__rosidl_typesupport_introspection_cpp.dir/rosidl_typesupport_introspection_cpp/interfaces/msg/detail/barcode__type_support.cpp.o\x1b[0m\n'}
[14.833775] (interfaces) StdoutLine: {'line': b'[ 34%] \x1b[32mBuilding CXX object CMakeFiles/interfaces__rosidl_typesupport_introspection_cpp.dir/rosidl_typesupport_introspection_cpp/interfaces/msg/detail/stack_light__type_support.cpp.o\x1b[0m\n'}
[14.903095] (-) TimerEvent: {}
[15.006301] (-) TimerEvent: {}
[15.106906] (-) TimerEvent: {}
[15.207803] (-) TimerEvent: {}
[15.310296] (-) TimerEvent: {}
[15.382457] (interfaces) StdoutLine: {'line': b'[ 35%] \x1b[32mBuilding CXX object CMakeFiles/interfaces__rosidl_typesupport_c.dir/rosidl_typesupport_c/interfaces/msg/barcode__type_support.cpp.o\x1b[0m\n'}
[15.410527] (-) TimerEvent: {}
[15.514657] (-) TimerEvent: {}
[15.566013] (interfaces) StdoutLine: {'line': b'[ 36%] \x1b[32mBuilding CXX object CMakeFiles/interfaces__rosidl_typesupport_c.dir/rosidl_typesupport_c/interfaces/msg/door_state__type_support.cpp.o\x1b[0m\n'}
[15.614819] (-) TimerEvent: {}
[15.705416] (interfaces) StdoutLine: {'line': b'[ 37%] \x1b[32mBuilding CXX object CMakeFiles/interfaces__rosidl_typesupport_fastrtps_cpp.dir/rosidl_typesupport_fastrtps_cpp/interfaces/msg/detail/dds_fastrtps/barcode__type_support.cpp.o\x1b[0m\n'}
[15.715079] (-) TimerEvent: {}
[15.740293] (interfaces) StdoutLine: {'line': b'[ 38%] \x1b[32mBuilding CXX object CMakeFiles/interfaces__rosidl_typesupport_c.dir/rosidl_typesupport_c/interfaces/msg/emergency_state__type_support.cpp.o\x1b[0m\n'}
[15.815233] (-) TimerEvent: {}
[15.918525] (-) TimerEvent: {}
[15.931030] (interfaces) StdoutLine: {'line': b'[ 39%] \x1b[32mBuilding CXX object CMakeFiles/interfaces__rosidl_typesupport_c.dir/rosidl_typesupport_c/interfaces/msg/stack_light__type_support.cpp.o\x1b[0m\n'}
[16.018700] (-) TimerEvent: {}
[16.045756] (interfaces) StdoutLine: {'line': b'[ 40%] \x1b[32mBuilding CXX object CMakeFiles/interfaces__rosidl_typesupport_fastrtps_cpp.dir/rosidl_typesupport_fastrtps_cpp/interfaces/msg/detail/dds_fastrtps/door_state__type_support.cpp.o\x1b[0m\n'}
[16.093543] (interfaces) StdoutLine: {'line': b'[ 42%] \x1b[32mBuilding CXX object CMakeFiles/interfaces__rosidl_typesupport_c.dir/rosidl_typesupport_c/interfaces/srv/get_barcode__type_support.cpp.o\x1b[0m\n'}
[16.103632] (interfaces) StdoutLine: {'line': b'[ 43%] \x1b[32mBuilding CXX object CMakeFiles/interfaces__rosidl_typesupport_c.dir/rosidl_typesupport_c/interfaces/srv/toggle_door__type_support.cpp.o\x1b[0m\n'}
[16.118936] (-) TimerEvent: {}
[16.124889] (interfaces) StdoutLine: {'line': b'[ 44%] \x1b[32mBuilding CXX object CMakeFiles/interfaces__rosidl_typesupport_fastrtps_cpp.dir/rosidl_typesupport_fastrtps_cpp/interfaces/msg/detail/dds_fastrtps/emergency_state__type_support.cpp.o\x1b[0m\n'}
[16.161754] (interfaces) StdoutLine: {'line': b'[ 45%] \x1b[32mBuilding CXX object CMakeFiles/interfaces__rosidl_typesupport_introspection_cpp.dir/rosidl_typesupport_introspection_cpp/interfaces/srv/detail/get_barcode__type_support.cpp.o\x1b[0m\n'}
[16.174833] (interfaces) StdoutLine: {'line': b'[ 46%] \x1b[32mBuilding CXX object CMakeFiles/interfaces__rosidl_typesupport_introspection_cpp.dir/rosidl_typesupport_introspection_cpp/interfaces/srv/detail/toggle_door__type_support.cpp.o\x1b[0m\n'}
[16.184731] (interfaces) StdoutLine: {'line': b'[ 47%] \x1b[32mBuilding CXX object CMakeFiles/interfaces__rosidl_typesupport_introspection_cpp.dir/rosidl_typesupport_introspection_cpp/interfaces/srv/detail/press_emergency__type_support.cpp.o\x1b[0m\n'}
[16.207519] (interfaces) StdoutLine: {'line': b'[ 48%] \x1b[32mBuilding CXX object CMakeFiles/interfaces__rosidl_typesupport_c.dir/rosidl_typesupport_c/interfaces/srv/press_emergency__type_support.cpp.o\x1b[0m\n'}
[16.217352] (interfaces) StdoutLine: {'line': b'[ 50%] \x1b[32m\x1b[1mLinking CXX shared library libinterfaces__rosidl_typesupport_cpp.so\x1b[0m\n'}
[16.222353] (-) TimerEvent: {}
[16.251481] (interfaces) StdoutLine: {'line': b'[ 51%] \x1b[32mBuilding CXX object CMakeFiles/interfaces__rosidl_typesupport_fastrtps_cpp.dir/rosidl_typesupport_fastrtps_cpp/interfaces/msg/detail/dds_fastrtps/stack_light__type_support.cpp.o\x1b[0m\n'}
[16.265002] (interfaces) StdoutLine: {'line': b'[ 52%] \x1b[32mBuilding C object CMakeFiles/interfaces__rosidl_typesupport_introspection_c.dir/rosidl_typesupport_introspection_c/interfaces/msg/detail/barcode__type_support.c.o\x1b[0m\n'}
[16.268756] (interfaces) StdoutLine: {'line': b'[ 53%] \x1b[32mBuilding CXX object CMakeFiles/interfaces__rosidl_typesupport_c.dir/rosidl_typesupport_c/interfaces/srv/reset_emergency__type_support.cpp.o\x1b[0m\n'}
[16.322542] (-) TimerEvent: {}
[16.381146] (interfaces) StdoutLine: {'line': b'[ 54%] \x1b[32mBuilding CXX object CMakeFiles/interfaces__rosidl_typesupport_introspection_cpp.dir/rosidl_typesupport_introspection_cpp/interfaces/srv/detail/reset_emergency__type_support.cpp.o\x1b[0m\n'}
[16.422748] (-) TimerEvent: {}
[16.427550] (interfaces) StdoutLine: {'line': b'[ 55%] \x1b[32m\x1b[1mLinking CXX shared library libinterfaces__rosidl_typesupport_c.so\x1b[0m\n'}
[16.428257] (interfaces) StdoutLine: {'line': b'[ 56%] \x1b[32mBuilding C object CMakeFiles/interfaces__rosidl_typesupport_introspection_c.dir/rosidl_typesupport_introspection_c/interfaces/msg/detail/door_state__type_support.c.o\x1b[0m\n'}
[16.512404] (interfaces) StdoutLine: {'line': b'[ 57%] \x1b[32mBuilding CXX object CMakeFiles/interfaces__rosidl_typesupport_fastrtps_c.dir/rosidl_typesupport_fastrtps_c/interfaces/msg/detail/barcode__type_support_c.cpp.o\x1b[0m\n'}
[16.522945] (-) TimerEvent: {}
[16.615872] (interfaces) StdoutLine: {'line': b'[ 59%] \x1b[32mBuilding C object CMakeFiles/interfaces__rosidl_typesupport_introspection_c.dir/rosidl_typesupport_introspection_c/interfaces/msg/detail/emergency_state__type_support.c.o\x1b[0m\n'}
[16.626392] (-) TimerEvent: {}
[16.727148] (-) TimerEvent: {}
[16.731301] (interfaces) StdoutLine: {'line': b'[ 60%] \x1b[32mBuilding CXX object CMakeFiles/interfaces__rosidl_typesupport_fastrtps_cpp.dir/rosidl_typesupport_fastrtps_cpp/interfaces/srv/detail/dds_fastrtps/get_barcode__type_support.cpp.o\x1b[0m\n'}
[16.766376] (interfaces) StdoutLine: {'line': b'[ 60%] Built target interfaces__rosidl_typesupport_cpp\n'}
[16.807151] (interfaces) StdoutLine: {'line': b'[ 61%] \x1b[32mBuilding CXX object CMakeFiles/interfaces__rosidl_typesupport_fastrtps_cpp.dir/rosidl_typesupport_fastrtps_cpp/interfaces/srv/detail/dds_fastrtps/toggle_door__type_support.cpp.o\x1b[0m\n'}
[16.807910] (interfaces) StdoutLine: {'line': b'[ 62%] \x1b[32mBuilding C object CMakeFiles/interfaces__rosidl_typesupport_introspection_c.dir/rosidl_typesupport_introspection_c/interfaces/msg/detail/stack_light__type_support.c.o\x1b[0m\n'}
[16.812714] (interfaces) StdoutLine: {'line': b'[ 63%] \x1b[32mBuilding CXX object CMakeFiles/interfaces__rosidl_typesupport_fastrtps_c.dir/rosidl_typesupport_fastrtps_c/interfaces/msg/detail/door_state__type_support_c.cpp.o\x1b[0m\n'}
[16.830296] (-) TimerEvent: {}
[16.851460] (interfaces) StdoutLine: {'line': b'[ 64%] \x1b[32mBuilding CXX object CMakeFiles/interfaces__rosidl_typesupport_fastrtps_cpp.dir/rosidl_typesupport_fastrtps_cpp/interfaces/srv/detail/dds_fastrtps/press_emergency__type_support.cpp.o\x1b[0m\n'}
[16.922305] (interfaces) StdoutLine: {'line': b'[ 65%] \x1b[32mBuilding C object CMakeFiles/interfaces__rosidl_typesupport_introspection_c.dir/rosidl_typesupport_introspection_c/interfaces/srv/detail/get_barcode__type_support.c.o\x1b[0m\n'}
[16.930576] (-) TimerEvent: {}
[17.001033] (interfaces) StdoutLine: {'line': b'[ 67%] \x1b[32mBuilding CXX object CMakeFiles/interfaces__rosidl_typesupport_fastrtps_cpp.dir/rosidl_typesupport_fastrtps_cpp/interfaces/srv/detail/dds_fastrtps/reset_emergency__type_support.cpp.o\x1b[0m\n'}
[17.013508] (interfaces) StdoutLine: {'line': b'[ 67%] Built target interfaces__rosidl_typesupport_c\n'}
[17.030746] (-) TimerEvent: {}
[17.066199] (interfaces) StdoutLine: {'line': b'[ 68%] \x1b[32mBuilding CXX object CMakeFiles/interfaces__rosidl_typesupport_fastrtps_c.dir/rosidl_typesupport_fastrtps_c/interfaces/msg/detail/emergency_state__type_support_c.cpp.o\x1b[0m\n'}
[17.114106] (interfaces) StdoutLine: {'line': b'[ 69%] \x1b[32mBuilding C object CMakeFiles/interfaces__rosidl_typesupport_introspection_c.dir/rosidl_typesupport_introspection_c/interfaces/srv/detail/toggle_door__type_support.c.o\x1b[0m\n'}
[17.130902] (-) TimerEvent: {}
[17.231731] (-) TimerEvent: {}
[17.301843] (interfaces) StdoutLine: {'line': b'[ 70%] \x1b[32mBuilding C object CMakeFiles/interfaces__rosidl_typesupport_introspection_c.dir/rosidl_typesupport_introspection_c/interfaces/srv/detail/press_emergency__type_support.c.o\x1b[0m\n'}
[17.331933] (-) TimerEvent: {}
[17.432766] (-) TimerEvent: {}
[17.539685] (-) TimerEvent: {}
[17.547466] (interfaces) StdoutLine: {'line': b'[ 71%] \x1b[32mBuilding C object CMakeFiles/interfaces__rosidl_typesupport_introspection_c.dir/rosidl_typesupport_introspection_c/interfaces/srv/detail/reset_emergency__type_support.c.o\x1b[0m\n'}
[17.639895] (-) TimerEvent: {}
[17.740906] (-) TimerEvent: {}
[17.767119] (interfaces) StdoutLine: {'line': b'[ 72%] \x1b[32m\x1b[1mLinking C shared library libinterfaces__rosidl_typesupport_introspection_c.so\x1b[0m\n'}
[17.841193] (-) TimerEvent: {}
[17.896997] (interfaces) StdoutLine: {'line': b'[ 73%] \x1b[32mBuilding CXX object CMakeFiles/interfaces__rosidl_typesupport_fastrtps_c.dir/rosidl_typesupport_fastrtps_c/interfaces/msg/detail/stack_light__type_support_c.cpp.o\x1b[0m\n'}
[17.931429] (interfaces) StdoutLine: {'line': b'[ 75%] \x1b[32mBuilding CXX object CMakeFiles/interfaces__rosidl_typesupport_fastrtps_c.dir/rosidl_typesupport_fastrtps_c/interfaces/srv/detail/get_barcode__type_support_c.cpp.o\x1b[0m\n'}
[17.941364] (-) TimerEvent: {}
[18.042055] (-) TimerEvent: {}
[18.146398] (-) TimerEvent: {}
[18.249348] (-) TimerEvent: {}
[18.327037] (interfaces) StdoutLine: {'line': b'[ 76%] \x1b[32mBuilding CXX object CMakeFiles/interfaces__rosidl_typesupport_fastrtps_c.dir/rosidl_typesupport_fastrtps_c/interfaces/srv/detail/toggle_door__type_support_c.cpp.o\x1b[0m\n'}
[18.330298] (interfaces) StdoutLine: {'line': b'[ 77%] \x1b[32mBuilding CXX object CMakeFiles/interfaces__rosidl_typesupport_fastrtps_c.dir/rosidl_typesupport_fastrtps_c/interfaces/srv/detail/press_emergency__type_support_c.cpp.o\x1b[0m\n'}
[18.349530] (-) TimerEvent: {}
[18.367562] (interfaces) StdoutLine: {'line': b'[ 77%] Built target interfaces__rosidl_typesupport_introspection_c\n'}
[18.384471] (interfaces) StdoutLine: {'line': b'[ 78%] \x1b[32mBuilding CXX object CMakeFiles/interfaces__rosidl_typesupport_fastrtps_c.dir/rosidl_typesupport_fastrtps_c/interfaces/srv/detail/reset_emergency__type_support_c.cpp.o\x1b[0m\n'}
[18.390585] (interfaces) StdoutLine: {'line': b'[ 79%] \x1b[32m\x1b[1mLinking CXX shared library libinterfaces__rosidl_typesupport_introspection_cpp.so\x1b[0m\n'}
[18.450008] (-) TimerEvent: {}
[18.550919] (-) TimerEvent: {}
[18.651633] (-) TimerEvent: {}
[18.752385] (-) TimerEvent: {}
[18.853234] (-) TimerEvent: {}
[18.860187] (interfaces) StdoutLine: {'line': b'[ 79%] Built target interfaces__rosidl_typesupport_introspection_cpp\n'}
[18.953477] (-) TimerEvent: {}
[19.045009] (interfaces) StdoutLine: {'line': b'[ 80%] \x1b[32m\x1b[1mLinking CXX shared library libinterfaces__rosidl_typesupport_fastrtps_cpp.so\x1b[0m\n'}
[19.053775] (-) TimerEvent: {}
[19.154692] (-) TimerEvent: {}
[19.255425] (-) TimerEvent: {}
[19.355964] (-) TimerEvent: {}
[19.456604] (-) TimerEvent: {}
[19.555217] (interfaces) StdoutLine: {'line': b'[ 80%] Built target interfaces__rosidl_typesupport_fastrtps_cpp\n'}
[19.556785] (-) TimerEvent: {}
[19.657495] (-) TimerEvent: {}
[19.688596] (interfaces) StdoutLine: {'line': b'[ 81%] \x1b[32m\x1b[1mLinking CXX shared library libinterfaces__rosidl_typesupport_fastrtps_c.so\x1b[0m\n'}
[19.757753] (-) TimerEvent: {}
[19.858487] (-) TimerEvent: {}
[19.959152] (-) TimerEvent: {}
[20.059796] (-) TimerEvent: {}
[20.133536] (interfaces) StdoutLine: {'line': b'[ 81%] Built target interfaces__rosidl_typesupport_fastrtps_c\n'}
[20.159985] (-) TimerEvent: {}
[20.207094] (interfaces) StdoutLine: {'line': b'[ 81%] Built target interfaces\n'}
[20.260151] (-) TimerEvent: {}
[20.276691] (interfaces) StdoutLine: {'line': b'[ 82%] \x1b[34m\x1b[1mGenerating Python code for ROS interfaces\x1b[0m\n'}
[20.360361] (-) TimerEvent: {}
[20.460978] (-) TimerEvent: {}
[20.561713] (-) TimerEvent: {}
[20.662497] (-) TimerEvent: {}
[20.763195] (-) TimerEvent: {}
[20.863897] (-) TimerEvent: {}
[20.964610] (-) TimerEvent: {}
[21.065258] (-) TimerEvent: {}
[21.166413] (-) TimerEvent: {}
[21.267140] (-) TimerEvent: {}
[21.367855] (-) TimerEvent: {}
[21.468676] (-) TimerEvent: {}
[21.569337] (-) TimerEvent: {}
[21.670045] (-) TimerEvent: {}
[21.770821] (-) TimerEvent: {}
[21.871575] (-) TimerEvent: {}
[21.972297] (-) TimerEvent: {}
[22.073056] (-) TimerEvent: {}
[22.173699] (-) TimerEvent: {}
[22.274419] (-) TimerEvent: {}
[22.375154] (-) TimerEvent: {}
[22.475742] (-) TimerEvent: {}
[22.576375] (-) TimerEvent: {}
[22.677060] (-) TimerEvent: {}
[22.777789] (-) TimerEvent: {}
[22.878756] (-) TimerEvent: {}
[22.979382] (-) TimerEvent: {}
[23.080288] (-) TimerEvent: {}
[23.125045] (interfaces) StdoutLine: {'line': b'[ 82%] Built target interfaces__py\n'}
[23.180506] (-) TimerEvent: {}
[23.198906] (interfaces) StdoutLine: {'line': b'[ 84%] \x1b[32mBuilding C object CMakeFiles/interfaces__rosidl_generator_py.dir/rosidl_generator_py/interfaces/msg/_door_state_s.c.o\x1b[0m\n'}
[23.203041] (interfaces) StdoutLine: {'line': b'[ 85%] \x1b[32mBuilding C object CMakeFiles/interfaces__rosidl_generator_py.dir/rosidl_generator_py/interfaces/msg/_barcode_s.c.o\x1b[0m\n'}
[23.204642] (interfaces) StdoutLine: {'line': b'[ 87%] \x1b[32mBuilding C object CMakeFiles/interfaces__rosidl_generator_py.dir/rosidl_generator_py/interfaces/msg/_stack_light_s.c.o\x1b[0m\n'}
[23.205119] (interfaces) StdoutLine: {'line': b'[ 87%] \x1b[32mBuilding C object CMakeFiles/interfaces__rosidl_generator_py.dir/rosidl_generator_py/interfaces/srv/_get_barcode_s.c.o\x1b[0m\n'}
[23.208422] (interfaces) StdoutLine: {'line': b'[ 89%] \x1b[32mBuilding C object CMakeFiles/interfaces__rosidl_generator_py.dir/rosidl_generator_py/interfaces/msg/_emergency_state_s.c.o\x1b[0m\n'}
[23.209100] (interfaces) StdoutLine: {'line': b'[ 89%] \x1b[32mBuilding C object CMakeFiles/interfaces__rosidl_generator_py.dir/rosidl_generator_py/interfaces/srv/_toggle_door_s.c.o\x1b[0m\n'}
[23.210035] (interfaces) StdoutLine: {'line': b'[ 90%] \x1b[32mBuilding C object CMakeFiles/interfaces__rosidl_generator_py.dir/rosidl_generator_py/interfaces/srv/_reset_emergency_s.c.o\x1b[0m\n'}
[23.211049] (interfaces) StdoutLine: {'line': b'[ 92%] \x1b[32mBuilding C object CMakeFiles/interfaces__rosidl_generator_py.dir/rosidl_generator_py/interfaces/srv/_press_emergency_s.c.o\x1b[0m\n'}
[23.280777] (-) TimerEvent: {}
[23.381559] (-) TimerEvent: {}
[23.482347] (-) TimerEvent: {}
[23.583311] (-) TimerEvent: {}
[23.683904] (-) TimerEvent: {}
[23.785161] (-) TimerEvent: {}
[23.813286] (interfaces) StdoutLine: {'line': b'[ 93%] \x1b[32m\x1b[1mLinking C shared library rosidl_generator_py/interfaces/libinterfaces__rosidl_generator_py.so\x1b[0m\n'}
[23.885395] (-) TimerEvent: {}
[23.986068] (-) TimerEvent: {}
[24.086862] (-) TimerEvent: {}
[24.138342] (interfaces) StdoutLine: {'line': b'[ 93%] Built target interfaces__rosidl_generator_py\n'}
[24.187079] (-) TimerEvent: {}
[24.214300] (interfaces) StdoutLine: {'line': b'[ 95%] \x1b[32mBuilding C object CMakeFiles/interfaces__rosidl_typesupport_c__pyext.dir/rosidl_generator_py/interfaces/_interfaces_s.ep.rosidl_typesupport_c.c.o\x1b[0m\n'}
[24.214786] (interfaces) StdoutLine: {'line': b'[ 95%] \x1b[32mBuilding C object CMakeFiles/interfaces__rosidl_typesupport_introspection_c__pyext.dir/rosidl_generator_py/interfaces/_interfaces_s.ep.rosidl_typesupport_introspection_c.c.o\x1b[0m\n'}
[24.216249] (interfaces) StdoutLine: {'line': b'[ 96%] \x1b[32mBuilding C object CMakeFiles/interfaces__rosidl_typesupport_fastrtps_c__pyext.dir/rosidl_generator_py/interfaces/_interfaces_s.ep.rosidl_typesupport_fastrtps_c.c.o\x1b[0m\n'}
[24.287310] (-) TimerEvent: {}
[24.388075] (-) TimerEvent: {}
[24.488661] (-) TimerEvent: {}
[24.589377] (-) TimerEvent: {}
[24.654502] (interfaces) StdoutLine: {'line': b'[ 97%] \x1b[32m\x1b[1mLinking C shared library rosidl_generator_py/interfaces/interfaces_s__rosidl_typesupport_fastrtps_c.cpython-310-x86_64-linux-gnu.so\x1b[0m\n'}
[24.664488] (interfaces) StdoutLine: {'line': b'[ 98%] \x1b[32m\x1b[1mLinking C shared library rosidl_generator_py/interfaces/interfaces_s__rosidl_typesupport_introspection_c.cpython-310-x86_64-linux-gnu.so\x1b[0m\n'}
[24.667351] (interfaces) StdoutLine: {'line': b'[100%] \x1b[32m\x1b[1mLinking C shared library rosidl_generator_py/interfaces/interfaces_s__rosidl_typesupport_c.cpython-310-x86_64-linux-gnu.so\x1b[0m\n'}
[24.689506] (-) TimerEvent: {}
[24.790303] (-) TimerEvent: {}
[24.891014] (-) TimerEvent: {}
[24.907047] (interfaces) StdoutLine: {'line': b'[100%] Built target interfaces__rosidl_typesupport_c__pyext\n'}
[24.907947] (interfaces) StdoutLine: {'line': b'[100%] Built target interfaces__rosidl_typesupport_introspection_c__pyext\n'}
[24.908570] (interfaces) StdoutLine: {'line': b'[100%] Built target interfaces__rosidl_typesupport_fastrtps_c__pyext\n'}
[24.964863] (interfaces) CommandEnded: {'returncode': 0}
[24.968544] (interfaces) JobProgress: {'identifier': 'interfaces', 'progress': 'install'}
[24.991293] (-) TimerEvent: {}
[24.997954] (interfaces) Command: {'cmd': ['/usr/bin/cmake', '--install', '/home/vigma/ros2_ws/bin_picking_robot/build/interfaces'], 'cwd': '/home/vigma/ros2_ws/bin_picking_robot/build/interfaces', 'env': OrderedDict([('LESSOPEN', '| /usr/bin/lesspipe %s'), ('USER', 'vigma'), ('GIT_ASKPASS', '/home/vigma/.vscode-server/bin/0958016b2af9f09bb4257e0df4a95e2f90590f9f/extensions/git/dist/askpass.sh'), ('SHLVL', '1'), ('LD_LIBRARY_PATH', '/opt/ros/humble/opt/rviz_ogre_vendor/lib:/opt/ros/humble/lib/x86_64-linux-gnu:/opt/ros/humble/lib'), ('HOME', '/home/vigma'), ('OLDPWD', '/home/vigma/ros2_ws'), ('TERM_PROGRAM_VERSION', '1.120.0'), ('VSCODE_IPC_HOOK_CLI', '/run/user/1000/vscode-ipc-a3480510-3e41-4ad8-8e8f-c7d3ff025587.sock'), ('ROS_PYTHON_VERSION', '3'), ('VSCODE_GIT_ASKPASS_MAIN', '/home/vigma/.vscode-server/bin/0958016b2af9f09bb4257e0df4a95e2f90590f9f/extensions/git/dist/askpass-main.js'), ('VSCODE_GIT_ASKPASS_NODE', '/home/vigma/.vscode-server/bin/0958016b2af9f09bb4257e0df4a95e2f90590f9f/node'), ('VSCODE_PYTHON_AUTOACTIVATE_GUARD', '1'), ('DBUS_SESSION_BUS_ADDRESS', 'unix:path=/run/user/1000/bus'), ('COLORTERM', 'truecolor'), ('WSL_DISTRO_NAME', 'Ubuntu-22.04'), ('WAYLAND_DISPLAY', 'wayland-0'), ('ROS_DISTRO', 'humble'), ('LOGNAME', 'vigma'), ('NAME', 'Vigneshu'), ('WSL_INTEROP', '/run/WSL/442_interop'), ('PULSE_SERVER', 'unix:/mnt/wslg/PulseServer'), ('_', '/usr/bin/colcon'), ('ROS_VERSION', '2'), ('TERM', 'xterm-256color'), ('ROS_LOCALHOST_ONLY', '0'), ('PATH', '/home/vigma/.vscode-server/data/User/globalStorage/github.copilot-chat/debugCommand:/home/vigma/.vscode-server/data/User/globalStorage/github.copilot-chat/copilotCli:/home/vigma/.vscode-server/bin/0958016b2af9f09bb4257e0df4a95e2f90590f9f/bin/remote-cli:/opt/ros/humble/bin:/usr/local/sbin:/usr/local/bin:/usr/sbin:/usr/bin:/sbin:/bin:/usr/games:/usr/local/games:/usr/lib/wsl/lib:/mnt/c/Users/vigma/AppData/Local/Programs/Microsoft VS Code:/mnt/c/Python314/Scripts/:/mnt/c/Python314/:/mnt/c/WINDOWS/system32:/mnt/c/WINDOWS:/mnt/c/WINDOWS/System32/Wbem:/mnt/c/WINDOWS/System32/WindowsPowerShell/v1.0/:/mnt/c/WINDOWS/System32/OpenSSH/:/mnt/c/Program Files/PuTTY/:/mnt/c/Program Files (x86)/IncrediBuild:/mnt/c/Program Files (x86)/Windows Kits/10/Windows Performance Toolkit/:/mnt/c/ProgramData/chocolatey/bin:/mnt/c/Program Files/CMake/bin:/mnt/c/Users/vigma/.local/bin:/mnt/c/Users/vigma/AppData/Local/Microsoft/WindowsApps:/mnt/c/cygwin64/bin:/mnt/c/Users/vigma/AppData/Local/Programs/Microsoft VS Code/bin:/mnt/c/Program Files/SmartGit/git/bin:/mnt/c/Program Files/OpenSSL-Win64/bin:/snap/bin'), ('XDG_RUNTIME_DIR', '/run/user/1000/'), ('DISPLAY', ':0'), ('LANG', 'en_US.UTF-8'), ('LS_COLORS', 'rs=0:di=01;34:ln=01;36:mh=00:pi=40;33:so=01;35:do=01;35:bd=40;33;01:cd=40;33;01:or=40;31;01:mi=00:su=37;41:sg=30;43:ca=30;41:tw=30;42:ow=34;42:st=37;44:ex=01;32:*.tar=01;31:*.tgz=01;31:*.arc=01;31:*.arj=01;31:*.taz=01;31:*.lha=01;31:*.lz4=01;31:*.lzh=01;31:*.lzma=01;31:*.tlz=01;31:*.txz=01;31:*.tzo=01;31:*.t7z=01;31:*.zip=01;31:*.z=01;31:*.dz=01;31:*.gz=01;31:*.lrz=01;31:*.lz=01;31:*.lzo=01;31:*.xz=01;31:*.zst=01;31:*.tzst=01;31:*.bz2=01;31:*.bz=01;31:*.tbz=01;31:*.tbz2=01;31:*.tz=01;31:*.deb=01;31:*.rpm=01;31:*.jar=01;31:*.war=01;31:*.ear=01;31:*.sar=01;31:*.rar=01;31:*.alz=01;31:*.ace=01;31:*.zoo=01;31:*.cpio=01;31:*.7z=01;31:*.rz=01;31:*.cab=01;31:*.wim=01;31:*.swm=01;31:*.dwm=01;31:*.esd=01;31:*.jpg=01;35:*.jpeg=01;35:*.mjpg=01;35:*.mjpeg=01;35:*.gif=01;35:*.bmp=01;35:*.pbm=01;35:*.pgm=01;35:*.ppm=01;35:*.tga=01;35:*.xbm=01;35:*.xpm=01;35:*.tif=01;35:*.tiff=01;35:*.png=01;35:*.svg=01;35:*.svgz=01;35:*.mng=01;35:*.pcx=01;35:*.mov=01;35:*.mpg=01;35:*.mpeg=01;35:*.m2v=01;35:*.mkv=01;35:*.webm=01;35:*.webp=01;35:*.ogm=01;35:*.mp4=01;35:*.m4v=01;35:*.mp4v=01;35:*.vob=01;35:*.qt=01;35:*.nuv=01;35:*.wmv=01;35:*.asf=01;35:*.rm=01;35:*.rmvb=01;35:*.flc=01;35:*.avi=01;35:*.fli=01;35:*.flv=01;35:*.gl=01;35:*.dl=01;35:*.xcf=01;35:*.xwd=01;35:*.yuv=01;35:*.cgm=01;35:*.emf=01;35:*.ogv=01;35:*.ogx=01;35:*.aac=00;36:*.au=00;36:*.flac=00;36:*.m4a=00;36:*.mid=00;36:*.midi=00;36:*.mka=00;36:*.mp3=00;36:*.mpc=00;36:*.ogg=00;36:*.ra=00;36:*.wav=00;36:*.oga=00;36:*.opus=00;36:*.spx=00;36:*.xspf=00;36:'), ('VSCODE_GIT_IPC_HANDLE', '/run/user/1000/vscode-git-ebf8d60c65.sock'), ('TERM_PROGRAM', 'vscode'), ('AMENT_PREFIX_PATH', '/opt/ros/humble'), ('SHELL', '/bin/bash'), ('LESSCLOSE', '/usr/bin/lesspipe %s %s'), ('VSCODE_GIT_ASKPASS_EXTRA_ARGS', ''), ('PWD', '/home/vigma/ros2_ws/bin_picking_robot/build/interfaces'), ('XDG_DATA_DIRS', '/usr/local/share:/usr/share:/var/lib/snapd/desktop'), ('PYTHONPATH', '/opt/ros/humble/lib/python3.10/site-packages:/opt/ros/humble/local/lib/python3.10/dist-packages'), ('COLCON', '1'), ('WSL2_GUI_APPS_ENABLED', '1'), ('HOSTTYPE', 'x86_64'), ('WSLENV', 'VSCODE_WSL_EXT_LOCATION/up:VSCODE_SERVER_TAR/up'), ('CMAKE_PREFIX_PATH', '/opt/ros/humble')]), 'shell': False}
[25.026773] (interfaces) StdoutLine: {'line': b'-- Install configuration: ""\n'}
[25.034484] (interfaces) StdoutLine: {'line': b'-- Installing: /home/vigma/ros2_ws/bin_picking_robot/install/interfaces/share/ament_index/resource_index/rosidl_interfaces/interfaces\n'}
[25.035447] (interfaces) StdoutLine: {'line': b'-- Installing: /home/vigma/ros2_ws/bin_picking_robot/install/interfaces/include/interfaces/interfaces\n'}
[25.040378] (interfaces) StdoutLine: {'line': b'-- Installing: /home/vigma/ros2_ws/bin_picking_robot/install/interfaces/include/interfaces/interfaces/msg\n'}
[25.043105] (interfaces) StdoutLine: {'line': b'-- Installing: /home/vigma/ros2_ws/bin_picking_robot/install/interfaces/include/interfaces/interfaces/msg/rosidl_generator_c__visibility_control.h\n'}
[25.043846] (interfaces) StdoutLine: {'line': b'-- Installing: /home/vigma/ros2_ws/bin_picking_robot/install/interfaces/include/interfaces/interfaces/msg/door_state.h\n'}
[25.044460] (interfaces) StdoutLine: {'line': b'-- Installing: /home/vigma/ros2_ws/bin_picking_robot/install/interfaces/include/interfaces/interfaces/msg/emergency_state.h\n'}
[25.045225] (interfaces) StdoutLine: {'line': b'-- Installing: /home/vigma/ros2_ws/bin_picking_robot/install/interfaces/include/interfaces/interfaces/msg/stack_light.h\n'}
[25.045927] (interfaces) StdoutLine: {'line': b'-- Installing: /home/vigma/ros2_ws/bin_picking_robot/install/interfaces/include/interfaces/interfaces/msg/barcode.h\n'}
[25.046671] (interfaces) StdoutLine: {'line': b'-- Installing: /home/vigma/ros2_ws/bin_picking_robot/install/interfaces/include/interfaces/interfaces/msg/detail\n'}
[25.048436] (interfaces) StdoutLine: {'line': b'-- Installing: /home/vigma/ros2_ws/bin_picking_robot/install/interfaces/include/interfaces/interfaces/msg/detail/emergency_state__struct.h\n'}
[25.049184] (interfaces) StdoutLine: {'line': b'-- Installing: /home/vigma/ros2_ws/bin_picking_robot/install/interfaces/include/interfaces/interfaces/msg/detail/barcode__type_support.h\n'}
[25.049837] (interfaces) StdoutLine: {'line': b'-- Installing: /home/vigma/ros2_ws/bin_picking_robot/install/interfaces/include/interfaces/interfaces/msg/detail/door_state__functions.c\n'}
[25.050550] (interfaces) StdoutLine: {'line': b'-- Installing: /home/vigma/ros2_ws/bin_picking_robot/install/interfaces/include/interfaces/interfaces/msg/detail/stack_light__type_support.h\n'}
[25.051284] (interfaces) StdoutLine: {'line': b'-- Installing: /home/vigma/ros2_ws/bin_picking_robot/install/interfaces/include/interfaces/interfaces/msg/detail/barcode__struct.h\n'}
[25.052163] (interfaces) StdoutLine: {'line': b'-- Installing: /home/vigma/ros2_ws/bin_picking_robot/install/interfaces/include/interfaces/interfaces/msg/detail/barcode__functions.h\n'}
[25.052929] (interfaces) StdoutLine: {'line': b'-- Installing: /home/vigma/ros2_ws/bin_picking_robot/install/interfaces/include/interfaces/interfaces/msg/detail/door_state__struct.h\n'}
[25.053503] (interfaces) StdoutLine: {'line': b'-- Installing: /home/vigma/ros2_ws/bin_picking_robot/install/interfaces/include/interfaces/interfaces/msg/detail/barcode__functions.c\n'}
[25.054050] (interfaces) StdoutLine: {'line': b'-- Installing: /home/vigma/ros2_ws/bin_picking_robot/install/interfaces/include/interfaces/interfaces/msg/detail/emergency_state__type_support.h\n'}
[25.054828] (interfaces) StdoutLine: {'line': b'-- Installing: /home/vigma/ros2_ws/bin_picking_robot/install/interfaces/include/interfaces/interfaces/msg/detail/emergency_state__functions.c\n'}
[25.055697] (interfaces) StdoutLine: {'line': b'-- Installing: /home/vigma/ros2_ws/bin_picking_robot/install/interfaces/include/interfaces/interfaces/msg/detail/stack_light__functions.h\n'}
[25.056631] (interfaces) StdoutLine: {'line': b'-- Installing: /home/vigma/ros2_ws/bin_picking_robot/install/interfaces/include/interfaces/interfaces/msg/detail/stack_light__struct.h\n'}
[25.057342] (interfaces) StdoutLine: {'line': b'-- Installing: /home/vigma/ros2_ws/bin_picking_robot/install/interfaces/include/interfaces/interfaces/msg/detail/stack_light__functions.c\n'}
[25.058243] (interfaces) StdoutLine: {'line': b'-- Installing: /home/vigma/ros2_ws/bin_picking_robot/install/interfaces/include/interfaces/interfaces/msg/detail/door_state__type_support.h\n'}
[25.058927] (interfaces) StdoutLine: {'line': b'-- Installing: /home/vigma/ros2_ws/bin_picking_robot/install/interfaces/include/interfaces/interfaces/msg/detail/door_state__functions.h\n'}
[25.059614] (interfaces) StdoutLine: {'line': b'-- Installing: /home/vigma/ros2_ws/bin_picking_robot/install/interfaces/include/interfaces/interfaces/msg/detail/emergency_state__functions.h\n'}
[25.060486] (interfaces) StdoutLine: {'line': b'-- Installing: /home/vigma/ros2_ws/bin_picking_robot/install/interfaces/include/interfaces/interfaces/srv\n'}
[25.062283] (interfaces) StdoutLine: {'line': b'-- Installing: /home/vigma/ros2_ws/bin_picking_robot/install/interfaces/include/interfaces/interfaces/srv/get_barcode.h\n'}
[25.062972] (interfaces) StdoutLine: {'line': b'-- Installing: /home/vigma/ros2_ws/bin_picking_robot/install/interfaces/include/interfaces/interfaces/srv/toggle_door.h\n'}
[25.063719] (interfaces) StdoutLine: {'line': b'-- Installing: /home/vigma/ros2_ws/bin_picking_robot/install/interfaces/include/interfaces/interfaces/srv/press_emergency.h\n'}
[25.064341] (interfaces) StdoutLine: {'line': b'-- Installing: /home/vigma/ros2_ws/bin_picking_robot/install/interfaces/include/interfaces/interfaces/srv/detail\n'}
[25.066226] (interfaces) StdoutLine: {'line': b'-- Installing: /home/vigma/ros2_ws/bin_picking_robot/install/interfaces/include/interfaces/interfaces/srv/detail/reset_emergency__functions.h\n'}
[25.066954] (interfaces) StdoutLine: {'line': b'-- Installing: /home/vigma/ros2_ws/bin_picking_robot/install/interfaces/include/interfaces/interfaces/srv/detail/toggle_door__struct.h\n'}
[25.067710] (interfaces) StdoutLine: {'line': b'-- Installing: /home/vigma/ros2_ws/bin_picking_robot/install/interfaces/include/interfaces/interfaces/srv/detail/reset_emergency__type_support.h\n'}
[25.068340] (interfaces) StdoutLine: {'line': b'-- Installing: /home/vigma/ros2_ws/bin_picking_robot/install/interfaces/include/interfaces/interfaces/srv/detail/get_barcode__struct.h\n'}
[25.069079] (interfaces) StdoutLine: {'line': b'-- Installing: /home/vigma/ros2_ws/bin_picking_robot/install/interfaces/include/interfaces/interfaces/srv/detail/press_emergency__functions.h\n'}
[25.069813] (interfaces) StdoutLine: {'line': b'-- Installing: /home/vigma/ros2_ws/bin_picking_robot/install/interfaces/include/interfaces/interfaces/srv/detail/toggle_door__type_support.h\n'}
[25.070561] (interfaces) StdoutLine: {'line': b'-- Installing: /home/vigma/ros2_ws/bin_picking_robot/install/interfaces/include/interfaces/interfaces/srv/detail/reset_emergency__struct.h\n'}
[25.071277] (interfaces) StdoutLine: {'line': b'-- Installing: /home/vigma/ros2_ws/bin_picking_robot/install/interfaces/include/interfaces/interfaces/srv/detail/press_emergency__struct.h\n'}
[25.072033] (interfaces) StdoutLine: {'line': b'-- Installing: /home/vigma/ros2_ws/bin_picking_robot/install/interfaces/include/interfaces/interfaces/srv/detail/toggle_door__functions.c\n'}
[25.072740] (interfaces) StdoutLine: {'line': b'-- Installing: /home/vigma/ros2_ws/bin_picking_robot/install/interfaces/include/interfaces/interfaces/srv/detail/get_barcode__functions.c\n'}
[25.073764] (interfaces) StdoutLine: {'line': b'-- Installing: /home/vigma/ros2_ws/bin_picking_robot/install/interfaces/include/interfaces/interfaces/srv/detail/reset_emergency__functions.c\n'}
[25.074556] (interfaces) StdoutLine: {'line': b'-- Installing: /home/vigma/ros2_ws/bin_picking_robot/install/interfaces/include/interfaces/interfaces/srv/detail/get_barcode__type_support.h\n'}
[25.075278] (interfaces) StdoutLine: {'line': b'-- Installing: /home/vigma/ros2_ws/bin_picking_robot/install/interfaces/include/interfaces/interfaces/srv/detail/get_barcode__functions.h\n'}
[25.076034] (interfaces) StdoutLine: {'line': b'-- Installing: /home/vigma/ros2_ws/bin_picking_robot/install/interfaces/include/interfaces/interfaces/srv/detail/toggle_door__functions.h\n'}
[25.076671] (interfaces) StdoutLine: {'line': b'-- Installing: /home/vigma/ros2_ws/bin_picking_robot/install/interfaces/include/interfaces/interfaces/srv/detail/press_emergency__functions.c\n'}
[25.077494] (interfaces) StdoutLine: {'line': b'-- Installing: /home/vigma/ros2_ws/bin_picking_robot/install/interfaces/include/interfaces/interfaces/srv/detail/press_emergency__type_support.h\n'}
[25.078242] (interfaces) StdoutLine: {'line': b'-- Installing: /home/vigma/ros2_ws/bin_picking_robot/install/interfaces/include/interfaces/interfaces/srv/reset_emergency.h\n'}
[25.082272] (interfaces) StdoutLine: {'line': b'-- Installing: /home/vigma/ros2_ws/bin_picking_robot/install/interfaces/share/interfaces/environment/library_path.sh\n'}
[25.082995] (interfaces) StdoutLine: {'line': b'-- Installing: /home/vigma/ros2_ws/bin_picking_robot/install/interfaces/share/interfaces/environment/library_path.dsv\n'}
[25.085374] (interfaces) StdoutLine: {'line': b'-- Installing: /home/vigma/ros2_ws/bin_picking_robot/install/interfaces/lib/libinterfaces__rosidl_generator_c.so\n'}
[25.087590] (interfaces) StdoutLine: {'line': b'-- Set runtime path of "/home/vigma/ros2_ws/bin_picking_robot/install/interfaces/lib/libinterfaces__rosidl_generator_c.so" to ""\n'}
[25.088016] (interfaces) StdoutLine: {'line': b'-- Up-to-date: /home/vigma/ros2_ws/bin_picking_robot/install/interfaces/include/interfaces/interfaces\n'}
[25.088615] (interfaces) StdoutLine: {'line': b'-- Up-to-date: /home/vigma/ros2_ws/bin_picking_robot/install/interfaces/include/interfaces/interfaces/msg\n'}
[25.088776] (interfaces) StdoutLine: {'line': b'-- Installing: /home/vigma/ros2_ws/bin_picking_robot/install/interfaces/include/interfaces/interfaces/msg/rosidl_typesupport_fastrtps_c__visibility_control.h\n'}
[25.089252] (interfaces) StdoutLine: {'line': b'-- Up-to-date: /home/vigma/ros2_ws/bin_picking_robot/install/interfaces/include/interfaces/interfaces/msg/detail\n'}
[25.089496] (interfaces) StdoutLine: {'line': b'-- Installing: /home/vigma/ros2_ws/bin_picking_robot/install/interfaces/include/interfaces/interfaces/msg/detail/stack_light__rosidl_typesupport_fastrtps_c.h\n'}
[25.090037] (interfaces) StdoutLine: {'line': b'-- Installing: /home/vigma/ros2_ws/bin_picking_robot/install/interfaces/include/interfaces/interfaces/msg/detail/emergency_state__rosidl_typesupport_fastrtps_c.h\n'}
[25.090767] (interfaces) StdoutLine: {'line': b'-- Installing: /home/vigma/ros2_ws/bin_picking_robot/install/interfaces/include/interfaces/interfaces/msg/detail/door_state__rosidl_typesupport_fastrtps_c.h\n'}
[25.091607] (interfaces) StdoutLine: {'line': b'-- Installing: /home/vigma/ros2_ws/bin_picking_robot/install/interfaces/include/interfaces/interfaces/msg/detail/barcode__rosidl_typesupport_fastrtps_c.h\n'}
[25.091974] (-) TimerEvent: {}
[25.092382] (interfaces) StdoutLine: {'line': b'-- Up-to-date: /home/vigma/ros2_ws/bin_picking_robot/install/interfaces/include/interfaces/interfaces/srv\n'}
[25.093083] (interfaces) StdoutLine: {'line': b'-- Up-to-date: /home/vigma/ros2_ws/bin_picking_robot/install/interfaces/include/interfaces/interfaces/srv/detail\n'}
[25.093550] (interfaces) StdoutLine: {'line': b'-- Installing: /home/vigma/ros2_ws/bin_picking_robot/install/interfaces/include/interfaces/interfaces/srv/detail/toggle_door__rosidl_typesupport_fastrtps_c.h\n'}
[25.094187] (interfaces) StdoutLine: {'line': b'-- Installing: /home/vigma/ros2_ws/bin_picking_robot/install/interfaces/include/interfaces/interfaces/srv/detail/reset_emergency__rosidl_typesupport_fastrtps_c.h\n'}
[25.094885] (interfaces) StdoutLine: {'line': b'-- Installing: /home/vigma/ros2_ws/bin_picking_robot/install/interfaces/include/interfaces/interfaces/srv/detail/press_emergency__rosidl_typesupport_fastrtps_c.h\n'}
[25.095698] (interfaces) StdoutLine: {'line': b'-- Installing: /home/vigma/ros2_ws/bin_picking_robot/install/interfaces/include/interfaces/interfaces/srv/detail/get_barcode__rosidl_typesupport_fastrtps_c.h\n'}
[25.096734] (interfaces) StdoutLine: {'line': b'-- Installing: /home/vigma/ros2_ws/bin_picking_robot/install/interfaces/lib/libinterfaces__rosidl_typesupport_fastrtps_c.so\n'}
[25.098991] (interfaces) StdoutLine: {'line': b'-- Set runtime path of "/home/vigma/ros2_ws/bin_picking_robot/install/interfaces/lib/libinterfaces__rosidl_typesupport_fastrtps_c.so" to ""\n'}
[25.100048] (interfaces) StdoutLine: {'line': b'-- Up-to-date: /home/vigma/ros2_ws/bin_picking_robot/install/interfaces/include/interfaces/interfaces\n'}
[25.100456] (interfaces) StdoutLine: {'line': b'-- Up-to-date: /home/vigma/ros2_ws/bin_picking_robot/install/interfaces/include/interfaces/interfaces/msg\n'}
[25.101440] (interfaces) StdoutLine: {'line': b'-- Installing: /home/vigma/ros2_ws/bin_picking_robot/install/interfaces/include/interfaces/interfaces/msg/rosidl_typesupport_introspection_c__visibility_control.h\n'}
[25.103033] (interfaces) StdoutLine: {'line': b'-- Up-to-date: /home/vigma/ros2_ws/bin_picking_robot/install/interfaces/include/interfaces/interfaces/msg/detail\n'}
[25.103553] (interfaces) StdoutLine: {'line': b'-- Installing: /home/vigma/ros2_ws/bin_picking_robot/install/interfaces/include/interfaces/interfaces/msg/detail/stack_light__rosidl_typesupport_introspection_c.h\n'}
[25.103984] (interfaces) StdoutLine: {'line': b'-- Installing: /home/vigma/ros2_ws/bin_picking_robot/install/interfaces/include/interfaces/interfaces/msg/detail/door_state__type_support.c\n'}
[25.104157] (interfaces) StdoutLine: {'line': b'-- Installing: /home/vigma/ros2_ws/bin_picking_robot/install/interfaces/include/interfaces/interfaces/msg/detail/door_state__rosidl_typesupport_introspection_c.h\n'}
[25.104887] (interfaces) StdoutLine: {'line': b'-- Installing: /home/vigma/ros2_ws/bin_picking_robot/install/interfaces/include/interfaces/interfaces/msg/detail/barcode__type_support.c\n'}
[25.105734] (interfaces) StdoutLine: {'line': b'-- Installing: /home/vigma/ros2_ws/bin_picking_robot/install/interfaces/include/interfaces/interfaces/msg/detail/emergency_state__rosidl_typesupport_introspection_c.h\n'}
[25.106657] (interfaces) StdoutLine: {'line': b'-- Installing: /home/vigma/ros2_ws/bin_picking_robot/install/interfaces/include/interfaces/interfaces/msg/detail/emergency_state__type_support.c\n'}
[25.107437] (interfaces) StdoutLine: {'line': b'-- Installing: /home/vigma/ros2_ws/bin_picking_robot/install/interfaces/include/interfaces/interfaces/msg/detail/stack_light__type_support.c\n'}
[25.109333] (interfaces) StdoutLine: {'line': b'-- Installing: /home/vigma/ros2_ws/bin_picking_robot/install/interfaces/include/interfaces/interfaces/msg/detail/barcode__rosidl_typesupport_introspection_c.h\n'}
[25.111151] (interfaces) StdoutLine: {'line': b'-- Up-to-date: /home/vigma/ros2_ws/bin_picking_robot/install/interfaces/include/interfaces/interfaces/srv\n'}
[25.111944] (interfaces) StdoutLine: {'line': b'-- Up-to-date: /home/vigma/ros2_ws/bin_picking_robot/install/interfaces/include/interfaces/interfaces/srv/detail\n'}
[25.112541] (interfaces) StdoutLine: {'line': b'-- Installing: /home/vigma/ros2_ws/bin_picking_robot/install/interfaces/include/interfaces/interfaces/srv/detail/reset_emergency__rosidl_typesupport_introspection_c.h\n'}
[25.115212] (interfaces) StdoutLine: {'line': b'-- Installing: /home/vigma/ros2_ws/bin_picking_robot/install/interfaces/include/interfaces/interfaces/srv/detail/toggle_door__type_support.c\n'}
[25.116483] (interfaces) StdoutLine: {'line': b'-- Installing: /home/vigma/ros2_ws/bin_picking_robot/install/interfaces/include/interfaces/interfaces/srv/detail/reset_emergency__type_support.c\n'}
[25.117541] (interfaces) StdoutLine: {'line': b'-- Installing: /home/vigma/ros2_ws/bin_picking_robot/install/interfaces/include/interfaces/interfaces/srv/detail/toggle_door__rosidl_typesupport_introspection_c.h\n'}
[25.118751] (interfaces) StdoutLine: {'line': b'-- Installing: /home/vigma/ros2_ws/bin_picking_robot/install/interfaces/include/interfaces/interfaces/srv/detail/get_barcode__rosidl_typesupport_introspection_c.h\n'}
[25.119759] (interfaces) StdoutLine: {'line': b'-- Installing: /home/vigma/ros2_ws/bin_picking_robot/install/interfaces/include/interfaces/interfaces/srv/detail/press_emergency__type_support.c\n'}
[25.120546] (interfaces) StdoutLine: {'line': b'-- Installing: /home/vigma/ros2_ws/bin_picking_robot/install/interfaces/include/interfaces/interfaces/srv/detail/press_emergency__rosidl_typesupport_introspection_c.h\n'}
[25.121450] (interfaces) StdoutLine: {'line': b'-- Installing: /home/vigma/ros2_ws/bin_picking_robot/install/interfaces/include/interfaces/interfaces/srv/detail/get_barcode__type_support.c\n'}
[25.122503] (interfaces) StdoutLine: {'line': b'-- Installing: /home/vigma/ros2_ws/bin_picking_robot/install/interfaces/lib/libinterfaces__rosidl_typesupport_introspection_c.so\n'}
[25.124624] (interfaces) StdoutLine: {'line': b'-- Set runtime path of "/home/vigma/ros2_ws/bin_picking_robot/install/interfaces/lib/libinterfaces__rosidl_typesupport_introspection_c.so" to ""\n'}
[25.125217] (interfaces) StdoutLine: {'line': b'-- Installing: /home/vigma/ros2_ws/bin_picking_robot/install/interfaces/lib/libinterfaces__rosidl_typesupport_c.so\n'}
[25.126957] (interfaces) StdoutLine: {'line': b'-- Set runtime path of "/home/vigma/ros2_ws/bin_picking_robot/install/interfaces/lib/libinterfaces__rosidl_typesupport_c.so" to ""\n'}
[25.127614] (interfaces) StdoutLine: {'line': b'-- Up-to-date: /home/vigma/ros2_ws/bin_picking_robot/install/interfaces/include/interfaces/interfaces\n'}
[25.128031] (interfaces) StdoutLine: {'line': b'-- Up-to-date: /home/vigma/ros2_ws/bin_picking_robot/install/interfaces/include/interfaces/interfaces/msg\n'}
[25.128191] (interfaces) StdoutLine: {'line': b'-- Installing: /home/vigma/ros2_ws/bin_picking_robot/install/interfaces/include/interfaces/interfaces/msg/barcode.hpp\n'}
[25.128752] (interfaces) StdoutLine: {'line': b'-- Installing: /home/vigma/ros2_ws/bin_picking_robot/install/interfaces/include/interfaces/interfaces/msg/rosidl_generator_cpp__visibility_control.hpp\n'}
[25.129418] (interfaces) StdoutLine: {'line': b'-- Installing: /home/vigma/ros2_ws/bin_picking_robot/install/interfaces/include/interfaces/interfaces/msg/emergency_state.hpp\n'}
[25.130098] (interfaces) StdoutLine: {'line': b'-- Installing: /home/vigma/ros2_ws/bin_picking_robot/install/interfaces/include/interfaces/interfaces/msg/stack_light.hpp\n'}
[25.130887] (interfaces) StdoutLine: {'line': b'-- Installing: /home/vigma/ros2_ws/bin_picking_robot/install/interfaces/include/interfaces/interfaces/msg/door_state.hpp\n'}
[25.131627] (interfaces) StdoutLine: {'line': b'-- Up-to-date: /home/vigma/ros2_ws/bin_picking_robot/install/interfaces/include/interfaces/interfaces/msg/detail\n'}
[25.132106] (interfaces) StdoutLine: {'line': b'-- Installing: /home/vigma/ros2_ws/bin_picking_robot/install/interfaces/include/interfaces/interfaces/msg/detail/door_state__type_support.hpp\n'}
[25.132561] (interfaces) StdoutLine: {'line': b'-- Installing: /home/vigma/ros2_ws/bin_picking_robot/install/interfaces/include/interfaces/interfaces/msg/detail/barcode__traits.hpp\n'}
[25.133292] (interfaces) StdoutLine: {'line': b'-- Installing: /home/vigma/ros2_ws/bin_picking_robot/install/interfaces/include/interfaces/interfaces/msg/detail/stack_light__builder.hpp\n'}
[25.133899] (interfaces) StdoutLine: {'line': b'-- Installing: /home/vigma/ros2_ws/bin_picking_robot/install/interfaces/include/interfaces/interfaces/msg/detail/door_state__struct.hpp\n'}
[25.134573] (interfaces) StdoutLine: {'line': b'-- Installing: /home/vigma/ros2_ws/bin_picking_robot/install/interfaces/include/interfaces/interfaces/msg/detail/door_state__traits.hpp\n'}
[25.135464] (interfaces) StdoutLine: {'line': b'-- Installing: /home/vigma/ros2_ws/bin_picking_robot/install/interfaces/include/interfaces/interfaces/msg/detail/door_state__builder.hpp\n'}
[25.136138] (interfaces) StdoutLine: {'line': b'-- Installing: /home/vigma/ros2_ws/bin_picking_robot/install/interfaces/include/interfaces/interfaces/msg/detail/stack_light__traits.hpp\n'}
[25.136820] (interfaces) StdoutLine: {'line': b'-- Installing: /home/vigma/ros2_ws/bin_picking_robot/install/interfaces/include/interfaces/interfaces/msg/detail/barcode__struct.hpp\n'}
[25.137513] (interfaces) StdoutLine: {'line': b'-- Installing: /home/vigma/ros2_ws/bin_picking_robot/install/interfaces/include/interfaces/interfaces/msg/detail/emergency_state__struct.hpp\n'}
[25.138293] (interfaces) StdoutLine: {'line': b'-- Installing: /home/vigma/ros2_ws/bin_picking_robot/install/interfaces/include/interfaces/interfaces/msg/detail/barcode__builder.hpp\n'}
[25.139212] (interfaces) StdoutLine: {'line': b'-- Installing: /home/vigma/ros2_ws/bin_picking_robot/install/interfaces/include/interfaces/interfaces/msg/detail/emergency_state__type_support.hpp\n'}
[25.139920] (interfaces) StdoutLine: {'line': b'-- Installing: /home/vigma/ros2_ws/bin_picking_robot/install/interfaces/include/interfaces/interfaces/msg/detail/emergency_state__traits.hpp\n'}
[25.140580] (interfaces) StdoutLine: {'line': b'-- Installing: /home/vigma/ros2_ws/bin_picking_robot/install/interfaces/include/interfaces/interfaces/msg/detail/stack_light__struct.hpp\n'}
[25.141319] (interfaces) StdoutLine: {'line': b'-- Installing: /home/vigma/ros2_ws/bin_picking_robot/install/interfaces/include/interfaces/interfaces/msg/detail/barcode__type_support.hpp\n'}
[25.142243] (interfaces) StdoutLine: {'line': b'-- Installing: /home/vigma/ros2_ws/bin_picking_robot/install/interfaces/include/interfaces/interfaces/msg/detail/emergency_state__builder.hpp\n'}
[25.143141] (interfaces) StdoutLine: {'line': b'-- Installing: /home/vigma/ros2_ws/bin_picking_robot/install/interfaces/include/interfaces/interfaces/msg/detail/stack_light__type_support.hpp\n'}
[25.143768] (interfaces) StdoutLine: {'line': b'-- Up-to-date: /home/vigma/ros2_ws/bin_picking_robot/install/interfaces/include/interfaces/interfaces/srv\n'}
[25.144072] (interfaces) StdoutLine: {'line': b'-- Installing: /home/vigma/ros2_ws/bin_picking_robot/install/interfaces/include/interfaces/interfaces/srv/press_emergency.hpp\n'}
[25.144749] (interfaces) StdoutLine: {'line': b'-- Installing: /home/vigma/ros2_ws/bin_picking_robot/install/interfaces/include/interfaces/interfaces/srv/get_barcode.hpp\n'}
[25.145321] (interfaces) StdoutLine: {'line': b'-- Installing: /home/vigma/ros2_ws/bin_picking_robot/install/interfaces/include/interfaces/interfaces/srv/reset_emergency.hpp\n'}
[25.146068] (interfaces) StdoutLine: {'line': b'-- Up-to-date: /home/vigma/ros2_ws/bin_picking_robot/install/interfaces/include/interfaces/interfaces/srv/detail\n'}
[25.146773] (interfaces) StdoutLine: {'line': b'-- Installing: /home/vigma/ros2_ws/bin_picking_robot/install/interfaces/include/interfaces/interfaces/srv/detail/get_barcode__builder.hpp\n'}
[25.147273] (interfaces) StdoutLine: {'line': b'-- Installing: /home/vigma/ros2_ws/bin_picking_robot/install/interfaces/include/interfaces/interfaces/srv/detail/reset_emergency__builder.hpp\n'}
[25.147823] (interfaces) StdoutLine: {'line': b'-- Installing: /home/vigma/ros2_ws/bin_picking_robot/install/interfaces/include/interfaces/interfaces/srv/detail/press_emergency__type_support.hpp\n'}
[25.148500] (interfaces) StdoutLine: {'line': b'-- Installing: /home/vigma/ros2_ws/bin_picking_robot/install/interfaces/include/interfaces/interfaces/srv/detail/toggle_door__builder.hpp\n'}
[25.149234] (interfaces) StdoutLine: {'line': b'-- Installing: /home/vigma/ros2_ws/bin_picking_robot/install/interfaces/include/interfaces/interfaces/srv/detail/reset_emergency__traits.hpp\n'}
[25.150037] (interfaces) StdoutLine: {'line': b'-- Installing: /home/vigma/ros2_ws/bin_picking_robot/install/interfaces/include/interfaces/interfaces/srv/detail/press_emergency__builder.hpp\n'}
[25.150748] (interfaces) StdoutLine: {'line': b'-- Installing: /home/vigma/ros2_ws/bin_picking_robot/install/interfaces/include/interfaces/interfaces/srv/detail/reset_emergency__type_support.hpp\n'}
[25.151486] (interfaces) StdoutLine: {'line': b'-- Installing: /home/vigma/ros2_ws/bin_picking_robot/install/interfaces/include/interfaces/interfaces/srv/detail/toggle_door__struct.hpp\n'}
[25.152167] (interfaces) StdoutLine: {'line': b'-- Installing: /home/vigma/ros2_ws/bin_picking_robot/install/interfaces/include/interfaces/interfaces/srv/detail/toggle_door__traits.hpp\n'}
[25.152925] (interfaces) StdoutLine: {'line': b'-- Installing: /home/vigma/ros2_ws/bin_picking_robot/install/interfaces/include/interfaces/interfaces/srv/detail/get_barcode__traits.hpp\n'}
[25.153706] (interfaces) StdoutLine: {'line': b'-- Installing: /home/vigma/ros2_ws/bin_picking_robot/install/interfaces/include/interfaces/interfaces/srv/detail/press_emergency__struct.hpp\n'}
[25.154515] (interfaces) StdoutLine: {'line': b'-- Installing: /home/vigma/ros2_ws/bin_picking_robot/install/interfaces/include/interfaces/interfaces/srv/detail/get_barcode__struct.hpp\n'}
[25.155150] (interfaces) StdoutLine: {'line': b'-- Installing: /home/vigma/ros2_ws/bin_picking_robot/install/interfaces/include/interfaces/interfaces/srv/detail/get_barcode__type_support.hpp\n'}
[25.155944] (interfaces) StdoutLine: {'line': b'-- Installing: /home/vigma/ros2_ws/bin_picking_robot/install/interfaces/include/interfaces/interfaces/srv/detail/toggle_door__type_support.hpp\n'}
[25.157102] (interfaces) StdoutLine: {'line': b'-- Installing: /home/vigma/ros2_ws/bin_picking_robot/install/interfaces/include/interfaces/interfaces/srv/detail/reset_emergency__struct.hpp\n'}
[25.157935] (interfaces) StdoutLine: {'line': b'-- Installing: /home/vigma/ros2_ws/bin_picking_robot/install/interfaces/include/interfaces/interfaces/srv/detail/press_emergency__traits.hpp\n'}
[25.158720] (interfaces) StdoutLine: {'line': b'-- Installing: /home/vigma/ros2_ws/bin_picking_robot/install/interfaces/include/interfaces/interfaces/srv/toggle_door.hpp\n'}
[25.159613] (interfaces) StdoutLine: {'line': b'-- Up-to-date: /home/vigma/ros2_ws/bin_picking_robot/install/interfaces/include/interfaces/interfaces\n'}
[25.160311] (interfaces) StdoutLine: {'line': b'-- Up-to-date: /home/vigma/ros2_ws/bin_picking_robot/install/interfaces/include/interfaces/interfaces/msg\n'}
[25.160494] (interfaces) StdoutLine: {'line': b'-- Installing: /home/vigma/ros2_ws/bin_picking_robot/install/interfaces/include/interfaces/interfaces/msg/rosidl_typesupport_fastrtps_cpp__visibility_control.h\n'}
[25.160889] (interfaces) StdoutLine: {'line': b'-- Up-to-date: /home/vigma/ros2_ws/bin_picking_robot/install/interfaces/include/interfaces/interfaces/msg/detail\n'}
[25.161287] (interfaces) StdoutLine: {'line': b'-- Installing: /home/vigma/ros2_ws/bin_picking_robot/install/interfaces/include/interfaces/interfaces/msg/detail/stack_light__rosidl_typesupport_fastrtps_cpp.hpp\n'}
[25.161965] (interfaces) StdoutLine: {'line': b'-- Installing: /home/vigma/ros2_ws/bin_picking_robot/install/interfaces/include/interfaces/interfaces/msg/detail/emergency_state__rosidl_typesupport_fastrtps_cpp.hpp\n'}
[25.162976] (interfaces) StdoutLine: {'line': b'-- Installing: /home/vigma/ros2_ws/bin_picking_robot/install/interfaces/include/interfaces/interfaces/msg/detail/barcode__rosidl_typesupport_fastrtps_cpp.hpp\n'}
[25.163660] (interfaces) StdoutLine: {'line': b'-- Installing: /home/vigma/ros2_ws/bin_picking_robot/install/interfaces/include/interfaces/interfaces/msg/detail/dds_fastrtps\n'}
[25.165501] (interfaces) StdoutLine: {'line': b'-- Installing: /home/vigma/ros2_ws/bin_picking_robot/install/interfaces/include/interfaces/interfaces/msg/detail/door_state__rosidl_typesupport_fastrtps_cpp.hpp\n'}
[25.166435] (interfaces) StdoutLine: {'line': b'-- Up-to-date: /home/vigma/ros2_ws/bin_picking_robot/install/interfaces/include/interfaces/interfaces/srv\n'}
[25.167116] (interfaces) StdoutLine: {'line': b'-- Up-to-date: /home/vigma/ros2_ws/bin_picking_robot/install/interfaces/include/interfaces/interfaces/srv/detail\n'}
[25.167301] (interfaces) StdoutLine: {'line': b'-- Installing: /home/vigma/ros2_ws/bin_picking_robot/install/interfaces/include/interfaces/interfaces/srv/detail/reset_emergency__rosidl_typesupport_fastrtps_cpp.hpp\n'}
[25.167568] (interfaces) StdoutLine: {'line': b'-- Installing: /home/vigma/ros2_ws/bin_picking_robot/install/interfaces/include/interfaces/interfaces/srv/detail/get_barcode__rosidl_typesupport_fastrtps_cpp.hpp\n'}
[25.168212] (interfaces) StdoutLine: {'line': b'-- Installing: /home/vigma/ros2_ws/bin_picking_robot/install/interfaces/include/interfaces/interfaces/srv/detail/press_emergency__rosidl_typesupport_fastrtps_cpp.hpp\n'}
[25.168958] (interfaces) StdoutLine: {'line': b'-- Installing: /home/vigma/ros2_ws/bin_picking_robot/install/interfaces/include/interfaces/interfaces/srv/detail/dds_fastrtps\n'}
[25.170934] (interfaces) StdoutLine: {'line': b'-- Installing: /home/vigma/ros2_ws/bin_picking_robot/install/interfaces/include/interfaces/interfaces/srv/detail/toggle_door__rosidl_typesupport_fastrtps_cpp.hpp\n'}
[25.172002] (interfaces) StdoutLine: {'line': b'-- Installing: /home/vigma/ros2_ws/bin_picking_robot/install/interfaces/lib/libinterfaces__rosidl_typesupport_fastrtps_cpp.so\n'}
[25.173884] (interfaces) StdoutLine: {'line': b'-- Set runtime path of "/home/vigma/ros2_ws/bin_picking_robot/install/interfaces/lib/libinterfaces__rosidl_typesupport_fastrtps_cpp.so" to ""\n'}
[25.174931] (interfaces) StdoutLine: {'line': b'-- Up-to-date: /home/vigma/ros2_ws/bin_picking_robot/install/interfaces/include/interfaces/interfaces\n'}
[25.175249] (interfaces) StdoutLine: {'line': b'-- Up-to-date: /home/vigma/ros2_ws/bin_picking_robot/install/interfaces/include/interfaces/interfaces/msg\n'}
[25.175409] (interfaces) StdoutLine: {'line': b'-- Up-to-date: /home/vigma/ros2_ws/bin_picking_robot/install/interfaces/include/interfaces/interfaces/msg/detail\n'}
[25.175557] (interfaces) StdoutLine: {'line': b'-- Installing: /home/vigma/ros2_ws/bin_picking_robot/install/interfaces/include/interfaces/interfaces/msg/detail/emergency_state__rosidl_typesupport_introspection_cpp.hpp\n'}
[25.176321] (interfaces) StdoutLine: {'line': b'-- Installing: /home/vigma/ros2_ws/bin_picking_robot/install/interfaces/include/interfaces/interfaces/msg/detail/barcode__rosidl_typesupport_introspection_cpp.hpp\n'}
[25.176621] (interfaces) StdoutLine: {'line': b'-- Installing: /home/vigma/ros2_ws/bin_picking_robot/install/interfaces/include/interfaces/interfaces/msg/detail/barcode__type_support.cpp\n'}
[25.177183] (interfaces) StdoutLine: {'line': b'-- Installing: /home/vigma/ros2_ws/bin_picking_robot/install/interfaces/include/interfaces/interfaces/msg/detail/stack_light__type_support.cpp\n'}
[25.177765] (interfaces) StdoutLine: {'line': b'-- Installing: /home/vigma/ros2_ws/bin_picking_robot/install/interfaces/include/interfaces/interfaces/msg/detail/emergency_state__type_support.cpp\n'}
[25.178840] (interfaces) StdoutLine: {'line': b'-- Installing: /home/vigma/ros2_ws/bin_picking_robot/install/interfaces/include/interfaces/interfaces/msg/detail/stack_light__rosidl_typesupport_introspection_cpp.hpp\n'}
[25.179704] (interfaces) StdoutLine: {'line': b'-- Installing: /home/vigma/ros2_ws/bin_picking_robot/install/interfaces/include/interfaces/interfaces/msg/detail/door_state__rosidl_typesupport_introspection_cpp.hpp\n'}
[25.180450] (interfaces) StdoutLine: {'line': b'-- Installing: /home/vigma/ros2_ws/bin_picking_robot/install/interfaces/include/interfaces/interfaces/msg/detail/door_state__type_support.cpp\n'}
[25.181087] (interfaces) StdoutLine: {'line': b'-- Up-to-date: /home/vigma/ros2_ws/bin_picking_robot/install/interfaces/include/interfaces/interfaces/srv\n'}
[25.181357] (interfaces) StdoutLine: {'line': b'-- Up-to-date: /home/vigma/ros2_ws/bin_picking_robot/install/interfaces/include/interfaces/interfaces/srv/detail\n'}
[25.181879] (interfaces) StdoutLine: {'line': b'-- Installing: /home/vigma/ros2_ws/bin_picking_robot/install/interfaces/include/interfaces/interfaces/srv/detail/reset_emergency__rosidl_typesupport_introspection_cpp.hpp\n'}
[25.182593] (interfaces) StdoutLine: {'line': b'-- Installing: /home/vigma/ros2_ws/bin_picking_robot/install/interfaces/include/interfaces/interfaces/srv/detail/press_emergency__type_support.cpp\n'}
[25.183650] (interfaces) StdoutLine: {'line': b'-- Installing: /home/vigma/ros2_ws/bin_picking_robot/install/interfaces/include/interfaces/interfaces/srv/detail/toggle_door__type_support.cpp\n'}
[25.184421] (interfaces) StdoutLine: {'line': b'-- Installing: /home/vigma/ros2_ws/bin_picking_robot/install/interfaces/include/interfaces/interfaces/srv/detail/press_emergency__rosidl_typesupport_introspection_cpp.hpp\n'}
[25.185048] (interfaces) StdoutLine: {'line': b'-- Installing: /home/vigma/ros2_ws/bin_picking_robot/install/interfaces/include/interfaces/interfaces/srv/detail/get_barcode__rosidl_typesupport_introspection_cpp.hpp\n'}
[25.185794] (interfaces) StdoutLine: {'line': b'-- Installing: /home/vigma/ros2_ws/bin_picking_robot/install/interfaces/include/interfaces/interfaces/srv/detail/toggle_door__rosidl_typesupport_introspection_cpp.hpp\n'}
[25.186506] (interfaces) StdoutLine: {'line': b'-- Installing: /home/vigma/ros2_ws/bin_picking_robot/install/interfaces/include/interfaces/interfaces/srv/detail/get_barcode__type_support.cpp\n'}
[25.187378] (interfaces) StdoutLine: {'line': b'-- Installing: /home/vigma/ros2_ws/bin_picking_robot/install/interfaces/include/interfaces/interfaces/srv/detail/reset_emergency__type_support.cpp\n'}
[25.188161] (interfaces) StdoutLine: {'line': b'-- Installing: /home/vigma/ros2_ws/bin_picking_robot/install/interfaces/lib/libinterfaces__rosidl_typesupport_introspection_cpp.so\n'}
[25.189888] (interfaces) StdoutLine: {'line': b'-- Set runtime path of "/home/vigma/ros2_ws/bin_picking_robot/install/interfaces/lib/libinterfaces__rosidl_typesupport_introspection_cpp.so" to ""\n'}
[25.190501] (interfaces) StdoutLine: {'line': b'-- Installing: /home/vigma/ros2_ws/bin_picking_robot/install/interfaces/lib/libinterfaces__rosidl_typesupport_cpp.so\n'}
[25.191748] (interfaces) StdoutLine: {'line': b'-- Set runtime path of "/home/vigma/ros2_ws/bin_picking_robot/install/interfaces/lib/libinterfaces__rosidl_typesupport_cpp.so" to ""\n'}
[25.192047] (-) TimerEvent: {}
[25.192409] (interfaces) StdoutLine: {'line': b'-- Installing: /home/vigma/ros2_ws/bin_picking_robot/install/interfaces/share/interfaces/environment/pythonpath.sh\n'}
[25.193180] (interfaces) StdoutLine: {'line': b'-- Installing: /home/vigma/ros2_ws/bin_picking_robot/install/interfaces/share/interfaces/environment/pythonpath.dsv\n'}
[25.193557] (interfaces) StdoutLine: {'line': b'-- Installing: /home/vigma/ros2_ws/bin_picking_robot/install/interfaces/local/lib/python3.10/dist-packages/interfaces-0.0.1-py3.10.egg-info\n'}
[25.201008] (interfaces) StdoutLine: {'line': b'-- Installing: /home/vigma/ros2_ws/bin_picking_robot/install/interfaces/local/lib/python3.10/dist-packages/interfaces-0.0.1-py3.10.egg-info/top_level.txt\n'}
[25.201654] (interfaces) StdoutLine: {'line': b'-- Installing: /home/vigma/ros2_ws/bin_picking_robot/install/interfaces/local/lib/python3.10/dist-packages/interfaces-0.0.1-py3.10.egg-info/dependency_links.txt\n'}
[25.202461] (interfaces) StdoutLine: {'line': b'-- Installing: /home/vigma/ros2_ws/bin_picking_robot/install/interfaces/local/lib/python3.10/dist-packages/interfaces-0.0.1-py3.10.egg-info/SOURCES.txt\n'}
[25.203178] (interfaces) StdoutLine: {'line': b'-- Installing: /home/vigma/ros2_ws/bin_picking_robot/install/interfaces/local/lib/python3.10/dist-packages/interfaces-0.0.1-py3.10.egg-info/PKG-INFO\n'}
[25.203946] (interfaces) StdoutLine: {'line': b'-- Installing: /home/vigma/ros2_ws/bin_picking_robot/install/interfaces/local/lib/python3.10/dist-packages/interfaces\n'}
[25.205853] (interfaces) StdoutLine: {'line': b'-- Installing: /home/vigma/ros2_ws/bin_picking_robot/install/interfaces/local/lib/python3.10/dist-packages/interfaces/interfaces_s__rosidl_typesupport_c.cpython-310-x86_64-linux-gnu.so\n'}
[25.206896] (interfaces) StdoutLine: {'line': b'-- Installing: /home/vigma/ros2_ws/bin_picking_robot/install/interfaces/local/lib/python3.10/dist-packages/interfaces/libinterfaces__rosidl_generator_py.so\n'}
[25.207903] (interfaces) StdoutLine: {'line': b'-- Installing: /home/vigma/ros2_ws/bin_picking_robot/install/interfaces/local/lib/python3.10/dist-packages/interfaces/__init__.py\n'}
[25.208644] (interfaces) StdoutLine: {'line': b'-- Installing: /home/vigma/ros2_ws/bin_picking_robot/install/interfaces/local/lib/python3.10/dist-packages/interfaces/msg\n'}
[25.211475] (interfaces) StdoutLine: {'line': b'-- Installing: /home/vigma/ros2_ws/bin_picking_robot/install/interfaces/local/lib/python3.10/dist-packages/interfaces/msg/_emergency_state_s.c\n'}
[25.212374] (interfaces) StdoutLine: {'line': b'-- Installing: /home/vigma/ros2_ws/bin_picking_robot/install/interfaces/local/lib/python3.10/dist-packages/interfaces/msg/_door_state.py\n'}
[25.213304] (interfaces) StdoutLine: {'line': b'-- Installing: /home/vigma/ros2_ws/bin_picking_robot/install/interfaces/local/lib/python3.10/dist-packages/interfaces/msg/_barcode_s.c\n'}
[25.214186] (interfaces) StdoutLine: {'line': b'-- Installing: /home/vigma/ros2_ws/bin_picking_robot/install/interfaces/local/lib/python3.10/dist-packages/interfaces/msg/__init__.py\n'}
[25.215036] (interfaces) StdoutLine: {'line': b'-- Installing: /home/vigma/ros2_ws/bin_picking_robot/install/interfaces/local/lib/python3.10/dist-packages/interfaces/msg/_stack_light_s.c\n'}
[25.215858] (interfaces) StdoutLine: {'line': b'-- Installing: /home/vigma/ros2_ws/bin_picking_robot/install/interfaces/local/lib/python3.10/dist-packages/interfaces/msg/_emergency_state.py\n'}
[25.216963] (interfaces) StdoutLine: {'line': b'-- Installing: /home/vigma/ros2_ws/bin_picking_robot/install/interfaces/local/lib/python3.10/dist-packages/interfaces/msg/_barcode.py\n'}
[25.217279] (interfaces) StdoutLine: {'line': b'-- Installing: /home/vigma/ros2_ws/bin_picking_robot/install/interfaces/local/lib/python3.10/dist-packages/interfaces/msg/_stack_light.py\n'}
[25.217964] (interfaces) StdoutLine: {'line': b'-- Installing: /home/vigma/ros2_ws/bin_picking_robot/install/interfaces/local/lib/python3.10/dist-packages/interfaces/msg/_door_state_s.c\n'}
[25.218835] (interfaces) StdoutLine: {'line': b'-- Installing: /home/vigma/ros2_ws/bin_picking_robot/install/interfaces/local/lib/python3.10/dist-packages/interfaces/srv\n'}
[25.220634] (interfaces) StdoutLine: {'line': b'-- Installing: /home/vigma/ros2_ws/bin_picking_robot/install/interfaces/local/lib/python3.10/dist-packages/interfaces/srv/_toggle_door.py\n'}
[25.221439] (interfaces) StdoutLine: {'line': b'-- Installing: /home/vigma/ros2_ws/bin_picking_robot/install/interfaces/local/lib/python3.10/dist-packages/interfaces/srv/__init__.py\n'}
[25.222238] (interfaces) StdoutLine: {'line': b'-- Installing: /home/vigma/ros2_ws/bin_picking_robot/install/interfaces/local/lib/python3.10/dist-packages/interfaces/srv/_reset_emergency.py\n'}
[25.222938] (interfaces) StdoutLine: {'line': b'-- Installing: /home/vigma/ros2_ws/bin_picking_robot/install/interfaces/local/lib/python3.10/dist-packages/interfaces/srv/_get_barcode.py\n'}
[25.223791] (interfaces) StdoutLine: {'line': b'-- Installing: /home/vigma/ros2_ws/bin_picking_robot/install/interfaces/local/lib/python3.10/dist-packages/interfaces/srv/_get_barcode_s.c\n'}
[25.224493] (interfaces) StdoutLine: {'line': b'-- Installing: /home/vigma/ros2_ws/bin_picking_robot/install/interfaces/local/lib/python3.10/dist-packages/interfaces/srv/_press_emergency.py\n'}
[25.225214] (interfaces) StdoutLine: {'line': b'-- Installing: /home/vigma/ros2_ws/bin_picking_robot/install/interfaces/local/lib/python3.10/dist-packages/interfaces/srv/_press_emergency_s.c\n'}
[25.226030] (interfaces) StdoutLine: {'line': b'-- Installing: /home/vigma/ros2_ws/bin_picking_robot/install/interfaces/local/lib/python3.10/dist-packages/interfaces/srv/_toggle_door_s.c\n'}
[25.226779] (interfaces) StdoutLine: {'line': b'-- Installing: /home/vigma/ros2_ws/bin_picking_robot/install/interfaces/local/lib/python3.10/dist-packages/interfaces/srv/_reset_emergency_s.c\n'}
[25.227457] (interfaces) StdoutLine: {'line': b'-- Installing: /home/vigma/ros2_ws/bin_picking_robot/install/interfaces/local/lib/python3.10/dist-packages/interfaces/_interfaces_s.ep.rosidl_typesupport_c.c\n'}
[25.228446] (interfaces) StdoutLine: {'line': b'-- Installing: /home/vigma/ros2_ws/bin_picking_robot/install/interfaces/local/lib/python3.10/dist-packages/interfaces/_interfaces_s.ep.rosidl_typesupport_fastrtps_c.c\n'}
[25.229459] (interfaces) StdoutLine: {'line': b'-- Installing: /home/vigma/ros2_ws/bin_picking_robot/install/interfaces/local/lib/python3.10/dist-packages/interfaces/interfaces_s__rosidl_typesupport_introspection_c.cpython-310-x86_64-linux-gnu.so\n'}
[25.230492] (interfaces) StdoutLine: {'line': b'-- Installing: /home/vigma/ros2_ws/bin_picking_robot/install/interfaces/local/lib/python3.10/dist-packages/interfaces/_interfaces_s.ep.rosidl_typesupport_introspection_c.c\n'}
[25.231744] (interfaces) StdoutLine: {'line': b'-- Installing: /home/vigma/ros2_ws/bin_picking_robot/install/interfaces/local/lib/python3.10/dist-packages/interfaces/interfaces_s__rosidl_typesupport_fastrtps_c.cpython-310-x86_64-linux-gnu.so\n'}
[25.292291] (-) TimerEvent: {}
[25.350844] (interfaces) StdoutLine: {'line': b"Listing '/home/vigma/ros2_ws/bin_picking_robot/install/interfaces/local/lib/python3.10/dist-packages/interfaces'...\n"}
[25.351344] (interfaces) StdoutLine: {'line': b"Compiling '/home/vigma/ros2_ws/bin_picking_robot/install/interfaces/local/lib/python3.10/dist-packages/interfaces/__init__.py'...\n"}
[25.351618] (interfaces) StdoutLine: {'line': b"Listing '/home/vigma/ros2_ws/bin_picking_robot/install/interfaces/local/lib/python3.10/dist-packages/interfaces/msg'...\n"}
[25.351776] (interfaces) StdoutLine: {'line': b"Compiling '/home/vigma/ros2_ws/bin_picking_robot/install/interfaces/local/lib/python3.10/dist-packages/interfaces/msg/__init__.py'...\n"}
[25.351943] (interfaces) StdoutLine: {'line': b"Compiling '/home/vigma/ros2_ws/bin_picking_robot/install/interfaces/local/lib/python3.10/dist-packages/interfaces/msg/_barcode.py'...\n"}
[25.352094] (interfaces) StdoutLine: {'line': b"Compiling '/home/vigma/ros2_ws/bin_picking_robot/install/interfaces/local/lib/python3.10/dist-packages/interfaces/msg/_door_state.py'...\n"}
[25.352226] (interfaces) StdoutLine: {'line': b"Compiling '/home/vigma/ros2_ws/bin_picking_robot/install/interfaces/local/lib/python3.10/dist-packages/interfaces/msg/_emergency_state.py'...\n"}
[25.352366] (interfaces) StdoutLine: {'line': b"Compiling '/home/vigma/ros2_ws/bin_picking_robot/install/interfaces/local/lib/python3.10/dist-packages/interfaces/msg/_stack_light.py'...\n"}
[25.352507] (interfaces) StdoutLine: {'line': b"Listing '/home/vigma/ros2_ws/bin_picking_robot/install/interfaces/local/lib/python3.10/dist-packages/interfaces/srv'...\n"}
[25.352643] (interfaces) StdoutLine: {'line': b"Compiling '/home/vigma/ros2_ws/bin_picking_robot/install/interfaces/local/lib/python3.10/dist-packages/interfaces/srv/__init__.py'...\n"}
[25.352779] (interfaces) StdoutLine: {'line': b"Compiling '/home/vigma/ros2_ws/bin_picking_robot/install/interfaces/local/lib/python3.10/dist-packages/interfaces/srv/_get_barcode.py'...\n"}
[25.352916] (interfaces) StdoutLine: {'line': b"Compiling '/home/vigma/ros2_ws/bin_picking_robot/install/interfaces/local/lib/python3.10/dist-packages/interfaces/srv/_press_emergency.py'...\n"}
[25.353047] (interfaces) StdoutLine: {'line': b"Compiling '/home/vigma/ros2_ws/bin_picking_robot/install/interfaces/local/lib/python3.10/dist-packages/interfaces/srv/_reset_emergency.py'...\n"}
[25.353282] (interfaces) StdoutLine: {'line': b"Compiling '/home/vigma/ros2_ws/bin_picking_robot/install/interfaces/local/lib/python3.10/dist-packages/interfaces/srv/_toggle_door.py'...\n"}
[25.364889] (interfaces) StdoutLine: {'line': b'-- Installing: /home/vigma/ros2_ws/bin_picking_robot/install/interfaces/local/lib/python3.10/dist-packages/interfaces/interfaces_s__rosidl_typesupport_fastrtps_c.cpython-310-x86_64-linux-gnu.so\n'}
[25.366544] (interfaces) StdoutLine: {'line': b'-- Set runtime path of "/home/vigma/ros2_ws/bin_picking_robot/install/interfaces/local/lib/python3.10/dist-packages/interfaces/interfaces_s__rosidl_typesupport_fastrtps_c.cpython-310-x86_64-linux-gnu.so" to ""\n'}
[25.367513] (interfaces) StdoutLine: {'line': b'-- Installing: /home/vigma/ros2_ws/bin_picking_robot/install/interfaces/local/lib/python3.10/dist-packages/interfaces/interfaces_s__rosidl_typesupport_introspection_c.cpython-310-x86_64-linux-gnu.so\n'}
[25.369361] (interfaces) StdoutLine: {'line': b'-- Set runtime path of "/home/vigma/ros2_ws/bin_picking_robot/install/interfaces/local/lib/python3.10/dist-packages/interfaces/interfaces_s__rosidl_typesupport_introspection_c.cpython-310-x86_64-linux-gnu.so" to ""\n'}
[25.370224] (interfaces) StdoutLine: {'line': b'-- Installing: /home/vigma/ros2_ws/bin_picking_robot/install/interfaces/local/lib/python3.10/dist-packages/interfaces/interfaces_s__rosidl_typesupport_c.cpython-310-x86_64-linux-gnu.so\n'}
[25.372133] (interfaces) StdoutLine: {'line': b'-- Set runtime path of "/home/vigma/ros2_ws/bin_picking_robot/install/interfaces/local/lib/python3.10/dist-packages/interfaces/interfaces_s__rosidl_typesupport_c.cpython-310-x86_64-linux-gnu.so" to ""\n'}
[25.372794] (interfaces) StdoutLine: {'line': b'-- Installing: /home/vigma/ros2_ws/bin_picking_robot/install/interfaces/lib/libinterfaces__rosidl_generator_py.so\n'}
[25.374312] (interfaces) StdoutLine: {'line': b'-- Set runtime path of "/home/vigma/ros2_ws/bin_picking_robot/install/interfaces/lib/libinterfaces__rosidl_generator_py.so" to ""\n'}
[25.376163] (interfaces) StdoutLine: {'line': b'-- Installing: /home/vigma/ros2_ws/bin_picking_robot/install/interfaces/share/ament_index/resource_index/rust_packages/interfaces\n'}
[25.376856] (interfaces) StdoutLine: {'line': b'-- Installing: /home/vigma/ros2_ws/bin_picking_robot/install/interfaces/share/interfaces/rust\n'}
[25.378802] (interfaces) StdoutLine: {'line': b'-- Installing: /home/vigma/ros2_ws/bin_picking_robot/install/interfaces/share/interfaces/rust/Cargo.toml\n'}
[25.379450] (interfaces) StdoutLine: {'line': b'-- Installing: /home/vigma/ros2_ws/bin_picking_robot/install/interfaces/share/interfaces/rust/src\n'}
[25.381265] (interfaces) StdoutLine: {'line': b'-- Installing: /home/vigma/ros2_ws/bin_picking_robot/install/interfaces/share/interfaces/rust/src/lib.rs\n'}
[25.381867] (interfaces) StdoutLine: {'line': b'-- Installing: /home/vigma/ros2_ws/bin_picking_robot/install/interfaces/share/interfaces/rust/src/msg\n'}
[25.383885] (interfaces) StdoutLine: {'line': b'-- Installing: /home/vigma/ros2_ws/bin_picking_robot/install/interfaces/share/interfaces/rust/src/msg/rmw.rs\n'}
[25.384606] (interfaces) StdoutLine: {'line': b'-- Installing: /home/vigma/ros2_ws/bin_picking_robot/install/interfaces/share/interfaces/rust/src/srv\n'}
[25.386478] (interfaces) StdoutLine: {'line': b'-- Installing: /home/vigma/ros2_ws/bin_picking_robot/install/interfaces/share/interfaces/rust/src/srv/rmw.rs\n'}
[25.387181] (interfaces) StdoutLine: {'line': b'-- Installing: /home/vigma/ros2_ws/bin_picking_robot/install/interfaces/share/interfaces/rust/src/srv.rs\n'}
[25.387975] (interfaces) StdoutLine: {'line': b'-- Installing: /home/vigma/ros2_ws/bin_picking_robot/install/interfaces/share/interfaces/rust/src/msg.rs\n'}
[25.388589] (interfaces) StdoutLine: {'line': b'-- Installing: /home/vigma/ros2_ws/bin_picking_robot/install/interfaces/share/interfaces/rust/build.rs\n'}
[25.391028] (interfaces) StdoutLine: {'line': b'-- Installing: /home/vigma/ros2_ws/bin_picking_robot/install/interfaces/share/interfaces/msg/Barcode.idl\n'}
[25.391898] (interfaces) StdoutLine: {'line': b'-- Installing: /home/vigma/ros2_ws/bin_picking_robot/install/interfaces/share/interfaces/msg/DoorState.idl\n'}
[25.392625] (interfaces) StdoutLine: {'line': b'-- Installing: /home/vigma/ros2_ws/bin_picking_robot/install/interfaces/share/interfaces/msg/EmergencyState.idl\n'}
[25.392841] (-) TimerEvent: {}
[25.393575] (interfaces) StdoutLine: {'line': b'-- Installing: /home/vigma/ros2_ws/bin_picking_robot/install/interfaces/share/interfaces/msg/StackLight.idl\n'}
[25.396162] (interfaces) StdoutLine: {'line': b'-- Installing: /home/vigma/ros2_ws/bin_picking_robot/install/interfaces/share/interfaces/srv/GetBarcode.idl\n'}
[25.396989] (interfaces) StdoutLine: {'line': b'-- Installing: /home/vigma/ros2_ws/bin_picking_robot/install/interfaces/share/interfaces/srv/ToggleDoor.idl\n'}
[25.397841] (interfaces) StdoutLine: {'line': b'-- Installing: /home/vigma/ros2_ws/bin_picking_robot/install/interfaces/share/interfaces/srv/PressEmergency.idl\n'}
[25.398780] (interfaces) StdoutLine: {'line': b'-- Installing: /home/vigma/ros2_ws/bin_picking_robot/install/interfaces/share/interfaces/srv/ResetEmergency.idl\n'}
[25.399707] (interfaces) StdoutLine: {'line': b'-- Installing: /home/vigma/ros2_ws/bin_picking_robot/install/interfaces/share/interfaces/msg/Barcode.msg\n'}
[25.400401] (interfaces) StdoutLine: {'line': b'-- Installing: /home/vigma/ros2_ws/bin_picking_robot/install/interfaces/share/interfaces/msg/DoorState.msg\n'}
[25.401637] (interfaces) StdoutLine: {'line': b'-- Installing: /home/vigma/ros2_ws/bin_picking_robot/install/interfaces/share/interfaces/msg/EmergencyState.msg\n'}
[25.402779] (interfaces) StdoutLine: {'line': b'-- Installing: /home/vigma/ros2_ws/bin_picking_robot/install/interfaces/share/interfaces/msg/StackLight.msg\n'}
[25.403928] (interfaces) StdoutLine: {'line': b'-- Installing: /home/vigma/ros2_ws/bin_picking_robot/install/interfaces/share/interfaces/srv/GetBarcode.srv\n'}
[25.404978] (interfaces) StdoutLine: {'line': b'-- Installing: /home/vigma/ros2_ws/bin_picking_robot/install/interfaces/share/interfaces/srv/GetBarcode_Request.msg\n'}
[25.406376] (interfaces) StdoutLine: {'line': b'-- Installing: /home/vigma/ros2_ws/bin_picking_robot/install/interfaces/share/interfaces/srv/GetBarcode_Response.msg\n'}
[25.407457] (interfaces) StdoutLine: {'line': b'-- Installing: /home/vigma/ros2_ws/bin_picking_robot/install/interfaces/share/interfaces/srv/ToggleDoor.srv\n'}
[25.408381] (interfaces) StdoutLine: {'line': b'-- Installing: /home/vigma/ros2_ws/bin_picking_robot/install/interfaces/share/interfaces/srv/ToggleDoor_Request.msg\n'}
[25.418251] (interfaces) StdoutLine: {'line': b'-- Installing: /home/vigma/ros2_ws/bin_picking_robot/install/interfaces/share/interfaces/srv/ToggleDoor_Response.msg\n'}
[25.419403] (interfaces) StdoutLine: {'line': b'-- Installing: /home/vigma/ros2_ws/bin_picking_robot/install/interfaces/share/interfaces/srv/PressEmergency.srv\n'}
[25.420610] (interfaces) StdoutLine: {'line': b'-- Installing: /home/vigma/ros2_ws/bin_picking_robot/install/interfaces/share/interfaces/srv/PressEmergency_Request.msg\n'}
[25.421748] (interfaces) StdoutLine: {'line': b'-- Installing: /home/vigma/ros2_ws/bin_picking_robot/install/interfaces/share/interfaces/srv/PressEmergency_Response.msg\n'}
[25.422814] (interfaces) StdoutLine: {'line': b'-- Installing: /home/vigma/ros2_ws/bin_picking_robot/install/interfaces/share/interfaces/srv/ResetEmergency.srv\n'}
[25.423950] (interfaces) StdoutLine: {'line': b'-- Installing: /home/vigma/ros2_ws/bin_picking_robot/install/interfaces/share/interfaces/srv/ResetEmergency_Request.msg\n'}
[25.424950] (interfaces) StdoutLine: {'line': b'-- Installing: /home/vigma/ros2_ws/bin_picking_robot/install/interfaces/share/interfaces/srv/ResetEmergency_Response.msg\n'}
[25.427827] (interfaces) StdoutLine: {'line': b'-- Installing: /home/vigma/ros2_ws/bin_picking_robot/install/interfaces/share/ament_index/resource_index/package_run_dependencies/interfaces\n'}
[25.433229] (interfaces) StdoutLine: {'line': b'-- Installing: /home/vigma/ros2_ws/bin_picking_robot/install/interfaces/share/ament_index/resource_index/parent_prefix_path/interfaces\n'}
[25.434536] (interfaces) StdoutLine: {'line': b'-- Installing: /home/vigma/ros2_ws/bin_picking_robot/install/interfaces/share/interfaces/environment/ament_prefix_path.sh\n'}
[25.435703] (interfaces) StdoutLine: {'line': b'-- Installing: /home/vigma/ros2_ws/bin_picking_robot/install/interfaces/share/interfaces/environment/ament_prefix_path.dsv\n'}
[25.437058] (interfaces) StdoutLine: {'line': b'-- Installing: /home/vigma/ros2_ws/bin_picking_robot/install/interfaces/share/interfaces/environment/path.sh\n'}
[25.437947] (interfaces) StdoutLine: {'line': b'-- Installing: /home/vigma/ros2_ws/bin_picking_robot/install/interfaces/share/interfaces/environment/path.dsv\n'}
[25.439189] (interfaces) StdoutLine: {'line': b'-- Installing: /home/vigma/ros2_ws/bin_picking_robot/install/interfaces/share/interfaces/local_setup.bash\n'}
[25.440251] (interfaces) StdoutLine: {'line': b'-- Installing: /home/vigma/ros2_ws/bin_picking_robot/install/interfaces/share/interfaces/local_setup.sh\n'}
[25.441451] (interfaces) StdoutLine: {'line': b'-- Installing: /home/vigma/ros2_ws/bin_picking_robot/install/interfaces/share/interfaces/local_setup.zsh\n'}
[25.442463] (interfaces) StdoutLine: {'line': b'-- Installing: /home/vigma/ros2_ws/bin_picking_robot/install/interfaces/share/interfaces/local_setup.dsv\n'}
[25.443668] (interfaces) StdoutLine: {'line': b'-- Installing: /home/vigma/ros2_ws/bin_picking_robot/install/interfaces/share/interfaces/package.dsv\n'}
[25.447043] (interfaces) StdoutLine: {'line': b'-- Installing: /home/vigma/ros2_ws/bin_picking_robot/install/interfaces/share/ament_index/resource_index/packages/interfaces\n'}
[25.450384] (interfaces) StdoutLine: {'line': b'-- Installing: /home/vigma/ros2_ws/bin_picking_robot/install/interfaces/share/interfaces/cmake/export_interfaces__rosidl_generator_cExport.cmake\n'}
[25.451804] (interfaces) StdoutLine: {'line': b'-- Installing: /home/vigma/ros2_ws/bin_picking_robot/install/interfaces/share/interfaces/cmake/export_interfaces__rosidl_generator_cExport-noconfig.cmake\n'}
[25.453157] (interfaces) StdoutLine: {'line': b'-- Installing: /home/vigma/ros2_ws/bin_picking_robot/install/interfaces/share/interfaces/cmake/export_interfaces__rosidl_typesupport_fastrtps_cExport.cmake\n'}
[25.454494] (interfaces) StdoutLine: {'line': b'-- Installing: /home/vigma/ros2_ws/bin_picking_robot/install/interfaces/share/interfaces/cmake/export_interfaces__rosidl_typesupport_fastrtps_cExport-noconfig.cmake\n'}
[25.455638] (interfaces) StdoutLine: {'line': b'-- Installing: /home/vigma/ros2_ws/bin_picking_robot/install/interfaces/share/interfaces/cmake/interfaces__rosidl_typesupport_introspection_cExport.cmake\n'}
[25.456767] (interfaces) StdoutLine: {'line': b'-- Installing: /home/vigma/ros2_ws/bin_picking_robot/install/interfaces/share/interfaces/cmake/interfaces__rosidl_typesupport_introspection_cExport-noconfig.cmake\n'}
[25.457784] (interfaces) StdoutLine: {'line': b'-- Installing: /home/vigma/ros2_ws/bin_picking_robot/install/interfaces/share/interfaces/cmake/interfaces__rosidl_typesupport_cExport.cmake\n'}
[25.459305] (interfaces) StdoutLine: {'line': b'-- Installing: /home/vigma/ros2_ws/bin_picking_robot/install/interfaces/share/interfaces/cmake/interfaces__rosidl_typesupport_cExport-noconfig.cmake\n'}
[25.460600] (interfaces) StdoutLine: {'line': b'-- Installing: /home/vigma/ros2_ws/bin_picking_robot/install/interfaces/share/interfaces/cmake/export_interfaces__rosidl_generator_cppExport.cmake\n'}
[25.461492] (interfaces) StdoutLine: {'line': b'-- Installing: /home/vigma/ros2_ws/bin_picking_robot/install/interfaces/share/interfaces/cmake/export_interfaces__rosidl_typesupport_fastrtps_cppExport.cmake\n'}
[25.462930] (interfaces) StdoutLine: {'line': b'-- Installing: /home/vigma/ros2_ws/bin_picking_robot/install/interfaces/share/interfaces/cmake/export_interfaces__rosidl_typesupport_fastrtps_cppExport-noconfig.cmake\n'}
[25.463886] (interfaces) StdoutLine: {'line': b'-- Installing: /home/vigma/ros2_ws/bin_picking_robot/install/interfaces/share/interfaces/cmake/interfaces__rosidl_typesupport_introspection_cppExport.cmake\n'}
[25.464987] (interfaces) StdoutLine: {'line': b'-- Installing: /home/vigma/ros2_ws/bin_picking_robot/install/interfaces/share/interfaces/cmake/interfaces__rosidl_typesupport_introspection_cppExport-noconfig.cmake\n'}
[25.465872] (interfaces) StdoutLine: {'line': b'-- Installing: /home/vigma/ros2_ws/bin_picking_robot/install/interfaces/share/interfaces/cmake/interfaces__rosidl_typesupport_cppExport.cmake\n'}
[25.467401] (interfaces) StdoutLine: {'line': b'-- Installing: /home/vigma/ros2_ws/bin_picking_robot/install/interfaces/share/interfaces/cmake/interfaces__rosidl_typesupport_cppExport-noconfig.cmake\n'}
[25.468382] (interfaces) StdoutLine: {'line': b'-- Installing: /home/vigma/ros2_ws/bin_picking_robot/install/interfaces/share/interfaces/cmake/export_interfaces__rosidl_generator_pyExport.cmake\n'}
[25.469283] (interfaces) StdoutLine: {'line': b'-- Installing: /home/vigma/ros2_ws/bin_picking_robot/install/interfaces/share/interfaces/cmake/export_interfaces__rosidl_generator_pyExport-noconfig.cmake\n'}
[25.470266] (interfaces) StdoutLine: {'line': b'-- Installing: /home/vigma/ros2_ws/bin_picking_robot/install/interfaces/share/interfaces/cmake/rosidl_cmake-extras.cmake\n'}
[25.471353] (interfaces) StdoutLine: {'line': b'-- Installing: /home/vigma/ros2_ws/bin_picking_robot/install/interfaces/share/interfaces/cmake/ament_cmake_export_dependencies-extras.cmake\n'}
[25.472469] (interfaces) StdoutLine: {'line': b'-- Installing: /home/vigma/ros2_ws/bin_picking_robot/install/interfaces/share/interfaces/cmake/ament_cmake_export_include_directories-extras.cmake\n'}
[25.473293] (interfaces) StdoutLine: {'line': b'-- Installing: /home/vigma/ros2_ws/bin_picking_robot/install/interfaces/share/interfaces/cmake/ament_cmake_export_libraries-extras.cmake\n'}
[25.474294] (interfaces) StdoutLine: {'line': b'-- Installing: /home/vigma/ros2_ws/bin_picking_robot/install/interfaces/share/interfaces/cmake/ament_cmake_export_targets-extras.cmake\n'}
[25.475440] (interfaces) StdoutLine: {'line': b'-- Installing: /home/vigma/ros2_ws/bin_picking_robot/install/interfaces/share/interfaces/cmake/rosidl_cmake_export_typesupport_targets-extras.cmake\n'}
[25.476278] (interfaces) StdoutLine: {'line': b'-- Installing: /home/vigma/ros2_ws/bin_picking_robot/install/interfaces/share/interfaces/cmake/rosidl_cmake_export_typesupport_libraries-extras.cmake\n'}
[25.477198] (interfaces) StdoutLine: {'line': b'-- Installing: /home/vigma/ros2_ws/bin_picking_robot/install/interfaces/share/interfaces/cmake/interfacesConfig.cmake\n'}
[25.477905] (interfaces) StdoutLine: {'line': b'-- Installing: /home/vigma/ros2_ws/bin_picking_robot/install/interfaces/share/interfaces/cmake/interfacesConfig-version.cmake\n'}
[25.478941] (interfaces) StdoutLine: {'line': b'-- Installing: /home/vigma/ros2_ws/bin_picking_robot/install/interfaces/share/interfaces/package.xml\n'}
[25.490087] (interfaces) CommandEnded: {'returncode': 0}
[25.493049] (-) TimerEvent: {}
[25.593697] (-) TimerEvent: {}
[25.599250] (interfaces) JobEnded: {'identifier': 'interfaces', 'rc': 0}
[25.603282] (barcode_node) JobStarted: {'identifier': 'barcode_node'}
[25.613107] (cell_controller) JobStarted: {'identifier': 'cell_controller'}
[25.626555] (door_node) JobStarted: {'identifier': 'door_node'}
[25.640572] (emergency_node) JobStarted: {'identifier': 'emergency_node'}
[25.656912] (stacklight_node) JobStarted: {'identifier': 'stacklight_node'}
[25.693926] (-) TimerEvent: {}
[25.795422] (-) TimerEvent: {}
[25.800977] (cell_controller) JobProgress: {'identifier': 'cell_controller', 'progress': 'cmake'}
[25.813614] (cell_controller) Command: {'cmd': ['/usr/bin/cmake', '/home/vigma/ros2_ws/bin_picking_robot/src/cell_controller', '-DCMAKE_INSTALL_PREFIX=/home/vigma/ros2_ws/bin_picking_robot/install/cell_controller'], 'cwd': '/home/vigma/ros2_ws/bin_picking_robot/build/cell_controller', 'env': OrderedDict([('LESSOPEN', '| /usr/bin/lesspipe %s'), ('USER', 'vigma'), ('GIT_ASKPASS', '/home/vigma/.vscode-server/bin/0958016b2af9f09bb4257e0df4a95e2f90590f9f/extensions/git/dist/askpass.sh'), ('SHLVL', '1'), ('LD_LIBRARY_PATH', '/home/vigma/ros2_ws/bin_picking_robot/install/interfaces/lib:/opt/ros/humble/opt/rviz_ogre_vendor/lib:/opt/ros/humble/lib/x86_64-linux-gnu:/opt/ros/humble/lib'), ('HOME', '/home/vigma'), ('OLDPWD', '/home/vigma/ros2_ws'), ('TERM_PROGRAM_VERSION', '1.120.0'), ('VSCODE_IPC_HOOK_CLI', '/run/user/1000/vscode-ipc-a3480510-3e41-4ad8-8e8f-c7d3ff025587.sock'), ('ROS_PYTHON_VERSION', '3'), ('VSCODE_GIT_ASKPASS_MAIN', '/home/vigma/.vscode-server/bin/0958016b2af9f09bb4257e0df4a95e2f90590f9f/extensions/git/dist/askpass-main.js'), ('VSCODE_GIT_ASKPASS_NODE', '/home/vigma/.vscode-server/bin/0958016b2af9f09bb4257e0df4a95e2f90590f9f/node'), ('VSCODE_PYTHON_AUTOACTIVATE_GUARD', '1'), ('DBUS_SESSION_BUS_ADDRESS', 'unix:path=/run/user/1000/bus'), ('COLORTERM', 'truecolor'), ('WSL_DISTRO_NAME', 'Ubuntu-22.04'), ('WAYLAND_DISPLAY', 'wayland-0'), ('ROS_DISTRO', 'humble'), ('LOGNAME', 'vigma'), ('NAME', 'Vigneshu'), ('WSL_INTEROP', '/run/WSL/442_interop'), ('PULSE_SERVER', 'unix:/mnt/wslg/PulseServer'), ('_', '/usr/bin/colcon'), ('ROS_VERSION', '2'), ('TERM', 'xterm-256color'), ('ROS_LOCALHOST_ONLY', '0'), ('PATH', '/home/vigma/.vscode-server/data/User/globalStorage/github.copilot-chat/debugCommand:/home/vigma/.vscode-server/data/User/globalStorage/github.copilot-chat/copilotCli:/home/vigma/.vscode-server/bin/0958016b2af9f09bb4257e0df4a95e2f90590f9f/bin/remote-cli:/opt/ros/humble/bin:/usr/local/sbin:/usr/local/bin:/usr/sbin:/usr/bin:/sbin:/bin:/usr/games:/usr/local/games:/usr/lib/wsl/lib:/mnt/c/Users/vigma/AppData/Local/Programs/Microsoft VS Code:/mnt/c/Python314/Scripts/:/mnt/c/Python314/:/mnt/c/WINDOWS/system32:/mnt/c/WINDOWS:/mnt/c/WINDOWS/System32/Wbem:/mnt/c/WINDOWS/System32/WindowsPowerShell/v1.0/:/mnt/c/WINDOWS/System32/OpenSSH/:/mnt/c/Program Files/PuTTY/:/mnt/c/Program Files (x86)/IncrediBuild:/mnt/c/Program Files (x86)/Windows Kits/10/Windows Performance Toolkit/:/mnt/c/ProgramData/chocolatey/bin:/mnt/c/Program Files/CMake/bin:/mnt/c/Users/vigma/.local/bin:/mnt/c/Users/vigma/AppData/Local/Microsoft/WindowsApps:/mnt/c/cygwin64/bin:/mnt/c/Users/vigma/AppData/Local/Programs/Microsoft VS Code/bin:/mnt/c/Program Files/SmartGit/git/bin:/mnt/c/Program Files/OpenSSL-Win64/bin:/snap/bin'), ('XDG_RUNTIME_DIR', '/run/user/1000/'), ('DISPLAY', ':0'), ('LANG', 'en_US.UTF-8'), ('LS_COLORS', 'rs=0:di=01;34:ln=01;36:mh=00:pi=40;33:so=01;35:do=01;35:bd=40;33;01:cd=40;33;01:or=40;31;01:mi=00:su=37;41:sg=30;43:ca=30;41:tw=30;42:ow=34;42:st=37;44:ex=01;32:*.tar=01;31:*.tgz=01;31:*.arc=01;31:*.arj=01;31:*.taz=01;31:*.lha=01;31:*.lz4=01;31:*.lzh=01;31:*.lzma=01;31:*.tlz=01;31:*.txz=01;31:*.tzo=01;31:*.t7z=01;31:*.zip=01;31:*.z=01;31:*.dz=01;31:*.gz=01;31:*.lrz=01;31:*.lz=01;31:*.lzo=01;31:*.xz=01;31:*.zst=01;31:*.tzst=01;31:*.bz2=01;31:*.bz=01;31:*.tbz=01;31:*.tbz2=01;31:*.tz=01;31:*.deb=01;31:*.rpm=01;31:*.jar=01;31:*.war=01;31:*.ear=01;31:*.sar=01;31:*.rar=01;31:*.alz=01;31:*.ace=01;31:*.zoo=01;31:*.cpio=01;31:*.7z=01;31:*.rz=01;31:*.cab=01;31:*.wim=01;31:*.swm=01;31:*.dwm=01;31:*.esd=01;31:*.jpg=01;35:*.jpeg=01;35:*.mjpg=01;35:*.mjpeg=01;35:*.gif=01;35:*.bmp=01;35:*.pbm=01;35:*.pgm=01;35:*.ppm=01;35:*.tga=01;35:*.xbm=01;35:*.xpm=01;35:*.tif=01;35:*.tiff=01;35:*.png=01;35:*.svg=01;35:*.svgz=01;35:*.mng=01;35:*.pcx=01;35:*.mov=01;35:*.mpg=01;35:*.mpeg=01;35:*.m2v=01;35:*.mkv=01;35:*.webm=01;35:*.webp=01;35:*.ogm=01;35:*.mp4=01;35:*.m4v=01;35:*.mp4v=01;35:*.vob=01;35:*.qt=01;35:*.nuv=01;35:*.wmv=01;35:*.asf=01;35:*.rm=01;35:*.rmvb=01;35:*.flc=01;35:*.avi=01;35:*.fli=01;35:*.flv=01;35:*.gl=01;35:*.dl=01;35:*.xcf=01;35:*.xwd=01;35:*.yuv=01;35:*.cgm=01;35:*.emf=01;35:*.ogv=01;35:*.ogx=01;35:*.aac=00;36:*.au=00;36:*.flac=00;36:*.m4a=00;36:*.mid=00;36:*.midi=00;36:*.mka=00;36:*.mp3=00;36:*.mpc=00;36:*.ogg=00;36:*.ra=00;36:*.wav=00;36:*.oga=00;36:*.opus=00;36:*.spx=00;36:*.xspf=00;36:'), ('VSCODE_GIT_IPC_HANDLE', '/run/user/1000/vscode-git-ebf8d60c65.sock'), ('TERM_PROGRAM', 'vscode'), ('AMENT_PREFIX_PATH', '/home/vigma/ros2_ws/bin_picking_robot/install/interfaces:/opt/ros/humble'), ('SHELL', '/bin/bash'), ('LESSCLOSE', '/usr/bin/lesspipe %s %s'), ('VSCODE_GIT_ASKPASS_EXTRA_ARGS', ''), ('PWD', '/home/vigma/ros2_ws/bin_picking_robot/build/cell_controller'), ('XDG_DATA_DIRS', '/usr/local/share:/usr/share:/var/lib/snapd/desktop'), ('PYTHONPATH', '/home/vigma/ros2_ws/bin_picking_robot/install/interfaces/local/lib/python3.10/dist-packages:/opt/ros/humble/lib/python3.10/site-packages:/opt/ros/humble/local/lib/python3.10/dist-packages'), ('COLCON', '1'), ('WSL2_GUI_APPS_ENABLED', '1'), ('HOSTTYPE', 'x86_64'), ('WSLENV', 'VSCODE_WSL_EXT_LOCATION/up:VSCODE_SERVER_TAR/up'), ('CMAKE_PREFIX_PATH', '/home/vigma/ros2_ws/bin_picking_robot/install/interfaces:/opt/ros/humble')]), 'shell': False}
[25.829437] (barcode_node) JobProgress: {'identifier': 'barcode_node', 'progress': 'cmake'}
[25.843011] (barcode_node) Command: {'cmd': ['/usr/bin/cmake', '/home/vigma/ros2_ws/bin_picking_robot/src/barcode_node', '-DCMAKE_INSTALL_PREFIX=/home/vigma/ros2_ws/bin_picking_robot/install/barcode_node'], 'cwd': '/home/vigma/ros2_ws/bin_picking_robot/build/barcode_node', 'env': OrderedDict([('LESSOPEN', '| /usr/bin/lesspipe %s'), ('USER', 'vigma'), ('GIT_ASKPASS', '/home/vigma/.vscode-server/bin/0958016b2af9f09bb4257e0df4a95e2f90590f9f/extensions/git/dist/askpass.sh'), ('SHLVL', '1'), ('LD_LIBRARY_PATH', '/home/vigma/ros2_ws/bin_picking_robot/install/interfaces/lib:/opt/ros/humble/opt/rviz_ogre_vendor/lib:/opt/ros/humble/lib/x86_64-linux-gnu:/opt/ros/humble/lib'), ('HOME', '/home/vigma'), ('OLDPWD', '/home/vigma/ros2_ws'), ('TERM_PROGRAM_VERSION', '1.120.0'), ('VSCODE_IPC_HOOK_CLI', '/run/user/1000/vscode-ipc-a3480510-3e41-4ad8-8e8f-c7d3ff025587.sock'), ('ROS_PYTHON_VERSION', '3'), ('VSCODE_GIT_ASKPASS_MAIN', '/home/vigma/.vscode-server/bin/0958016b2af9f09bb4257e0df4a95e2f90590f9f/extensions/git/dist/askpass-main.js'), ('VSCODE_GIT_ASKPASS_NODE', '/home/vigma/.vscode-server/bin/0958016b2af9f09bb4257e0df4a95e2f90590f9f/node'), ('VSCODE_PYTHON_AUTOACTIVATE_GUARD', '1'), ('DBUS_SESSION_BUS_ADDRESS', 'unix:path=/run/user/1000/bus'), ('COLORTERM', 'truecolor'), ('WSL_DISTRO_NAME', 'Ubuntu-22.04'), ('WAYLAND_DISPLAY', 'wayland-0'), ('ROS_DISTRO', 'humble'), ('LOGNAME', 'vigma'), ('NAME', 'Vigneshu'), ('WSL_INTEROP', '/run/WSL/442_interop'), ('PULSE_SERVER', 'unix:/mnt/wslg/PulseServer'), ('_', '/usr/bin/colcon'), ('ROS_VERSION', '2'), ('TERM', 'xterm-256color'), ('ROS_LOCALHOST_ONLY', '0'), ('PATH', '/home/vigma/.vscode-server/data/User/globalStorage/github.copilot-chat/debugCommand:/home/vigma/.vscode-server/data/User/globalStorage/github.copilot-chat/copilotCli:/home/vigma/.vscode-server/bin/0958016b2af9f09bb4257e0df4a95e2f90590f9f/bin/remote-cli:/opt/ros/humble/bin:/usr/local/sbin:/usr/local/bin:/usr/sbin:/usr/bin:/sbin:/bin:/usr/games:/usr/local/games:/usr/lib/wsl/lib:/mnt/c/Users/vigma/AppData/Local/Programs/Microsoft VS Code:/mnt/c/Python314/Scripts/:/mnt/c/Python314/:/mnt/c/WINDOWS/system32:/mnt/c/WINDOWS:/mnt/c/WINDOWS/System32/Wbem:/mnt/c/WINDOWS/System32/WindowsPowerShell/v1.0/:/mnt/c/WINDOWS/System32/OpenSSH/:/mnt/c/Program Files/PuTTY/:/mnt/c/Program Files (x86)/IncrediBuild:/mnt/c/Program Files (x86)/Windows Kits/10/Windows Performance Toolkit/:/mnt/c/ProgramData/chocolatey/bin:/mnt/c/Program Files/CMake/bin:/mnt/c/Users/vigma/.local/bin:/mnt/c/Users/vigma/AppData/Local/Microsoft/WindowsApps:/mnt/c/cygwin64/bin:/mnt/c/Users/vigma/AppData/Local/Programs/Microsoft VS Code/bin:/mnt/c/Program Files/SmartGit/git/bin:/mnt/c/Program Files/OpenSSL-Win64/bin:/snap/bin'), ('XDG_RUNTIME_DIR', '/run/user/1000/'), ('DISPLAY', ':0'), ('LANG', 'en_US.UTF-8'), ('LS_COLORS', 'rs=0:di=01;34:ln=01;36:mh=00:pi=40;33:so=01;35:do=01;35:bd=40;33;01:cd=40;33;01:or=40;31;01:mi=00:su=37;41:sg=30;43:ca=30;41:tw=30;42:ow=34;42:st=37;44:ex=01;32:*.tar=01;31:*.tgz=01;31:*.arc=01;31:*.arj=01;31:*.taz=01;31:*.lha=01;31:*.lz4=01;31:*.lzh=01;31:*.lzma=01;31:*.tlz=01;31:*.txz=01;31:*.tzo=01;31:*.t7z=01;31:*.zip=01;31:*.z=01;31:*.dz=01;31:*.gz=01;31:*.lrz=01;31:*.lz=01;31:*.lzo=01;31:*.xz=01;31:*.zst=01;31:*.tzst=01;31:*.bz2=01;31:*.bz=01;31:*.tbz=01;31:*.tbz2=01;31:*.tz=01;31:*.deb=01;31:*.rpm=01;31:*.jar=01;31:*.war=01;31:*.ear=01;31:*.sar=01;31:*.rar=01;31:*.alz=01;31:*.ace=01;31:*.zoo=01;31:*.cpio=01;31:*.7z=01;31:*.rz=01;31:*.cab=01;31:*.wim=01;31:*.swm=01;31:*.dwm=01;31:*.esd=01;31:*.jpg=01;35:*.jpeg=01;35:*.mjpg=01;35:*.mjpeg=01;35:*.gif=01;35:*.bmp=01;35:*.pbm=01;35:*.pgm=01;35:*.ppm=01;35:*.tga=01;35:*.xbm=01;35:*.xpm=01;35:*.tif=01;35:*.tiff=01;35:*.png=01;35:*.svg=01;35:*.svgz=01;35:*.mng=01;35:*.pcx=01;35:*.mov=01;35:*.mpg=01;35:*.mpeg=01;35:*.m2v=01;35:*.mkv=01;35:*.webm=01;35:*.webp=01;35:*.ogm=01;35:*.mp4=01;35:*.m4v=01;35:*.mp4v=01;35:*.vob=01;35:*.qt=01;35:*.nuv=01;35:*.wmv=01;35:*.asf=01;35:*.rm=01;35:*.rmvb=01;35:*.flc=01;35:*.avi=01;35:*.fli=01;35:*.flv=01;35:*.gl=01;35:*.dl=01;35:*.xcf=01;35:*.xwd=01;35:*.yuv=01;35:*.cgm=01;35:*.emf=01;35:*.ogv=01;35:*.ogx=01;35:*.aac=00;36:*.au=00;36:*.flac=00;36:*.m4a=00;36:*.mid=00;36:*.midi=00;36:*.mka=00;36:*.mp3=00;36:*.mpc=00;36:*.ogg=00;36:*.ra=00;36:*.wav=00;36:*.oga=00;36:*.opus=00;36:*.spx=00;36:*.xspf=00;36:'), ('VSCODE_GIT_IPC_HANDLE', '/run/user/1000/vscode-git-ebf8d60c65.sock'), ('TERM_PROGRAM', 'vscode'), ('AMENT_PREFIX_PATH', '/home/vigma/ros2_ws/bin_picking_robot/install/interfaces:/opt/ros/humble'), ('SHELL', '/bin/bash'), ('LESSCLOSE', '/usr/bin/lesspipe %s %s'), ('VSCODE_GIT_ASKPASS_EXTRA_ARGS', ''), ('PWD', '/home/vigma/ros2_ws/bin_picking_robot/build/barcode_node'), ('XDG_DATA_DIRS', '/usr/local/share:/usr/share:/var/lib/snapd/desktop'), ('PYTHONPATH', '/home/vigma/ros2_ws/bin_picking_robot/install/interfaces/local/lib/python3.10/dist-packages:/opt/ros/humble/lib/python3.10/site-packages:/opt/ros/humble/local/lib/python3.10/dist-packages'), ('COLCON', '1'), ('WSL2_GUI_APPS_ENABLED', '1'), ('HOSTTYPE', 'x86_64'), ('WSLENV', 'VSCODE_WSL_EXT_LOCATION/up:VSCODE_SERVER_TAR/up'), ('CMAKE_PREFIX_PATH', '/home/vigma/ros2_ws/bin_picking_robot/install/interfaces:/opt/ros/humble')]), 'shell': False}
[25.850996] (door_node) JobProgress: {'identifier': 'door_node', 'progress': 'cmake'}
[25.862894] (door_node) Command: {'cmd': ['/usr/bin/cmake', '/home/vigma/ros2_ws/bin_picking_robot/src/door_node', '-DCMAKE_INSTALL_PREFIX=/home/vigma/ros2_ws/bin_picking_robot/install/door_node'], 'cwd': '/home/vigma/ros2_ws/bin_picking_robot/build/door_node', 'env': OrderedDict([('LESSOPEN', '| /usr/bin/lesspipe %s'), ('USER', 'vigma'), ('GIT_ASKPASS', '/home/vigma/.vscode-server/bin/0958016b2af9f09bb4257e0df4a95e2f90590f9f/extensions/git/dist/askpass.sh'), ('SHLVL', '1'), ('LD_LIBRARY_PATH', '/home/vigma/ros2_ws/bin_picking_robot/install/interfaces/lib:/opt/ros/humble/opt/rviz_ogre_vendor/lib:/opt/ros/humble/lib/x86_64-linux-gnu:/opt/ros/humble/lib'), ('HOME', '/home/vigma'), ('OLDPWD', '/home/vigma/ros2_ws'), ('TERM_PROGRAM_VERSION', '1.120.0'), ('VSCODE_IPC_HOOK_CLI', '/run/user/1000/vscode-ipc-a3480510-3e41-4ad8-8e8f-c7d3ff025587.sock'), ('ROS_PYTHON_VERSION', '3'), ('VSCODE_GIT_ASKPASS_MAIN', '/home/vigma/.vscode-server/bin/0958016b2af9f09bb4257e0df4a95e2f90590f9f/extensions/git/dist/askpass-main.js'), ('VSCODE_GIT_ASKPASS_NODE', '/home/vigma/.vscode-server/bin/0958016b2af9f09bb4257e0df4a95e2f90590f9f/node'), ('VSCODE_PYTHON_AUTOACTIVATE_GUARD', '1'), ('DBUS_SESSION_BUS_ADDRESS', 'unix:path=/run/user/1000/bus'), ('COLORTERM', 'truecolor'), ('WSL_DISTRO_NAME', 'Ubuntu-22.04'), ('WAYLAND_DISPLAY', 'wayland-0'), ('ROS_DISTRO', 'humble'), ('LOGNAME', 'vigma'), ('NAME', 'Vigneshu'), ('WSL_INTEROP', '/run/WSL/442_interop'), ('PULSE_SERVER', 'unix:/mnt/wslg/PulseServer'), ('_', '/usr/bin/colcon'), ('ROS_VERSION', '2'), ('TERM', 'xterm-256color'), ('ROS_LOCALHOST_ONLY', '0'), ('PATH', '/home/vigma/.vscode-server/data/User/globalStorage/github.copilot-chat/debugCommand:/home/vigma/.vscode-server/data/User/globalStorage/github.copilot-chat/copilotCli:/home/vigma/.vscode-server/bin/0958016b2af9f09bb4257e0df4a95e2f90590f9f/bin/remote-cli:/opt/ros/humble/bin:/usr/local/sbin:/usr/local/bin:/usr/sbin:/usr/bin:/sbin:/bin:/usr/games:/usr/local/games:/usr/lib/wsl/lib:/mnt/c/Users/vigma/AppData/Local/Programs/Microsoft VS Code:/mnt/c/Python314/Scripts/:/mnt/c/Python314/:/mnt/c/WINDOWS/system32:/mnt/c/WINDOWS:/mnt/c/WINDOWS/System32/Wbem:/mnt/c/WINDOWS/System32/WindowsPowerShell/v1.0/:/mnt/c/WINDOWS/System32/OpenSSH/:/mnt/c/Program Files/PuTTY/:/mnt/c/Program Files (x86)/IncrediBuild:/mnt/c/Program Files (x86)/Windows Kits/10/Windows Performance Toolkit/:/mnt/c/ProgramData/chocolatey/bin:/mnt/c/Program Files/CMake/bin:/mnt/c/Users/vigma/.local/bin:/mnt/c/Users/vigma/AppData/Local/Microsoft/WindowsApps:/mnt/c/cygwin64/bin:/mnt/c/Users/vigma/AppData/Local/Programs/Microsoft VS Code/bin:/mnt/c/Program Files/SmartGit/git/bin:/mnt/c/Program Files/OpenSSL-Win64/bin:/snap/bin'), ('XDG_RUNTIME_DIR', '/run/user/1000/'), ('DISPLAY', ':0'), ('LANG', 'en_US.UTF-8'), ('LS_COLORS', 'rs=0:di=01;34:ln=01;36:mh=00:pi=40;33:so=01;35:do=01;35:bd=40;33;01:cd=40;33;01:or=40;31;01:mi=00:su=37;41:sg=30;43:ca=30;41:tw=30;42:ow=34;42:st=37;44:ex=01;32:*.tar=01;31:*.tgz=01;31:*.arc=01;31:*.arj=01;31:*.taz=01;31:*.lha=01;31:*.lz4=01;31:*.lzh=01;31:*.lzma=01;31:*.tlz=01;31:*.txz=01;31:*.tzo=01;31:*.t7z=01;31:*.zip=01;31:*.z=01;31:*.dz=01;31:*.gz=01;31:*.lrz=01;31:*.lz=01;31:*.lzo=01;31:*.xz=01;31:*.zst=01;31:*.tzst=01;31:*.bz2=01;31:*.bz=01;31:*.tbz=01;31:*.tbz2=01;31:*.tz=01;31:*.deb=01;31:*.rpm=01;31:*.jar=01;31:*.war=01;31:*.ear=01;31:*.sar=01;31:*.rar=01;31:*.alz=01;31:*.ace=01;31:*.zoo=01;31:*.cpio=01;31:*.7z=01;31:*.rz=01;31:*.cab=01;31:*.wim=01;31:*.swm=01;31:*.dwm=01;31:*.esd=01;31:*.jpg=01;35:*.jpeg=01;35:*.mjpg=01;35:*.mjpeg=01;35:*.gif=01;35:*.bmp=01;35:*.pbm=01;35:*.pgm=01;35:*.ppm=01;35:*.tga=01;35:*.xbm=01;35:*.xpm=01;35:*.tif=01;35:*.tiff=01;35:*.png=01;35:*.svg=01;35:*.svgz=01;35:*.mng=01;35:*.pcx=01;35:*.mov=01;35:*.mpg=01;35:*.mpeg=01;35:*.m2v=01;35:*.mkv=01;35:*.webm=01;35:*.webp=01;35:*.ogm=01;35:*.mp4=01;35:*.m4v=01;35:*.mp4v=01;35:*.vob=01;35:*.qt=01;35:*.nuv=01;35:*.wmv=01;35:*.asf=01;35:*.rm=01;35:*.rmvb=01;35:*.flc=01;35:*.avi=01;35:*.fli=01;35:*.flv=01;35:*.gl=01;35:*.dl=01;35:*.xcf=01;35:*.xwd=01;35:*.yuv=01;35:*.cgm=01;35:*.emf=01;35:*.ogv=01;35:*.ogx=01;35:*.aac=00;36:*.au=00;36:*.flac=00;36:*.m4a=00;36:*.mid=00;36:*.midi=00;36:*.mka=00;36:*.mp3=00;36:*.mpc=00;36:*.ogg=00;36:*.ra=00;36:*.wav=00;36:*.oga=00;36:*.opus=00;36:*.spx=00;36:*.xspf=00;36:'), ('VSCODE_GIT_IPC_HANDLE', '/run/user/1000/vscode-git-ebf8d60c65.sock'), ('TERM_PROGRAM', 'vscode'), ('AMENT_PREFIX_PATH', '/home/vigma/ros2_ws/bin_picking_robot/install/interfaces:/opt/ros/humble'), ('SHELL', '/bin/bash'), ('LESSCLOSE', '/usr/bin/lesspipe %s %s'), ('VSCODE_GIT_ASKPASS_EXTRA_ARGS', ''), ('PWD', '/home/vigma/ros2_ws/bin_picking_robot/build/door_node'), ('XDG_DATA_DIRS', '/usr/local/share:/usr/share:/var/lib/snapd/desktop'), ('PYTHONPATH', '/home/vigma/ros2_ws/bin_picking_robot/install/interfaces/local/lib/python3.10/dist-packages:/opt/ros/humble/lib/python3.10/site-packages:/opt/ros/humble/local/lib/python3.10/dist-packages'), ('COLCON', '1'), ('WSL2_GUI_APPS_ENABLED', '1'), ('HOSTTYPE', 'x86_64'), ('WSLENV', 'VSCODE_WSL_EXT_LOCATION/up:VSCODE_SERVER_TAR/up'), ('CMAKE_PREFIX_PATH', '/home/vigma/ros2_ws/bin_picking_robot/install/interfaces:/opt/ros/humble')]), 'shell': False}
[25.871172] (emergency_node) JobProgress: {'identifier': 'emergency_node', 'progress': 'cmake'}
[25.883876] (emergency_node) Command: {'cmd': ['/usr/bin/cmake', '/home/vigma/ros2_ws/bin_picking_robot/src/emergency_node', '-DCMAKE_INSTALL_PREFIX=/home/vigma/ros2_ws/bin_picking_robot/install/emergency_node'], 'cwd': '/home/vigma/ros2_ws/bin_picking_robot/build/emergency_node', 'env': OrderedDict([('LESSOPEN', '| /usr/bin/lesspipe %s'), ('USER', 'vigma'), ('GIT_ASKPASS', '/home/vigma/.vscode-server/bin/0958016b2af9f09bb4257e0df4a95e2f90590f9f/extensions/git/dist/askpass.sh'), ('SHLVL', '1'), ('LD_LIBRARY_PATH', '/home/vigma/ros2_ws/bin_picking_robot/install/interfaces/lib:/opt/ros/humble/opt/rviz_ogre_vendor/lib:/opt/ros/humble/lib/x86_64-linux-gnu:/opt/ros/humble/lib'), ('HOME', '/home/vigma'), ('OLDPWD', '/home/vigma/ros2_ws'), ('TERM_PROGRAM_VERSION', '1.120.0'), ('VSCODE_IPC_HOOK_CLI', '/run/user/1000/vscode-ipc-a3480510-3e41-4ad8-8e8f-c7d3ff025587.sock'), ('ROS_PYTHON_VERSION', '3'), ('VSCODE_GIT_ASKPASS_MAIN', '/home/vigma/.vscode-server/bin/0958016b2af9f09bb4257e0df4a95e2f90590f9f/extensions/git/dist/askpass-main.js'), ('VSCODE_GIT_ASKPASS_NODE', '/home/vigma/.vscode-server/bin/0958016b2af9f09bb4257e0df4a95e2f90590f9f/node'), ('VSCODE_PYTHON_AUTOACTIVATE_GUARD', '1'), ('DBUS_SESSION_BUS_ADDRESS', 'unix:path=/run/user/1000/bus'), ('COLORTERM', 'truecolor'), ('WSL_DISTRO_NAME', 'Ubuntu-22.04'), ('WAYLAND_DISPLAY', 'wayland-0'), ('ROS_DISTRO', 'humble'), ('LOGNAME', 'vigma'), ('NAME', 'Vigneshu'), ('WSL_INTEROP', '/run/WSL/442_interop'), ('PULSE_SERVER', 'unix:/mnt/wslg/PulseServer'), ('_', '/usr/bin/colcon'), ('ROS_VERSION', '2'), ('TERM', 'xterm-256color'), ('ROS_LOCALHOST_ONLY', '0'), ('PATH', '/home/vigma/.vscode-server/data/User/globalStorage/github.copilot-chat/debugCommand:/home/vigma/.vscode-server/data/User/globalStorage/github.copilot-chat/copilotCli:/home/vigma/.vscode-server/bin/0958016b2af9f09bb4257e0df4a95e2f90590f9f/bin/remote-cli:/opt/ros/humble/bin:/usr/local/sbin:/usr/local/bin:/usr/sbin:/usr/bin:/sbin:/bin:/usr/games:/usr/local/games:/usr/lib/wsl/lib:/mnt/c/Users/vigma/AppData/Local/Programs/Microsoft VS Code:/mnt/c/Python314/Scripts/:/mnt/c/Python314/:/mnt/c/WINDOWS/system32:/mnt/c/WINDOWS:/mnt/c/WINDOWS/System32/Wbem:/mnt/c/WINDOWS/System32/WindowsPowerShell/v1.0/:/mnt/c/WINDOWS/System32/OpenSSH/:/mnt/c/Program Files/PuTTY/:/mnt/c/Program Files (x86)/IncrediBuild:/mnt/c/Program Files (x86)/Windows Kits/10/Windows Performance Toolkit/:/mnt/c/ProgramData/chocolatey/bin:/mnt/c/Program Files/CMake/bin:/mnt/c/Users/vigma/.local/bin:/mnt/c/Users/vigma/AppData/Local/Microsoft/WindowsApps:/mnt/c/cygwin64/bin:/mnt/c/Users/vigma/AppData/Local/Programs/Microsoft VS Code/bin:/mnt/c/Program Files/SmartGit/git/bin:/mnt/c/Program Files/OpenSSL-Win64/bin:/snap/bin'), ('XDG_RUNTIME_DIR', '/run/user/1000/'), ('DISPLAY', ':0'), ('LANG', 'en_US.UTF-8'), ('LS_COLORS', 'rs=0:di=01;34:ln=01;36:mh=00:pi=40;33:so=01;35:do=01;35:bd=40;33;01:cd=40;33;01:or=40;31;01:mi=00:su=37;41:sg=30;43:ca=30;41:tw=30;42:ow=34;42:st=37;44:ex=01;32:*.tar=01;31:*.tgz=01;31:*.arc=01;31:*.arj=01;31:*.taz=01;31:*.lha=01;31:*.lz4=01;31:*.lzh=01;31:*.lzma=01;31:*.tlz=01;31:*.txz=01;31:*.tzo=01;31:*.t7z=01;31:*.zip=01;31:*.z=01;31:*.dz=01;31:*.gz=01;31:*.lrz=01;31:*.lz=01;31:*.lzo=01;31:*.xz=01;31:*.zst=01;31:*.tzst=01;31:*.bz2=01;31:*.bz=01;31:*.tbz=01;31:*.tbz2=01;31:*.tz=01;31:*.deb=01;31:*.rpm=01;31:*.jar=01;31:*.war=01;31:*.ear=01;31:*.sar=01;31:*.rar=01;31:*.alz=01;31:*.ace=01;31:*.zoo=01;31:*.cpio=01;31:*.7z=01;31:*.rz=01;31:*.cab=01;31:*.wim=01;31:*.swm=01;31:*.dwm=01;31:*.esd=01;31:*.jpg=01;35:*.jpeg=01;35:*.mjpg=01;35:*.mjpeg=01;35:*.gif=01;35:*.bmp=01;35:*.pbm=01;35:*.pgm=01;35:*.ppm=01;35:*.tga=01;35:*.xbm=01;35:*.xpm=01;35:*.tif=01;35:*.tiff=01;35:*.png=01;35:*.svg=01;35:*.svgz=01;35:*.mng=01;35:*.pcx=01;35:*.mov=01;35:*.mpg=01;35:*.mpeg=01;35:*.m2v=01;35:*.mkv=01;35:*.webm=01;35:*.webp=01;35:*.ogm=01;35:*.mp4=01;35:*.m4v=01;35:*.mp4v=01;35:*.vob=01;35:*.qt=01;35:*.nuv=01;35:*.wmv=01;35:*.asf=01;35:*.rm=01;35:*.rmvb=01;35:*.flc=01;35:*.avi=01;35:*.fli=01;35:*.flv=01;35:*.gl=01;35:*.dl=01;35:*.xcf=01;35:*.xwd=01;35:*.yuv=01;35:*.cgm=01;35:*.emf=01;35:*.ogv=01;35:*.ogx=01;35:*.aac=00;36:*.au=00;36:*.flac=00;36:*.m4a=00;36:*.mid=00;36:*.midi=00;36:*.mka=00;36:*.mp3=00;36:*.mpc=00;36:*.ogg=00;36:*.ra=00;36:*.wav=00;36:*.oga=00;36:*.opus=00;36:*.spx=00;36:*.xspf=00;36:'), ('VSCODE_GIT_IPC_HANDLE', '/run/user/1000/vscode-git-ebf8d60c65.sock'), ('TERM_PROGRAM', 'vscode'), ('AMENT_PREFIX_PATH', '/home/vigma/ros2_ws/bin_picking_robot/install/interfaces:/opt/ros/humble'), ('SHELL', '/bin/bash'), ('LESSCLOSE', '/usr/bin/lesspipe %s %s'), ('VSCODE_GIT_ASKPASS_EXTRA_ARGS', ''), ('PWD', '/home/vigma/ros2_ws/bin_picking_robot/build/emergency_node'), ('XDG_DATA_DIRS', '/usr/local/share:/usr/share:/var/lib/snapd/desktop'), ('PYTHONPATH', '/home/vigma/ros2_ws/bin_picking_robot/install/interfaces/local/lib/python3.10/dist-packages:/opt/ros/humble/lib/python3.10/site-packages:/opt/ros/humble/local/lib/python3.10/dist-packages'), ('COLCON', '1'), ('WSL2_GUI_APPS_ENABLED', '1'), ('HOSTTYPE', 'x86_64'), ('WSLENV', 'VSCODE_WSL_EXT_LOCATION/up:VSCODE_SERVER_TAR/up'), ('CMAKE_PREFIX_PATH', '/home/vigma/ros2_ws/bin_picking_robot/install/interfaces:/opt/ros/humble')]), 'shell': False}
[25.895597] (-) TimerEvent: {}
[25.912590] (stacklight_node) JobProgress: {'identifier': 'stacklight_node', 'progress': 'cmake'}
[25.935038] (stacklight_node) Command: {'cmd': ['/usr/bin/cmake', '/home/vigma/ros2_ws/bin_picking_robot/src/stacklight_node', '-DCMAKE_INSTALL_PREFIX=/home/vigma/ros2_ws/bin_picking_robot/install/stacklight_node'], 'cwd': '/home/vigma/ros2_ws/bin_picking_robot/build/stacklight_node', 'env': OrderedDict([('LESSOPEN', '| /usr/bin/lesspipe %s'), ('USER', 'vigma'), ('GIT_ASKPASS', '/home/vigma/.vscode-server/bin/0958016b2af9f09bb4257e0df4a95e2f90590f9f/extensions/git/dist/askpass.sh'), ('SHLVL', '1'), ('LD_LIBRARY_PATH', '/home/vigma/ros2_ws/bin_picking_robot/install/interfaces/lib:/opt/ros/humble/opt/rviz_ogre_vendor/lib:/opt/ros/humble/lib/x86_64-linux-gnu:/opt/ros/humble/lib'), ('HOME', '/home/vigma'), ('OLDPWD', '/home/vigma/ros2_ws'), ('TERM_PROGRAM_VERSION', '1.120.0'), ('VSCODE_IPC_HOOK_CLI', '/run/user/1000/vscode-ipc-a3480510-3e41-4ad8-8e8f-c7d3ff025587.sock'), ('ROS_PYTHON_VERSION', '3'), ('VSCODE_GIT_ASKPASS_MAIN', '/home/vigma/.vscode-server/bin/0958016b2af9f09bb4257e0df4a95e2f90590f9f/extensions/git/dist/askpass-main.js'), ('VSCODE_GIT_ASKPASS_NODE', '/home/vigma/.vscode-server/bin/0958016b2af9f09bb4257e0df4a95e2f90590f9f/node'), ('VSCODE_PYTHON_AUTOACTIVATE_GUARD', '1'), ('DBUS_SESSION_BUS_ADDRESS', 'unix:path=/run/user/1000/bus'), ('COLORTERM', 'truecolor'), ('WSL_DISTRO_NAME', 'Ubuntu-22.04'), ('WAYLAND_DISPLAY', 'wayland-0'), ('ROS_DISTRO', 'humble'), ('LOGNAME', 'vigma'), ('NAME', 'Vigneshu'), ('WSL_INTEROP', '/run/WSL/442_interop'), ('PULSE_SERVER', 'unix:/mnt/wslg/PulseServer'), ('_', '/usr/bin/colcon'), ('ROS_VERSION', '2'), ('TERM', 'xterm-256color'), ('ROS_LOCALHOST_ONLY', '0'), ('PATH', '/home/vigma/.vscode-server/data/User/globalStorage/github.copilot-chat/debugCommand:/home/vigma/.vscode-server/data/User/globalStorage/github.copilot-chat/copilotCli:/home/vigma/.vscode-server/bin/0958016b2af9f09bb4257e0df4a95e2f90590f9f/bin/remote-cli:/opt/ros/humble/bin:/usr/local/sbin:/usr/local/bin:/usr/sbin:/usr/bin:/sbin:/bin:/usr/games:/usr/local/games:/usr/lib/wsl/lib:/mnt/c/Users/vigma/AppData/Local/Programs/Microsoft VS Code:/mnt/c/Python314/Scripts/:/mnt/c/Python314/:/mnt/c/WINDOWS/system32:/mnt/c/WINDOWS:/mnt/c/WINDOWS/System32/Wbem:/mnt/c/WINDOWS/System32/WindowsPowerShell/v1.0/:/mnt/c/WINDOWS/System32/OpenSSH/:/mnt/c/Program Files/PuTTY/:/mnt/c/Program Files (x86)/IncrediBuild:/mnt/c/Program Files (x86)/Windows Kits/10/Windows Performance Toolkit/:/mnt/c/ProgramData/chocolatey/bin:/mnt/c/Program Files/CMake/bin:/mnt/c/Users/vigma/.local/bin:/mnt/c/Users/vigma/AppData/Local/Microsoft/WindowsApps:/mnt/c/cygwin64/bin:/mnt/c/Users/vigma/AppData/Local/Programs/Microsoft VS Code/bin:/mnt/c/Program Files/SmartGit/git/bin:/mnt/c/Program Files/OpenSSL-Win64/bin:/snap/bin'), ('XDG_RUNTIME_DIR', '/run/user/1000/'), ('DISPLAY', ':0'), ('LANG', 'en_US.UTF-8'), ('LS_COLORS', 'rs=0:di=01;34:ln=01;36:mh=00:pi=40;33:so=01;35:do=01;35:bd=40;33;01:cd=40;33;01:or=40;31;01:mi=00:su=37;41:sg=30;43:ca=30;41:tw=30;42:ow=34;42:st=37;44:ex=01;32:*.tar=01;31:*.tgz=01;31:*.arc=01;31:*.arj=01;31:*.taz=01;31:*.lha=01;31:*.lz4=01;31:*.lzh=01;31:*.lzma=01;31:*.tlz=01;31:*.txz=01;31:*.tzo=01;31:*.t7z=01;31:*.zip=01;31:*.z=01;31:*.dz=01;31:*.gz=01;31:*.lrz=01;31:*.lz=01;31:*.lzo=01;31:*.xz=01;31:*.zst=01;31:*.tzst=01;31:*.bz2=01;31:*.bz=01;31:*.tbz=01;31:*.tbz2=01;31:*.tz=01;31:*.deb=01;31:*.rpm=01;31:*.jar=01;31:*.war=01;31:*.ear=01;31:*.sar=01;31:*.rar=01;31:*.alz=01;31:*.ace=01;31:*.zoo=01;31:*.cpio=01;31:*.7z=01;31:*.rz=01;31:*.cab=01;31:*.wim=01;31:*.swm=01;31:*.dwm=01;31:*.esd=01;31:*.jpg=01;35:*.jpeg=01;35:*.mjpg=01;35:*.mjpeg=01;35:*.gif=01;35:*.bmp=01;35:*.pbm=01;35:*.pgm=01;35:*.ppm=01;35:*.tga=01;35:*.xbm=01;35:*.xpm=01;35:*.tif=01;35:*.tiff=01;35:*.png=01;35:*.svg=01;35:*.svgz=01;35:*.mng=01;35:*.pcx=01;35:*.mov=01;35:*.mpg=01;35:*.mpeg=01;35:*.m2v=01;35:*.mkv=01;35:*.webm=01;35:*.webp=01;35:*.ogm=01;35:*.mp4=01;35:*.m4v=01;35:*.mp4v=01;35:*.vob=01;35:*.qt=01;35:*.nuv=01;35:*.wmv=01;35:*.asf=01;35:*.rm=01;35:*.rmvb=01;35:*.flc=01;35:*.avi=01;35:*.fli=01;35:*.flv=01;35:*.gl=01;35:*.dl=01;35:*.xcf=01;35:*.xwd=01;35:*.yuv=01;35:*.cgm=01;35:*.emf=01;35:*.ogv=01;35:*.ogx=01;35:*.aac=00;36:*.au=00;36:*.flac=00;36:*.m4a=00;36:*.mid=00;36:*.midi=00;36:*.mka=00;36:*.mp3=00;36:*.mpc=00;36:*.ogg=00;36:*.ra=00;36:*.wav=00;36:*.oga=00;36:*.opus=00;36:*.spx=00;36:*.xspf=00;36:'), ('VSCODE_GIT_IPC_HANDLE', '/run/user/1000/vscode-git-ebf8d60c65.sock'), ('TERM_PROGRAM', 'vscode'), ('AMENT_PREFIX_PATH', '/home/vigma/ros2_ws/bin_picking_robot/install/interfaces:/opt/ros/humble'), ('SHELL', '/bin/bash'), ('LESSCLOSE', '/usr/bin/lesspipe %s %s'), ('VSCODE_GIT_ASKPASS_EXTRA_ARGS', ''), ('PWD', '/home/vigma/ros2_ws/bin_picking_robot/build/stacklight_node'), ('XDG_DATA_DIRS', '/usr/local/share:/usr/share:/var/lib/snapd/desktop'), ('PYTHONPATH', '/home/vigma/ros2_ws/bin_picking_robot/install/interfaces/local/lib/python3.10/dist-packages:/opt/ros/humble/lib/python3.10/site-packages:/opt/ros/humble/local/lib/python3.10/dist-packages'), ('COLCON', '1'), ('WSL2_GUI_APPS_ENABLED', '1'), ('HOSTTYPE', 'x86_64'), ('WSLENV', 'VSCODE_WSL_EXT_LOCATION/up:VSCODE_SERVER_TAR/up'), ('CMAKE_PREFIX_PATH', '/home/vigma/ros2_ws/bin_picking_robot/install/interfaces:/opt/ros/humble')]), 'shell': False}
[25.995728] (-) TimerEvent: {}
[26.096371] (-) TimerEvent: {}
[26.197329] (-) TimerEvent: {}
[26.226574] (cell_controller) StdoutLine: {'line': b'-- The C compiler identification is GNU 11.4.0\n'}
[26.229027] (door_node) StdoutLine: {'line': b'-- The C compiler identification is GNU 11.4.0\n'}
[26.247977] (barcode_node) StdoutLine: {'line': b'-- The C compiler identification is GNU 11.4.0\n'}
[26.297613] (-) TimerEvent: {}
[26.303682] (emergency_node) StdoutLine: {'line': b'-- The C compiler identification is GNU 11.4.0\n'}
[26.330085] (stacklight_node) StdoutLine: {'line': b'-- The C compiler identification is GNU 11.4.0\n'}
[26.397863] (-) TimerEvent: {}
[26.498815] (-) TimerEvent: {}
[26.599548] (-) TimerEvent: {}
[26.700202] (-) TimerEvent: {}
[26.800950] (-) TimerEvent: {}
[26.901698] (-) TimerEvent: {}
[27.002718] (-) TimerEvent: {}
[27.103411] (-) TimerEvent: {}
[27.204242] (-) TimerEvent: {}
[27.305045] (-) TimerEvent: {}
[27.346460] (door_node) StdoutLine: {'line': b'-- The CXX compiler identification is GNU 11.4.0\n'}
[27.405308] (-) TimerEvent: {}
[27.409569] (barcode_node) StdoutLine: {'line': b'-- The CXX compiler identification is GNU 11.4.0\n'}
[27.410494] (cell_controller) StdoutLine: {'line': b'-- The CXX compiler identification is GNU 11.4.0\n'}
[27.419061] (stacklight_node) StdoutLine: {'line': b'-- The CXX compiler identification is GNU 11.4.0\n'}
[27.505569] (-) TimerEvent: {}
[27.601907] (emergency_node) StdoutLine: {'line': b'-- The CXX compiler identification is GNU 11.4.0\n'}
[27.605833] (-) TimerEvent: {}
[27.706856] (-) TimerEvent: {}
[27.807778] (-) TimerEvent: {}
[27.908480] (-) TimerEvent: {}
[28.009465] (-) TimerEvent: {}
[28.110666] (-) TimerEvent: {}
[28.140719] (barcode_node) StdoutLine: {'line': b'-- Detecting C compiler ABI info\n'}
[28.169113] (door_node) StdoutLine: {'line': b'-- Detecting C compiler ABI info\n'}
[28.210884] (-) TimerEvent: {}
[28.311690] (-) TimerEvent: {}
[28.324942] (cell_controller) StdoutLine: {'line': b'-- Detecting C compiler ABI info\n'}
[28.411892] (-) TimerEvent: {}
[28.508037] (stacklight_node) StdoutLine: {'line': b'-- Detecting C compiler ABI info\n'}
[28.512073] (-) TimerEvent: {}
[28.607287] (emergency_node) StdoutLine: {'line': b'-- Detecting C compiler ABI info\n'}
[28.612215] (-) TimerEvent: {}
[28.675686] (barcode_node) StdoutLine: {'line': b'-- Detecting C compiler ABI info - done\n'}
[28.700121] (barcode_node) StdoutLine: {'line': b'-- Check for working C compiler: /usr/bin/cc - skipped\n'}
[28.701309] (barcode_node) StdoutLine: {'line': b'-- Detecting C compile features\n'}
[28.701716] (door_node) StdoutLine: {'line': b'-- Detecting C compiler ABI info - done\n'}
[28.702844] (barcode_node) StdoutLine: {'line': b'-- Detecting C compile features - done\n'}
[28.712419] (-) TimerEvent: {}
[28.713275] (barcode_node) StdoutLine: {'line': b'-- Detecting CXX compiler ABI info\n'}
[28.728541] (door_node) StdoutLine: {'line': b'-- Check for working C compiler: /usr/bin/cc - skipped\n'}
[28.729282] (door_node) StdoutLine: {'line': b'-- Detecting C compile features\n'}
[28.730939] (door_node) StdoutLine: {'line': b'-- Detecting C compile features - done\n'}
[28.748645] (door_node) StdoutLine: {'line': b'-- Detecting CXX compiler ABI info\n'}
[28.812642] (-) TimerEvent: {}
[28.868637] (cell_controller) StdoutLine: {'line': b'-- Detecting C compiler ABI info - done\n'}
[28.889808] (cell_controller) StdoutLine: {'line': b'-- Check for working C compiler: /usr/bin/cc - skipped\n'}
[28.891160] (cell_controller) StdoutLine: {'line': b'-- Detecting C compile features\n'}
[28.891923] (cell_controller) StdoutLine: {'line': b'-- Detecting C compile features - done\n'}
[28.900812] (cell_controller) StdoutLine: {'line': b'-- Detecting CXX compiler ABI info\n'}
[28.912878] (-) TimerEvent: {}
[29.002416] (stacklight_node) StdoutLine: {'line': b'-- Detecting C compiler ABI info - done\n'}
[29.013032] (-) TimerEvent: {}
[29.022850] (stacklight_node) StdoutLine: {'line': b'-- Check for working C compiler: /usr/bin/cc - skipped\n'}
[29.023981] (stacklight_node) StdoutLine: {'line': b'-- Detecting C compile features\n'}
[29.025383] (stacklight_node) StdoutLine: {'line': b'-- Detecting C compile features - done\n'}
[29.034380] (stacklight_node) StdoutLine: {'line': b'-- Detecting CXX compiler ABI info\n'}
[29.052840] (emergency_node) StdoutLine: {'line': b'-- Detecting C compiler ABI info - done\n'}
[29.080338] (emergency_node) StdoutLine: {'line': b'-- Check for working C compiler: /usr/bin/cc - skipped\n'}
[29.081549] (emergency_node) StdoutLine: {'line': b'-- Detecting C compile features\n'}
[29.083028] (emergency_node) StdoutLine: {'line': b'-- Detecting C compile features - done\n'}
[29.093086] (emergency_node) StdoutLine: {'line': b'-- Detecting CXX compiler ABI info\n'}
[29.113197] (-) TimerEvent: {}
[29.213979] (barcode_node) StdoutLine: {'line': b'-- Detecting CXX compiler ABI info - done\n'}
[29.214455] (-) TimerEvent: {}
[29.235841] (barcode_node) StdoutLine: {'line': b'-- Check for working CXX compiler: /usr/bin/c++ - skipped\n'}
[29.236782] (barcode_node) StdoutLine: {'line': b'-- Detecting CXX compile features\n'}
[29.238481] (barcode_node) StdoutLine: {'line': b'-- Detecting CXX compile features - done\n'}
[29.249406] (barcode_node) StdoutLine: {'line': b'-- Found ament_cmake: 1.3.14 (/opt/ros/humble/share/ament_cmake/cmake)\n'}
[29.263720] (door_node) StdoutLine: {'line': b'-- Detecting CXX compiler ABI info - done\n'}
[29.286661] (door_node) StdoutLine: {'line': b'-- Check for working CXX compiler: /usr/bin/c++ - skipped\n'}
[29.287744] (door_node) StdoutLine: {'line': b'-- Detecting CXX compile features\n'}
[29.289231] (door_node) StdoutLine: {'line': b'-- Detecting CXX compile features - done\n'}
[29.299151] (door_node) StdoutLine: {'line': b'-- Found ament_cmake: 1.3.14 (/opt/ros/humble/share/ament_cmake/cmake)\n'}
[29.314670] (-) TimerEvent: {}
[29.415350] (-) TimerEvent: {}
[29.442032] (cell_controller) StdoutLine: {'line': b'-- Detecting CXX compiler ABI info - done\n'}
[29.475366] (cell_controller) StdoutLine: {'line': b'-- Check for working CXX compiler: /usr/bin/c++ - skipped\n'}
[29.476521] (cell_controller) StdoutLine: {'line': b'-- Detecting CXX compile features\n'}
[29.477857] (cell_controller) StdoutLine: {'line': b'-- Detecting CXX compile features - done\n'}
[29.486687] (cell_controller) StdoutLine: {'line': b'-- Found ament_cmake: 1.3.14 (/opt/ros/humble/share/ament_cmake/cmake)\n'}
[29.515530] (-) TimerEvent: {}
[29.610973] (stacklight_node) StdoutLine: {'line': b'-- Detecting CXX compiler ABI info - done\n'}
[29.615754] (-) TimerEvent: {}
[29.632563] (stacklight_node) StdoutLine: {'line': b'-- Check for working CXX compiler: /usr/bin/c++ - skipped\n'}
[29.636804] (stacklight_node) StdoutLine: {'line': b'-- Detecting CXX compile features\n'}
[29.648230] (stacklight_node) StdoutLine: {'line': b'-- Detecting CXX compile features - done\n'}
[29.658376] (stacklight_node) StdoutLine: {'line': b'-- Found ament_cmake: 1.3.14 (/opt/ros/humble/share/ament_cmake/cmake)\n'}
[29.659310] (emergency_node) StdoutLine: {'line': b'-- Detecting CXX compiler ABI info - done\n'}
[29.682215] (emergency_node) StdoutLine: {'line': b'-- Check for working CXX compiler: /usr/bin/c++ - skipped\n'}
[29.683259] (emergency_node) StdoutLine: {'line': b'-- Detecting CXX compile features\n'}
[29.684830] (emergency_node) StdoutLine: {'line': b'-- Detecting CXX compile features - done\n'}
[29.692926] (emergency_node) StdoutLine: {'line': b'-- Found ament_cmake: 1.3.14 (/opt/ros/humble/share/ament_cmake/cmake)\n'}
[29.715972] (-) TimerEvent: {}
[29.778879] (barcode_node) StdoutLine: {'line': b'-- Found Python3: /usr/bin/python3 (found version "3.10.12") found components: Interpreter \n'}
[29.816238] (-) TimerEvent: {}
[29.844901] (door_node) StdoutLine: {'line': b'-- Found Python3: /usr/bin/python3 (found version "3.10.12") found components: Interpreter \n'}
[29.916376] (-) TimerEvent: {}
[29.998453] (cell_controller) StdoutLine: {'line': b'-- Found Python3: /usr/bin/python3 (found version "3.10.12") found components: Interpreter \n'}
[30.016632] (-) TimerEvent: {}
[30.097502] (barcode_node) StdoutLine: {'line': b'-- Found rclcpp: 16.0.19 (/opt/ros/humble/share/rclcpp/cmake)\n'}
[30.116820] (-) TimerEvent: {}
[30.163482] (door_node) StdoutLine: {'line': b'-- Found rclcpp: 16.0.19 (/opt/ros/humble/share/rclcpp/cmake)\n'}
[30.164133] (stacklight_node) StdoutLine: {'line': b'-- Found Python3: /usr/bin/python3 (found version "3.10.12") found components: Interpreter \n'}
[30.202415] (emergency_node) StdoutLine: {'line': b'-- Found Python3: /usr/bin/python3 (found version "3.10.12") found components: Interpreter \n'}
[30.216978] (-) TimerEvent: {}
[30.314837] (cell_controller) StdoutLine: {'line': b'-- Found rclcpp: 16.0.19 (/opt/ros/humble/share/rclcpp/cmake)\n'}
[30.317151] (-) TimerEvent: {}
[30.417915] (-) TimerEvent: {}
[30.465767] (stacklight_node) StdoutLine: {'line': b'-- Found rclcpp: 16.0.19 (/opt/ros/humble/share/rclcpp/cmake)\n'}
[30.514311] (emergency_node) StdoutLine: {'line': b'-- Found rclcpp: 16.0.19 (/opt/ros/humble/share/rclcpp/cmake)\n'}
[30.518219] (-) TimerEvent: {}
[30.593693] (barcode_node) StdoutLine: {'line': b'-- Found rosidl_generator_c: 3.1.8 (/opt/ros/humble/share/rosidl_generator_c/cmake)\n'}
[30.608332] (barcode_node) StdoutLine: {'line': b'-- Found rosidl_adapter: 3.1.8 (/opt/ros/humble/share/rosidl_adapter/cmake)\n'}
[30.618386] (-) TimerEvent: {}
[30.640094] (barcode_node) StdoutLine: {'line': b'-- Found rosidl_generator_cpp: 3.1.8 (/opt/ros/humble/share/rosidl_generator_cpp/cmake)\n'}
[30.655822] (door_node) StdoutLine: {'line': b'-- Found rosidl_generator_c: 3.1.8 (/opt/ros/humble/share/rosidl_generator_c/cmake)\n'}
[30.671751] (door_node) StdoutLine: {'line': b'-- Found rosidl_adapter: 3.1.8 (/opt/ros/humble/share/rosidl_adapter/cmake)\n'}
[30.679779] (barcode_node) StdoutLine: {'line': b'-- Using all available rosidl_typesupport_c: rosidl_typesupport_fastrtps_c;rosidl_typesupport_introspection_c\n'}
[30.697301] (door_node) StdoutLine: {'line': b'-- Found rosidl_generator_cpp: 3.1.8 (/opt/ros/humble/share/rosidl_generator_cpp/cmake)\n'}
[30.718861] (-) TimerEvent: {}
[30.725074] (barcode_node) StdoutLine: {'line': b'-- Using all available rosidl_typesupport_cpp: rosidl_typesupport_fastrtps_cpp;rosidl_typesupport_introspection_cpp\n'}
[30.734248] (door_node) StdoutLine: {'line': b'-- Using all available rosidl_typesupport_c: rosidl_typesupport_fastrtps_c;rosidl_typesupport_introspection_c\n'}
[30.788558] (door_node) StdoutLine: {'line': b'-- Using all available rosidl_typesupport_cpp: rosidl_typesupport_fastrtps_cpp;rosidl_typesupport_introspection_cpp\n'}
[30.819137] (-) TimerEvent: {}
[30.853138] (cell_controller) StdoutLine: {'line': b'-- Found rosidl_generator_c: 3.1.8 (/opt/ros/humble/share/rosidl_generator_c/cmake)\n'}
[30.867451] (cell_controller) StdoutLine: {'line': b'-- Found rosidl_adapter: 3.1.8 (/opt/ros/humble/share/rosidl_adapter/cmake)\n'}
[30.891275] (cell_controller) StdoutLine: {'line': b'-- Found rosidl_generator_cpp: 3.1.8 (/opt/ros/humble/share/rosidl_generator_cpp/cmake)\n'}
[30.919313] (-) TimerEvent: {}
[30.924393] (cell_controller) StdoutLine: {'line': b'-- Using all available rosidl_typesupport_c: rosidl_typesupport_fastrtps_c;rosidl_typesupport_introspection_c\n'}
[30.929630] (barcode_node) StdoutLine: {'line': b'-- Found rmw_implementation_cmake: 6.1.2 (/opt/ros/humble/share/rmw_implementation_cmake/cmake)\n'}
[30.935915] (door_node) StdoutLine: {'line': b'-- Found rmw_implementation_cmake: 6.1.2 (/opt/ros/humble/share/rmw_implementation_cmake/cmake)\n'}
[30.948332] (door_node) StdoutLine: {'line': b'-- Found rmw_fastrtps_cpp: 6.2.10 (/opt/ros/humble/share/rmw_fastrtps_cpp/cmake)\n'}
[30.950254] (barcode_node) StdoutLine: {'line': b'-- Found rmw_fastrtps_cpp: 6.2.10 (/opt/ros/humble/share/rmw_fastrtps_cpp/cmake)\n'}
[30.958665] (stacklight_node) StdoutLine: {'line': b'-- Found rosidl_generator_c: 3.1.8 (/opt/ros/humble/share/rosidl_generator_c/cmake)\n'}
[30.972767] (stacklight_node) StdoutLine: {'line': b'-- Found rosidl_adapter: 3.1.8 (/opt/ros/humble/share/rosidl_adapter/cmake)\n'}
[30.981670] (cell_controller) StdoutLine: {'line': b'-- Using all available rosidl_typesupport_cpp: rosidl_typesupport_fastrtps_cpp;rosidl_typesupport_introspection_cpp\n'}
[30.996291] (stacklight_node) StdoutLine: {'line': b'-- Found rosidl_generator_cpp: 3.1.8 (/opt/ros/humble/share/rosidl_generator_cpp/cmake)\n'}
[31.015840] (emergency_node) StdoutLine: {'line': b'-- Found rosidl_generator_c: 3.1.8 (/opt/ros/humble/share/rosidl_generator_c/cmake)\n'}
[31.019460] (-) TimerEvent: {}
[31.029666] (stacklight_node) StdoutLine: {'line': b'-- Using all available rosidl_typesupport_c: rosidl_typesupport_fastrtps_c;rosidl_typesupport_introspection_c\n'}
[31.031174] (emergency_node) StdoutLine: {'line': b'-- Found rosidl_adapter: 3.1.8 (/opt/ros/humble/share/rosidl_adapter/cmake)\n'}
[31.061858] (emergency_node) StdoutLine: {'line': b'-- Found rosidl_generator_cpp: 3.1.8 (/opt/ros/humble/share/rosidl_generator_cpp/cmake)\n'}
[31.080135] (stacklight_node) StdoutLine: {'line': b'-- Using all available rosidl_typesupport_cpp: rosidl_typesupport_fastrtps_cpp;rosidl_typesupport_introspection_cpp\n'}
[31.095164] (emergency_node) StdoutLine: {'line': b'-- Using all available rosidl_typesupport_c: rosidl_typesupport_fastrtps_c;rosidl_typesupport_introspection_c\n'}
[31.117879] (cell_controller) StdoutLine: {'line': b'-- Found rmw_implementation_cmake: 6.1.2 (/opt/ros/humble/share/rmw_implementation_cmake/cmake)\n'}
[31.119675] (-) TimerEvent: {}
[31.127927] (cell_controller) StdoutLine: {'line': b'-- Found rmw_fastrtps_cpp: 6.2.10 (/opt/ros/humble/share/rmw_fastrtps_cpp/cmake)\n'}
[31.153769] (emergency_node) StdoutLine: {'line': b'-- Using all available rosidl_typesupport_cpp: rosidl_typesupport_fastrtps_cpp;rosidl_typesupport_introspection_cpp\n'}
[31.219961] (-) TimerEvent: {}
[31.229361] (stacklight_node) StdoutLine: {'line': b'-- Found rmw_implementation_cmake: 6.1.2 (/opt/ros/humble/share/rmw_implementation_cmake/cmake)\n'}
[31.240487] (stacklight_node) StdoutLine: {'line': b'-- Found rmw_fastrtps_cpp: 6.2.10 (/opt/ros/humble/share/rmw_fastrtps_cpp/cmake)\n'}
[31.310483] (emergency_node) StdoutLine: {'line': b'-- Found rmw_implementation_cmake: 6.1.2 (/opt/ros/humble/share/rmw_implementation_cmake/cmake)\n'}
[31.320150] (emergency_node) StdoutLine: {'line': b'-- Found rmw_fastrtps_cpp: 6.2.10 (/opt/ros/humble/share/rmw_fastrtps_cpp/cmake)\n'}
[31.320591] (-) TimerEvent: {}
[31.421229] (-) TimerEvent: {}
[31.522074] (-) TimerEvent: {}
[31.622905] (-) TimerEvent: {}
[31.723778] (-) TimerEvent: {}
[31.824476] (-) TimerEvent: {}
[31.925223] (-) TimerEvent: {}
[32.026020] (-) TimerEvent: {}
[32.127086] (-) TimerEvent: {}
[32.227836] (-) TimerEvent: {}
[32.328495] (-) TimerEvent: {}
[32.429232] (-) TimerEvent: {}
[32.530031] (-) TimerEvent: {}
[32.630937] (-) TimerEvent: {}
[32.731634] (-) TimerEvent: {}
[32.832256] (-) TimerEvent: {}
[32.932941] (-) TimerEvent: {}
[32.951415] (door_node) StdoutLine: {'line': b'-- Found OpenSSL: /usr/lib/x86_64-linux-gnu/libcrypto.so (found version "3.0.2")  \n'}
[32.955871] (barcode_node) StdoutLine: {'line': b'-- Found OpenSSL: /usr/lib/x86_64-linux-gnu/libcrypto.so (found version "3.0.2")  \n'}
[33.033158] (-) TimerEvent: {}
[33.134082] (-) TimerEvent: {}
[33.179843] (stacklight_node) StdoutLine: {'line': b'-- Found OpenSSL: /usr/lib/x86_64-linux-gnu/libcrypto.so (found version "3.0.2")  \n'}
[33.183778] (cell_controller) StdoutLine: {'line': b'-- Found OpenSSL: /usr/lib/x86_64-linux-gnu/libcrypto.so (found version "3.0.2")  \n'}
[33.234342] (-) TimerEvent: {}
[33.335034] (-) TimerEvent: {}
[33.435784] (-) TimerEvent: {}
[33.536834] (-) TimerEvent: {}
[33.637722] (-) TimerEvent: {}
[33.738523] (-) TimerEvent: {}
[33.839187] (-) TimerEvent: {}
[33.939943] (-) TimerEvent: {}
[34.040730] (-) TimerEvent: {}
[34.141439] (-) TimerEvent: {}
[34.242130] (-) TimerEvent: {}
[34.342926] (-) TimerEvent: {}
[34.443665] (-) TimerEvent: {}
[34.544384] (-) TimerEvent: {}
[34.645126] (-) TimerEvent: {}
[34.745830] (-) TimerEvent: {}
[34.795701] (emergency_node) StdoutLine: {'line': b'-- Found OpenSSL: /usr/lib/x86_64-linux-gnu/libcrypto.so (found version "3.0.2")  \n'}
[34.846072] (-) TimerEvent: {}
[34.907665] (barcode_node) StdoutLine: {'line': b'-- Found FastRTPS: /opt/ros/humble/include  \n'}
[34.908579] (door_node) StdoutLine: {'line': b'-- Found FastRTPS: /opt/ros/humble/include  \n'}
[34.946320] (-) TimerEvent: {}
[35.047043] (-) TimerEvent: {}
[35.107380] (cell_controller) StdoutLine: {'line': b'-- Found FastRTPS: /opt/ros/humble/include  \n'}
[35.110508] (stacklight_node) StdoutLine: {'line': b'-- Found FastRTPS: /opt/ros/humble/include  \n'}
[35.147231] (-) TimerEvent: {}
[35.248093] (-) TimerEvent: {}
[35.348818] (-) TimerEvent: {}
[35.449574] (-) TimerEvent: {}
[35.550590] (-) TimerEvent: {}
[35.651344] (-) TimerEvent: {}
[35.752144] (-) TimerEvent: {}
[35.852894] (-) TimerEvent: {}
[35.953819] (-) TimerEvent: {}
[36.054808] (-) TimerEvent: {}
[36.155594] (-) TimerEvent: {}
[36.256412] (-) TimerEvent: {}
[36.357122] (-) TimerEvent: {}
[36.457947] (-) TimerEvent: {}
[36.558828] (-) TimerEvent: {}
[36.659543] (-) TimerEvent: {}
[36.760330] (-) TimerEvent: {}
[36.861021] (-) TimerEvent: {}
[36.924806] (emergency_node) StdoutLine: {'line': b'-- Found FastRTPS: /opt/ros/humble/include  \n'}
[36.961324] (-) TimerEvent: {}
[37.062342] (-) TimerEvent: {}
[37.163392] (-) TimerEvent: {}
[37.264207] (-) TimerEvent: {}
[37.364978] (-) TimerEvent: {}
[37.465676] (-) TimerEvent: {}
[37.566809] (-) TimerEvent: {}
[37.667547] (-) TimerEvent: {}
[37.768251] (-) TimerEvent: {}
[37.868966] (-) TimerEvent: {}
[37.969952] (-) TimerEvent: {}
[38.070786] (-) TimerEvent: {}
[38.171515] (-) TimerEvent: {}
[38.272164] (-) TimerEvent: {}
[38.372882] (-) TimerEvent: {}
[38.473589] (-) TimerEvent: {}
[38.574470] (-) TimerEvent: {}
[38.675347] (-) TimerEvent: {}
[38.775336] (door_node) StdoutLine: {'line': b"-- Using RMW implementation 'rmw_fastrtps_cpp' as default\n"}
[38.775770] (-) TimerEvent: {}
[38.831496] (door_node) StdoutLine: {'line': b'-- Looking for pthread.h\n'}
[38.876042] (-) TimerEvent: {}
[38.976924] (-) TimerEvent: {}
[39.077625] (-) TimerEvent: {}
[39.178944] (-) TimerEvent: {}
[39.264595] (door_node) StdoutLine: {'line': b'-- Looking for pthread.h - found\n'}
[39.266278] (door_node) StdoutLine: {'line': b'-- Performing Test CMAKE_HAVE_LIBC_PTHREAD\n'}
[39.279146] (-) TimerEvent: {}
[39.379883] (-) TimerEvent: {}
[39.420427] (stacklight_node) StdoutLine: {'line': b"-- Using RMW implementation 'rmw_fastrtps_cpp' as default\n"}
[39.446050] (stacklight_node) StdoutLine: {'line': b'-- Looking for pthread.h\n'}
[39.480125] (-) TimerEvent: {}
[39.580900] (-) TimerEvent: {}
[39.681665] (-) TimerEvent: {}
[39.699765] (door_node) StdoutLine: {'line': b'-- Performing Test CMAKE_HAVE_LIBC_PTHREAD - Success\n'}
[39.705664] (door_node) StdoutLine: {'line': b'-- Found Threads: TRUE  \n'}
[39.781901] (-) TimerEvent: {}
[39.864468] (stacklight_node) StdoutLine: {'line': b'-- Looking for pthread.h - found\n'}
[39.865995] (stacklight_node) StdoutLine: {'line': b'-- Performing Test CMAKE_HAVE_LIBC_PTHREAD\n'}
[39.882285] (-) TimerEvent: {}
[39.932730] (door_node) StdoutLine: {'line': b'-- Found interfaces: 0.0.1 (/home/vigma/ros2_ws/bin_picking_robot/install/interfaces/share/interfaces/cmake)\n'}
[39.982481] (-) TimerEvent: {}
[39.993226] (barcode_node) StdoutLine: {'line': b"-- Using RMW implementation 'rmw_fastrtps_cpp' as default\n"}
[40.035788] (barcode_node) StdoutLine: {'line': b'-- Looking for pthread.h\n'}
[40.082710] (-) TimerEvent: {}
[40.183506] (-) TimerEvent: {}
[40.221272] (door_node) StdoutLine: {'line': b'-- Configuring done\n'}
[40.276803] (door_node) StdoutLine: {'line': b'-- Generating done\n'}
[40.283772] (-) TimerEvent: {}
[40.291411] (door_node) StdoutLine: {'line': b'-- Build files have been written to: /home/vigma/ros2_ws/bin_picking_robot/build/door_node\n'}
[40.328683] (door_node) CommandEnded: {'returncode': 0}
[40.330519] (door_node) JobProgress: {'identifier': 'door_node', 'progress': 'build'}
[40.331506] (door_node) Command: {'cmd': ['/usr/bin/cmake', '--build', '/home/vigma/ros2_ws/bin_picking_robot/build/door_node', '--', '-j16', '-l16'], 'cwd': '/home/vigma/ros2_ws/bin_picking_robot/build/door_node', 'env': OrderedDict([('LESSOPEN', '| /usr/bin/lesspipe %s'), ('USER', 'vigma'), ('GIT_ASKPASS', '/home/vigma/.vscode-server/bin/0958016b2af9f09bb4257e0df4a95e2f90590f9f/extensions/git/dist/askpass.sh'), ('SHLVL', '1'), ('LD_LIBRARY_PATH', '/home/vigma/ros2_ws/bin_picking_robot/install/interfaces/lib:/opt/ros/humble/opt/rviz_ogre_vendor/lib:/opt/ros/humble/lib/x86_64-linux-gnu:/opt/ros/humble/lib'), ('HOME', '/home/vigma'), ('OLDPWD', '/home/vigma/ros2_ws'), ('TERM_PROGRAM_VERSION', '1.120.0'), ('VSCODE_IPC_HOOK_CLI', '/run/user/1000/vscode-ipc-a3480510-3e41-4ad8-8e8f-c7d3ff025587.sock'), ('ROS_PYTHON_VERSION', '3'), ('VSCODE_GIT_ASKPASS_MAIN', '/home/vigma/.vscode-server/bin/0958016b2af9f09bb4257e0df4a95e2f90590f9f/extensions/git/dist/askpass-main.js'), ('VSCODE_GIT_ASKPASS_NODE', '/home/vigma/.vscode-server/bin/0958016b2af9f09bb4257e0df4a95e2f90590f9f/node'), ('VSCODE_PYTHON_AUTOACTIVATE_GUARD', '1'), ('DBUS_SESSION_BUS_ADDRESS', 'unix:path=/run/user/1000/bus'), ('COLORTERM', 'truecolor'), ('WSL_DISTRO_NAME', 'Ubuntu-22.04'), ('WAYLAND_DISPLAY', 'wayland-0'), ('ROS_DISTRO', 'humble'), ('LOGNAME', 'vigma'), ('NAME', 'Vigneshu'), ('WSL_INTEROP', '/run/WSL/442_interop'), ('PULSE_SERVER', 'unix:/mnt/wslg/PulseServer'), ('_', '/usr/bin/colcon'), ('ROS_VERSION', '2'), ('TERM', 'xterm-256color'), ('ROS_LOCALHOST_ONLY', '0'), ('PATH', '/home/vigma/.vscode-server/data/User/globalStorage/github.copilot-chat/debugCommand:/home/vigma/.vscode-server/data/User/globalStorage/github.copilot-chat/copilotCli:/home/vigma/.vscode-server/bin/0958016b2af9f09bb4257e0df4a95e2f90590f9f/bin/remote-cli:/opt/ros/humble/bin:/usr/local/sbin:/usr/local/bin:/usr/sbin:/usr/bin:/sbin:/bin:/usr/games:/usr/local/games:/usr/lib/wsl/lib:/mnt/c/Users/vigma/AppData/Local/Programs/Microsoft VS Code:/mnt/c/Python314/Scripts/:/mnt/c/Python314/:/mnt/c/WINDOWS/system32:/mnt/c/WINDOWS:/mnt/c/WINDOWS/System32/Wbem:/mnt/c/WINDOWS/System32/WindowsPowerShell/v1.0/:/mnt/c/WINDOWS/System32/OpenSSH/:/mnt/c/Program Files/PuTTY/:/mnt/c/Program Files (x86)/IncrediBuild:/mnt/c/Program Files (x86)/Windows Kits/10/Windows Performance Toolkit/:/mnt/c/ProgramData/chocolatey/bin:/mnt/c/Program Files/CMake/bin:/mnt/c/Users/vigma/.local/bin:/mnt/c/Users/vigma/AppData/Local/Microsoft/WindowsApps:/mnt/c/cygwin64/bin:/mnt/c/Users/vigma/AppData/Local/Programs/Microsoft VS Code/bin:/mnt/c/Program Files/SmartGit/git/bin:/mnt/c/Program Files/OpenSSL-Win64/bin:/snap/bin'), ('XDG_RUNTIME_DIR', '/run/user/1000/'), ('DISPLAY', ':0'), ('LANG', 'en_US.UTF-8'), ('LS_COLORS', 'rs=0:di=01;34:ln=01;36:mh=00:pi=40;33:so=01;35:do=01;35:bd=40;33;01:cd=40;33;01:or=40;31;01:mi=00:su=37;41:sg=30;43:ca=30;41:tw=30;42:ow=34;42:st=37;44:ex=01;32:*.tar=01;31:*.tgz=01;31:*.arc=01;31:*.arj=01;31:*.taz=01;31:*.lha=01;31:*.lz4=01;31:*.lzh=01;31:*.lzma=01;31:*.tlz=01;31:*.txz=01;31:*.tzo=01;31:*.t7z=01;31:*.zip=01;31:*.z=01;31:*.dz=01;31:*.gz=01;31:*.lrz=01;31:*.lz=01;31:*.lzo=01;31:*.xz=01;31:*.zst=01;31:*.tzst=01;31:*.bz2=01;31:*.bz=01;31:*.tbz=01;31:*.tbz2=01;31:*.tz=01;31:*.deb=01;31:*.rpm=01;31:*.jar=01;31:*.war=01;31:*.ear=01;31:*.sar=01;31:*.rar=01;31:*.alz=01;31:*.ace=01;31:*.zoo=01;31:*.cpio=01;31:*.7z=01;31:*.rz=01;31:*.cab=01;31:*.wim=01;31:*.swm=01;31:*.dwm=01;31:*.esd=01;31:*.jpg=01;35:*.jpeg=01;35:*.mjpg=01;35:*.mjpeg=01;35:*.gif=01;35:*.bmp=01;35:*.pbm=01;35:*.pgm=01;35:*.ppm=01;35:*.tga=01;35:*.xbm=01;35:*.xpm=01;35:*.tif=01;35:*.tiff=01;35:*.png=01;35:*.svg=01;35:*.svgz=01;35:*.mng=01;35:*.pcx=01;35:*.mov=01;35:*.mpg=01;35:*.mpeg=01;35:*.m2v=01;35:*.mkv=01;35:*.webm=01;35:*.webp=01;35:*.ogm=01;35:*.mp4=01;35:*.m4v=01;35:*.mp4v=01;35:*.vob=01;35:*.qt=01;35:*.nuv=01;35:*.wmv=01;35:*.asf=01;35:*.rm=01;35:*.rmvb=01;35:*.flc=01;35:*.avi=01;35:*.fli=01;35:*.flv=01;35:*.gl=01;35:*.dl=01;35:*.xcf=01;35:*.xwd=01;35:*.yuv=01;35:*.cgm=01;35:*.emf=01;35:*.ogv=01;35:*.ogx=01;35:*.aac=00;36:*.au=00;36:*.flac=00;36:*.m4a=00;36:*.mid=00;36:*.midi=00;36:*.mka=00;36:*.mp3=00;36:*.mpc=00;36:*.ogg=00;36:*.ra=00;36:*.wav=00;36:*.oga=00;36:*.opus=00;36:*.spx=00;36:*.xspf=00;36:'), ('VSCODE_GIT_IPC_HANDLE', '/run/user/1000/vscode-git-ebf8d60c65.sock'), ('TERM_PROGRAM', 'vscode'), ('AMENT_PREFIX_PATH', '/home/vigma/ros2_ws/bin_picking_robot/install/interfaces:/opt/ros/humble'), ('SHELL', '/bin/bash'), ('LESSCLOSE', '/usr/bin/lesspipe %s %s'), ('VSCODE_GIT_ASKPASS_EXTRA_ARGS', ''), ('PWD', '/home/vigma/ros2_ws/bin_picking_robot/build/door_node'), ('XDG_DATA_DIRS', '/usr/local/share:/usr/share:/var/lib/snapd/desktop'), ('PYTHONPATH', '/home/vigma/ros2_ws/bin_picking_robot/install/interfaces/local/lib/python3.10/dist-packages:/opt/ros/humble/lib/python3.10/site-packages:/opt/ros/humble/local/lib/python3.10/dist-packages'), ('COLCON', '1'), ('WSL2_GUI_APPS_ENABLED', '1'), ('HOSTTYPE', 'x86_64'), ('WSLENV', 'VSCODE_WSL_EXT_LOCATION/up:VSCODE_SERVER_TAR/up'), ('CMAKE_PREFIX_PATH', '/home/vigma/ros2_ws/bin_picking_robot/install/interfaces:/opt/ros/humble')]), 'shell': False}
[40.337218] (stacklight_node) StdoutLine: {'line': b'-- Performing Test CMAKE_HAVE_LIBC_PTHREAD - Success\n'}
[40.338874] (stacklight_node) StdoutLine: {'line': b'-- Found Threads: TRUE  \n'}
[40.384009] (-) TimerEvent: {}
[40.484764] (-) TimerEvent: {}
[40.497100] (stacklight_node) StdoutLine: {'line': b'-- Found interfaces: 0.0.1 (/home/vigma/ros2_ws/bin_picking_robot/install/interfaces/share/interfaces/cmake)\n'}
[40.504682] (door_node) StdoutLine: {'line': b'[ 50%] \x1b[32mBuilding CXX object CMakeFiles/door_node.dir/src/door_node.cpp.o\x1b[0m\n'}
[40.518270] (barcode_node) StdoutLine: {'line': b'-- Looking for pthread.h - found\n'}
[40.520199] (barcode_node) StdoutLine: {'line': b'-- Performing Test CMAKE_HAVE_LIBC_PTHREAD\n'}
[40.585012] (-) TimerEvent: {}
[40.685790] (-) TimerEvent: {}
[40.755797] (stacklight_node) StdoutLine: {'line': b'-- Configuring done\n'}
[40.786104] (-) TimerEvent: {}
[40.813384] (stacklight_node) StdoutLine: {'line': b'-- Generating done\n'}
[40.833483] (stacklight_node) StdoutLine: {'line': b'-- Build files have been written to: /home/vigma/ros2_ws/bin_picking_robot/build/stacklight_node\n'}
[40.859389] (stacklight_node) CommandEnded: {'returncode': 0}
[40.861500] (stacklight_node) JobProgress: {'identifier': 'stacklight_node', 'progress': 'build'}
[40.864543] (stacklight_node) Command: {'cmd': ['/usr/bin/cmake', '--build', '/home/vigma/ros2_ws/bin_picking_robot/build/stacklight_node', '--', '-j16', '-l16'], 'cwd': '/home/vigma/ros2_ws/bin_picking_robot/build/stacklight_node', 'env': OrderedDict([('LESSOPEN', '| /usr/bin/lesspipe %s'), ('USER', 'vigma'), ('GIT_ASKPASS', '/home/vigma/.vscode-server/bin/0958016b2af9f09bb4257e0df4a95e2f90590f9f/extensions/git/dist/askpass.sh'), ('SHLVL', '1'), ('LD_LIBRARY_PATH', '/home/vigma/ros2_ws/bin_picking_robot/install/interfaces/lib:/opt/ros/humble/opt/rviz_ogre_vendor/lib:/opt/ros/humble/lib/x86_64-linux-gnu:/opt/ros/humble/lib'), ('HOME', '/home/vigma'), ('OLDPWD', '/home/vigma/ros2_ws'), ('TERM_PROGRAM_VERSION', '1.120.0'), ('VSCODE_IPC_HOOK_CLI', '/run/user/1000/vscode-ipc-a3480510-3e41-4ad8-8e8f-c7d3ff025587.sock'), ('ROS_PYTHON_VERSION', '3'), ('VSCODE_GIT_ASKPASS_MAIN', '/home/vigma/.vscode-server/bin/0958016b2af9f09bb4257e0df4a95e2f90590f9f/extensions/git/dist/askpass-main.js'), ('VSCODE_GIT_ASKPASS_NODE', '/home/vigma/.vscode-server/bin/0958016b2af9f09bb4257e0df4a95e2f90590f9f/node'), ('VSCODE_PYTHON_AUTOACTIVATE_GUARD', '1'), ('DBUS_SESSION_BUS_ADDRESS', 'unix:path=/run/user/1000/bus'), ('COLORTERM', 'truecolor'), ('WSL_DISTRO_NAME', 'Ubuntu-22.04'), ('WAYLAND_DISPLAY', 'wayland-0'), ('ROS_DISTRO', 'humble'), ('LOGNAME', 'vigma'), ('NAME', 'Vigneshu'), ('WSL_INTEROP', '/run/WSL/442_interop'), ('PULSE_SERVER', 'unix:/mnt/wslg/PulseServer'), ('_', '/usr/bin/colcon'), ('ROS_VERSION', '2'), ('TERM', 'xterm-256color'), ('ROS_LOCALHOST_ONLY', '0'), ('PATH', '/home/vigma/.vscode-server/data/User/globalStorage/github.copilot-chat/debugCommand:/home/vigma/.vscode-server/data/User/globalStorage/github.copilot-chat/copilotCli:/home/vigma/.vscode-server/bin/0958016b2af9f09bb4257e0df4a95e2f90590f9f/bin/remote-cli:/opt/ros/humble/bin:/usr/local/sbin:/usr/local/bin:/usr/sbin:/usr/bin:/sbin:/bin:/usr/games:/usr/local/games:/usr/lib/wsl/lib:/mnt/c/Users/vigma/AppData/Local/Programs/Microsoft VS Code:/mnt/c/Python314/Scripts/:/mnt/c/Python314/:/mnt/c/WINDOWS/system32:/mnt/c/WINDOWS:/mnt/c/WINDOWS/System32/Wbem:/mnt/c/WINDOWS/System32/WindowsPowerShell/v1.0/:/mnt/c/WINDOWS/System32/OpenSSH/:/mnt/c/Program Files/PuTTY/:/mnt/c/Program Files (x86)/IncrediBuild:/mnt/c/Program Files (x86)/Windows Kits/10/Windows Performance Toolkit/:/mnt/c/ProgramData/chocolatey/bin:/mnt/c/Program Files/CMake/bin:/mnt/c/Users/vigma/.local/bin:/mnt/c/Users/vigma/AppData/Local/Microsoft/WindowsApps:/mnt/c/cygwin64/bin:/mnt/c/Users/vigma/AppData/Local/Programs/Microsoft VS Code/bin:/mnt/c/Program Files/SmartGit/git/bin:/mnt/c/Program Files/OpenSSL-Win64/bin:/snap/bin'), ('XDG_RUNTIME_DIR', '/run/user/1000/'), ('DISPLAY', ':0'), ('LANG', 'en_US.UTF-8'), ('LS_COLORS', 'rs=0:di=01;34:ln=01;36:mh=00:pi=40;33:so=01;35:do=01;35:bd=40;33;01:cd=40;33;01:or=40;31;01:mi=00:su=37;41:sg=30;43:ca=30;41:tw=30;42:ow=34;42:st=37;44:ex=01;32:*.tar=01;31:*.tgz=01;31:*.arc=01;31:*.arj=01;31:*.taz=01;31:*.lha=01;31:*.lz4=01;31:*.lzh=01;31:*.lzma=01;31:*.tlz=01;31:*.txz=01;31:*.tzo=01;31:*.t7z=01;31:*.zip=01;31:*.z=01;31:*.dz=01;31:*.gz=01;31:*.lrz=01;31:*.lz=01;31:*.lzo=01;31:*.xz=01;31:*.zst=01;31:*.tzst=01;31:*.bz2=01;31:*.bz=01;31:*.tbz=01;31:*.tbz2=01;31:*.tz=01;31:*.deb=01;31:*.rpm=01;31:*.jar=01;31:*.war=01;31:*.ear=01;31:*.sar=01;31:*.rar=01;31:*.alz=01;31:*.ace=01;31:*.zoo=01;31:*.cpio=01;31:*.7z=01;31:*.rz=01;31:*.cab=01;31:*.wim=01;31:*.swm=01;31:*.dwm=01;31:*.esd=01;31:*.jpg=01;35:*.jpeg=01;35:*.mjpg=01;35:*.mjpeg=01;35:*.gif=01;35:*.bmp=01;35:*.pbm=01;35:*.pgm=01;35:*.ppm=01;35:*.tga=01;35:*.xbm=01;35:*.xpm=01;35:*.tif=01;35:*.tiff=01;35:*.png=01;35:*.svg=01;35:*.svgz=01;35:*.mng=01;35:*.pcx=01;35:*.mov=01;35:*.mpg=01;35:*.mpeg=01;35:*.m2v=01;35:*.mkv=01;35:*.webm=01;35:*.webp=01;35:*.ogm=01;35:*.mp4=01;35:*.m4v=01;35:*.mp4v=01;35:*.vob=01;35:*.qt=01;35:*.nuv=01;35:*.wmv=01;35:*.asf=01;35:*.rm=01;35:*.rmvb=01;35:*.flc=01;35:*.avi=01;35:*.fli=01;35:*.flv=01;35:*.gl=01;35:*.dl=01;35:*.xcf=01;35:*.xwd=01;35:*.yuv=01;35:*.cgm=01;35:*.emf=01;35:*.ogv=01;35:*.ogx=01;35:*.aac=00;36:*.au=00;36:*.flac=00;36:*.m4a=00;36:*.mid=00;36:*.midi=00;36:*.mka=00;36:*.mp3=00;36:*.mpc=00;36:*.ogg=00;36:*.ra=00;36:*.wav=00;36:*.oga=00;36:*.opus=00;36:*.spx=00;36:*.xspf=00;36:'), ('VSCODE_GIT_IPC_HANDLE', '/run/user/1000/vscode-git-ebf8d60c65.sock'), ('TERM_PROGRAM', 'vscode'), ('AMENT_PREFIX_PATH', '/home/vigma/ros2_ws/bin_picking_robot/install/interfaces:/opt/ros/humble'), ('SHELL', '/bin/bash'), ('LESSCLOSE', '/usr/bin/lesspipe %s %s'), ('VSCODE_GIT_ASKPASS_EXTRA_ARGS', ''), ('PWD', '/home/vigma/ros2_ws/bin_picking_robot/build/stacklight_node'), ('XDG_DATA_DIRS', '/usr/local/share:/usr/share:/var/lib/snapd/desktop'), ('PYTHONPATH', '/home/vigma/ros2_ws/bin_picking_robot/install/interfaces/local/lib/python3.10/dist-packages:/opt/ros/humble/lib/python3.10/site-packages:/opt/ros/humble/local/lib/python3.10/dist-packages'), ('COLCON', '1'), ('WSL2_GUI_APPS_ENABLED', '1'), ('HOSTTYPE', 'x86_64'), ('WSLENV', 'VSCODE_WSL_EXT_LOCATION/up:VSCODE_SERVER_TAR/up'), ('CMAKE_PREFIX_PATH', '/home/vigma/ros2_ws/bin_picking_robot/install/interfaces:/opt/ros/humble')]), 'shell': False}
[40.886426] (-) TimerEvent: {}
[40.971471] (barcode_node) StdoutLine: {'line': b'-- Performing Test CMAKE_HAVE_LIBC_PTHREAD - Success\n'}
[40.975624] (barcode_node) StdoutLine: {'line': b'-- Found Threads: TRUE  \n'}
[40.986655] (-) TimerEvent: {}
[41.070360] (stacklight_node) StdoutLine: {'line': b'[ 50%] \x1b[32mBuilding CXX object CMakeFiles/stacklight_node.dir/src/stacklight_node.cpp.o\x1b[0m\n'}
[41.086855] (-) TimerEvent: {}
[41.179277] (barcode_node) StdoutLine: {'line': b'-- Found interfaces: 0.0.1 (/home/vigma/ros2_ws/bin_picking_robot/install/interfaces/share/interfaces/cmake)\n'}
[41.187094] (-) TimerEvent: {}
[41.287726] (-) TimerEvent: {}
[41.388422] (-) TimerEvent: {}
[41.436024] (barcode_node) StdoutLine: {'line': b'-- Configuring done\n'}
[41.484824] (barcode_node) StdoutLine: {'line': b'-- Generating done\n'}
[41.488646] (-) TimerEvent: {}
[41.499311] (barcode_node) StdoutLine: {'line': b'-- Build files have been written to: /home/vigma/ros2_ws/bin_picking_robot/build/barcode_node\n'}
[41.531304] (barcode_node) CommandEnded: {'returncode': 0}
[41.533322] (barcode_node) JobProgress: {'identifier': 'barcode_node', 'progress': 'build'}
[41.534356] (barcode_node) Command: {'cmd': ['/usr/bin/cmake', '--build', '/home/vigma/ros2_ws/bin_picking_robot/build/barcode_node', '--', '-j16', '-l16'], 'cwd': '/home/vigma/ros2_ws/bin_picking_robot/build/barcode_node', 'env': OrderedDict([('LESSOPEN', '| /usr/bin/lesspipe %s'), ('USER', 'vigma'), ('GIT_ASKPASS', '/home/vigma/.vscode-server/bin/0958016b2af9f09bb4257e0df4a95e2f90590f9f/extensions/git/dist/askpass.sh'), ('SHLVL', '1'), ('LD_LIBRARY_PATH', '/home/vigma/ros2_ws/bin_picking_robot/install/interfaces/lib:/opt/ros/humble/opt/rviz_ogre_vendor/lib:/opt/ros/humble/lib/x86_64-linux-gnu:/opt/ros/humble/lib'), ('HOME', '/home/vigma'), ('OLDPWD', '/home/vigma/ros2_ws'), ('TERM_PROGRAM_VERSION', '1.120.0'), ('VSCODE_IPC_HOOK_CLI', '/run/user/1000/vscode-ipc-a3480510-3e41-4ad8-8e8f-c7d3ff025587.sock'), ('ROS_PYTHON_VERSION', '3'), ('VSCODE_GIT_ASKPASS_MAIN', '/home/vigma/.vscode-server/bin/0958016b2af9f09bb4257e0df4a95e2f90590f9f/extensions/git/dist/askpass-main.js'), ('VSCODE_GIT_ASKPASS_NODE', '/home/vigma/.vscode-server/bin/0958016b2af9f09bb4257e0df4a95e2f90590f9f/node'), ('VSCODE_PYTHON_AUTOACTIVATE_GUARD', '1'), ('DBUS_SESSION_BUS_ADDRESS', 'unix:path=/run/user/1000/bus'), ('COLORTERM', 'truecolor'), ('WSL_DISTRO_NAME', 'Ubuntu-22.04'), ('WAYLAND_DISPLAY', 'wayland-0'), ('ROS_DISTRO', 'humble'), ('LOGNAME', 'vigma'), ('NAME', 'Vigneshu'), ('WSL_INTEROP', '/run/WSL/442_interop'), ('PULSE_SERVER', 'unix:/mnt/wslg/PulseServer'), ('_', '/usr/bin/colcon'), ('ROS_VERSION', '2'), ('TERM', 'xterm-256color'), ('ROS_LOCALHOST_ONLY', '0'), ('PATH', '/home/vigma/.vscode-server/data/User/globalStorage/github.copilot-chat/debugCommand:/home/vigma/.vscode-server/data/User/globalStorage/github.copilot-chat/copilotCli:/home/vigma/.vscode-server/bin/0958016b2af9f09bb4257e0df4a95e2f90590f9f/bin/remote-cli:/opt/ros/humble/bin:/usr/local/sbin:/usr/local/bin:/usr/sbin:/usr/bin:/sbin:/bin:/usr/games:/usr/local/games:/usr/lib/wsl/lib:/mnt/c/Users/vigma/AppData/Local/Programs/Microsoft VS Code:/mnt/c/Python314/Scripts/:/mnt/c/Python314/:/mnt/c/WINDOWS/system32:/mnt/c/WINDOWS:/mnt/c/WINDOWS/System32/Wbem:/mnt/c/WINDOWS/System32/WindowsPowerShell/v1.0/:/mnt/c/WINDOWS/System32/OpenSSH/:/mnt/c/Program Files/PuTTY/:/mnt/c/Program Files (x86)/IncrediBuild:/mnt/c/Program Files (x86)/Windows Kits/10/Windows Performance Toolkit/:/mnt/c/ProgramData/chocolatey/bin:/mnt/c/Program Files/CMake/bin:/mnt/c/Users/vigma/.local/bin:/mnt/c/Users/vigma/AppData/Local/Microsoft/WindowsApps:/mnt/c/cygwin64/bin:/mnt/c/Users/vigma/AppData/Local/Programs/Microsoft VS Code/bin:/mnt/c/Program Files/SmartGit/git/bin:/mnt/c/Program Files/OpenSSL-Win64/bin:/snap/bin'), ('XDG_RUNTIME_DIR', '/run/user/1000/'), ('DISPLAY', ':0'), ('LANG', 'en_US.UTF-8'), ('LS_COLORS', 'rs=0:di=01;34:ln=01;36:mh=00:pi=40;33:so=01;35:do=01;35:bd=40;33;01:cd=40;33;01:or=40;31;01:mi=00:su=37;41:sg=30;43:ca=30;41:tw=30;42:ow=34;42:st=37;44:ex=01;32:*.tar=01;31:*.tgz=01;31:*.arc=01;31:*.arj=01;31:*.taz=01;31:*.lha=01;31:*.lz4=01;31:*.lzh=01;31:*.lzma=01;31:*.tlz=01;31:*.txz=01;31:*.tzo=01;31:*.t7z=01;31:*.zip=01;31:*.z=01;31:*.dz=01;31:*.gz=01;31:*.lrz=01;31:*.lz=01;31:*.lzo=01;31:*.xz=01;31:*.zst=01;31:*.tzst=01;31:*.bz2=01;31:*.bz=01;31:*.tbz=01;31:*.tbz2=01;31:*.tz=01;31:*.deb=01;31:*.rpm=01;31:*.jar=01;31:*.war=01;31:*.ear=01;31:*.sar=01;31:*.rar=01;31:*.alz=01;31:*.ace=01;31:*.zoo=01;31:*.cpio=01;31:*.7z=01;31:*.rz=01;31:*.cab=01;31:*.wim=01;31:*.swm=01;31:*.dwm=01;31:*.esd=01;31:*.jpg=01;35:*.jpeg=01;35:*.mjpg=01;35:*.mjpeg=01;35:*.gif=01;35:*.bmp=01;35:*.pbm=01;35:*.pgm=01;35:*.ppm=01;35:*.tga=01;35:*.xbm=01;35:*.xpm=01;35:*.tif=01;35:*.tiff=01;35:*.png=01;35:*.svg=01;35:*.svgz=01;35:*.mng=01;35:*.pcx=01;35:*.mov=01;35:*.mpg=01;35:*.mpeg=01;35:*.m2v=01;35:*.mkv=01;35:*.webm=01;35:*.webp=01;35:*.ogm=01;35:*.mp4=01;35:*.m4v=01;35:*.mp4v=01;35:*.vob=01;35:*.qt=01;35:*.nuv=01;35:*.wmv=01;35:*.asf=01;35:*.rm=01;35:*.rmvb=01;35:*.flc=01;35:*.avi=01;35:*.fli=01;35:*.flv=01;35:*.gl=01;35:*.dl=01;35:*.xcf=01;35:*.xwd=01;35:*.yuv=01;35:*.cgm=01;35:*.emf=01;35:*.ogv=01;35:*.ogx=01;35:*.aac=00;36:*.au=00;36:*.flac=00;36:*.m4a=00;36:*.mid=00;36:*.midi=00;36:*.mka=00;36:*.mp3=00;36:*.mpc=00;36:*.ogg=00;36:*.ra=00;36:*.wav=00;36:*.oga=00;36:*.opus=00;36:*.spx=00;36:*.xspf=00;36:'), ('VSCODE_GIT_IPC_HANDLE', '/run/user/1000/vscode-git-ebf8d60c65.sock'), ('TERM_PROGRAM', 'vscode'), ('AMENT_PREFIX_PATH', '/home/vigma/ros2_ws/bin_picking_robot/install/interfaces:/opt/ros/humble'), ('SHELL', '/bin/bash'), ('LESSCLOSE', '/usr/bin/lesspipe %s %s'), ('VSCODE_GIT_ASKPASS_EXTRA_ARGS', ''), ('PWD', '/home/vigma/ros2_ws/bin_picking_robot/build/barcode_node'), ('XDG_DATA_DIRS', '/usr/local/share:/usr/share:/var/lib/snapd/desktop'), ('PYTHONPATH', '/home/vigma/ros2_ws/bin_picking_robot/install/interfaces/local/lib/python3.10/dist-packages:/opt/ros/humble/lib/python3.10/site-packages:/opt/ros/humble/local/lib/python3.10/dist-packages'), ('COLCON', '1'), ('WSL2_GUI_APPS_ENABLED', '1'), ('HOSTTYPE', 'x86_64'), ('WSLENV', 'VSCODE_WSL_EXT_LOCATION/up:VSCODE_SERVER_TAR/up'), ('CMAKE_PREFIX_PATH', '/home/vigma/ros2_ws/bin_picking_robot/install/interfaces:/opt/ros/humble')]), 'shell': False}
[41.588964] (-) TimerEvent: {}
[41.689786] (-) TimerEvent: {}
[41.716389] (barcode_node) StdoutLine: {'line': b'[ 50%] \x1b[32mBuilding CXX object CMakeFiles/barcode_node.dir/src/barcode_node.cpp.o\x1b[0m\n'}
[41.721063] (cell_controller) StdoutLine: {'line': b"-- Using RMW implementation 'rmw_fastrtps_cpp' as default\n"}
[41.750992] (cell_controller) StdoutLine: {'line': b'-- Looking for pthread.h\n'}
[41.790011] (-) TimerEvent: {}
[41.890853] (-) TimerEvent: {}
[41.991551] (-) TimerEvent: {}
[42.005333] (emergency_node) StdoutLine: {'line': b"-- Using RMW implementation 'rmw_fastrtps_cpp' as default\n"}
[42.045659] (emergency_node) StdoutLine: {'line': b'-- Looking for pthread.h\n'}
[42.091798] (-) TimerEvent: {}
[42.192911] (-) TimerEvent: {}
[42.259531] (cell_controller) StdoutLine: {'line': b'-- Looking for pthread.h - found\n'}
[42.262601] (cell_controller) StdoutLine: {'line': b'-- Performing Test CMAKE_HAVE_LIBC_PTHREAD\n'}
[42.293020] (-) TimerEvent: {}
[42.394003] (-) TimerEvent: {}
[42.495288] (-) TimerEvent: {}
[42.595936] (emergency_node) StdoutLine: {'line': b'-- Looking for pthread.h - found\n'}
[42.597194] (-) TimerEvent: {}
[42.598948] (emergency_node) StdoutLine: {'line': b'-- Performing Test CMAKE_HAVE_LIBC_PTHREAD\n'}
[42.697451] (-) TimerEvent: {}
[42.798486] (-) TimerEvent: {}
[42.843688] (cell_controller) StdoutLine: {'line': b'-- Performing Test CMAKE_HAVE_LIBC_PTHREAD - Success\n'}
[42.848302] (cell_controller) StdoutLine: {'line': b'-- Found Threads: TRUE  \n'}
[42.898807] (-) TimerEvent: {}
[42.999830] (-) TimerEvent: {}
[43.079284] (cell_controller) StdoutLine: {'line': b'-- Found interfaces: 0.0.1 (/home/vigma/ros2_ws/bin_picking_robot/install/interfaces/share/interfaces/cmake)\n'}
[43.100090] (-) TimerEvent: {}
[43.186578] (emergency_node) StdoutLine: {'line': b'-- Performing Test CMAKE_HAVE_LIBC_PTHREAD - Success\n'}
[43.191731] (emergency_node) StdoutLine: {'line': b'-- Found Threads: TRUE  \n'}
[43.192462] (cell_controller) StdoutLine: {'line': b'-- Found Boost: /usr/lib/x86_64-linux-gnu/cmake/Boost-1.74.0/BoostConfig.cmake (found version "1.74.0") found components: system \n'}
[43.200297] (-) TimerEvent: {}
[43.301132] (-) TimerEvent: {}
[43.394962] (emergency_node) StdoutLine: {'line': b'-- Found interfaces: 0.0.1 (/home/vigma/ros2_ws/bin_picking_robot/install/interfaces/share/interfaces/cmake)\n'}
[43.401332] (-) TimerEvent: {}
[43.498624] (cell_controller) StdoutLine: {'line': b'-- Configuring done\n'}
[43.501479] (-) TimerEvent: {}
[43.602313] (-) TimerEvent: {}
[43.607109] (cell_controller) StdoutLine: {'line': b'-- Generating done\n'}
[43.644233] (cell_controller) StdoutLine: {'line': b'-- Build files have been written to: /home/vigma/ros2_ws/bin_picking_robot/build/cell_controller\n'}
[43.685377] (cell_controller) CommandEnded: {'returncode': 0}
[43.689590] (cell_controller) JobProgress: {'identifier': 'cell_controller', 'progress': 'build'}
[43.693382] (cell_controller) Command: {'cmd': ['/usr/bin/cmake', '--build', '/home/vigma/ros2_ws/bin_picking_robot/build/cell_controller', '--', '-j16', '-l16'], 'cwd': '/home/vigma/ros2_ws/bin_picking_robot/build/cell_controller', 'env': OrderedDict([('LESSOPEN', '| /usr/bin/lesspipe %s'), ('USER', 'vigma'), ('GIT_ASKPASS', '/home/vigma/.vscode-server/bin/0958016b2af9f09bb4257e0df4a95e2f90590f9f/extensions/git/dist/askpass.sh'), ('SHLVL', '1'), ('LD_LIBRARY_PATH', '/home/vigma/ros2_ws/bin_picking_robot/install/interfaces/lib:/opt/ros/humble/opt/rviz_ogre_vendor/lib:/opt/ros/humble/lib/x86_64-linux-gnu:/opt/ros/humble/lib'), ('HOME', '/home/vigma'), ('OLDPWD', '/home/vigma/ros2_ws'), ('TERM_PROGRAM_VERSION', '1.120.0'), ('VSCODE_IPC_HOOK_CLI', '/run/user/1000/vscode-ipc-a3480510-3e41-4ad8-8e8f-c7d3ff025587.sock'), ('ROS_PYTHON_VERSION', '3'), ('VSCODE_GIT_ASKPASS_MAIN', '/home/vigma/.vscode-server/bin/0958016b2af9f09bb4257e0df4a95e2f90590f9f/extensions/git/dist/askpass-main.js'), ('VSCODE_GIT_ASKPASS_NODE', '/home/vigma/.vscode-server/bin/0958016b2af9f09bb4257e0df4a95e2f90590f9f/node'), ('VSCODE_PYTHON_AUTOACTIVATE_GUARD', '1'), ('DBUS_SESSION_BUS_ADDRESS', 'unix:path=/run/user/1000/bus'), ('COLORTERM', 'truecolor'), ('WSL_DISTRO_NAME', 'Ubuntu-22.04'), ('WAYLAND_DISPLAY', 'wayland-0'), ('ROS_DISTRO', 'humble'), ('LOGNAME', 'vigma'), ('NAME', 'Vigneshu'), ('WSL_INTEROP', '/run/WSL/442_interop'), ('PULSE_SERVER', 'unix:/mnt/wslg/PulseServer'), ('_', '/usr/bin/colcon'), ('ROS_VERSION', '2'), ('TERM', 'xterm-256color'), ('ROS_LOCALHOST_ONLY', '0'), ('PATH', '/home/vigma/.vscode-server/data/User/globalStorage/github.copilot-chat/debugCommand:/home/vigma/.vscode-server/data/User/globalStorage/github.copilot-chat/copilotCli:/home/vigma/.vscode-server/bin/0958016b2af9f09bb4257e0df4a95e2f90590f9f/bin/remote-cli:/opt/ros/humble/bin:/usr/local/sbin:/usr/local/bin:/usr/sbin:/usr/bin:/sbin:/bin:/usr/games:/usr/local/games:/usr/lib/wsl/lib:/mnt/c/Users/vigma/AppData/Local/Programs/Microsoft VS Code:/mnt/c/Python314/Scripts/:/mnt/c/Python314/:/mnt/c/WINDOWS/system32:/mnt/c/WINDOWS:/mnt/c/WINDOWS/System32/Wbem:/mnt/c/WINDOWS/System32/WindowsPowerShell/v1.0/:/mnt/c/WINDOWS/System32/OpenSSH/:/mnt/c/Program Files/PuTTY/:/mnt/c/Program Files (x86)/IncrediBuild:/mnt/c/Program Files (x86)/Windows Kits/10/Windows Performance Toolkit/:/mnt/c/ProgramData/chocolatey/bin:/mnt/c/Program Files/CMake/bin:/mnt/c/Users/vigma/.local/bin:/mnt/c/Users/vigma/AppData/Local/Microsoft/WindowsApps:/mnt/c/cygwin64/bin:/mnt/c/Users/vigma/AppData/Local/Programs/Microsoft VS Code/bin:/mnt/c/Program Files/SmartGit/git/bin:/mnt/c/Program Files/OpenSSL-Win64/bin:/snap/bin'), ('XDG_RUNTIME_DIR', '/run/user/1000/'), ('DISPLAY', ':0'), ('LANG', 'en_US.UTF-8'), ('LS_COLORS', 'rs=0:di=01;34:ln=01;36:mh=00:pi=40;33:so=01;35:do=01;35:bd=40;33;01:cd=40;33;01:or=40;31;01:mi=00:su=37;41:sg=30;43:ca=30;41:tw=30;42:ow=34;42:st=37;44:ex=01;32:*.tar=01;31:*.tgz=01;31:*.arc=01;31:*.arj=01;31:*.taz=01;31:*.lha=01;31:*.lz4=01;31:*.lzh=01;31:*.lzma=01;31:*.tlz=01;31:*.txz=01;31:*.tzo=01;31:*.t7z=01;31:*.zip=01;31:*.z=01;31:*.dz=01;31:*.gz=01;31:*.lrz=01;31:*.lz=01;31:*.lzo=01;31:*.xz=01;31:*.zst=01;31:*.tzst=01;31:*.bz2=01;31:*.bz=01;31:*.tbz=01;31:*.tbz2=01;31:*.tz=01;31:*.deb=01;31:*.rpm=01;31:*.jar=01;31:*.war=01;31:*.ear=01;31:*.sar=01;31:*.rar=01;31:*.alz=01;31:*.ace=01;31:*.zoo=01;31:*.cpio=01;31:*.7z=01;31:*.rz=01;31:*.cab=01;31:*.wim=01;31:*.swm=01;31:*.dwm=01;31:*.esd=01;31:*.jpg=01;35:*.jpeg=01;35:*.mjpg=01;35:*.mjpeg=01;35:*.gif=01;35:*.bmp=01;35:*.pbm=01;35:*.pgm=01;35:*.ppm=01;35:*.tga=01;35:*.xbm=01;35:*.xpm=01;35:*.tif=01;35:*.tiff=01;35:*.png=01;35:*.svg=01;35:*.svgz=01;35:*.mng=01;35:*.pcx=01;35:*.mov=01;35:*.mpg=01;35:*.mpeg=01;35:*.m2v=01;35:*.mkv=01;35:*.webm=01;35:*.webp=01;35:*.ogm=01;35:*.mp4=01;35:*.m4v=01;35:*.mp4v=01;35:*.vob=01;35:*.qt=01;35:*.nuv=01;35:*.wmv=01;35:*.asf=01;35:*.rm=01;35:*.rmvb=01;35:*.flc=01;35:*.avi=01;35:*.fli=01;35:*.flv=01;35:*.gl=01;35:*.dl=01;35:*.xcf=01;35:*.xwd=01;35:*.yuv=01;35:*.cgm=01;35:*.emf=01;35:*.ogv=01;35:*.ogx=01;35:*.aac=00;36:*.au=00;36:*.flac=00;36:*.m4a=00;36:*.mid=00;36:*.midi=00;36:*.mka=00;36:*.mp3=00;36:*.mpc=00;36:*.ogg=00;36:*.ra=00;36:*.wav=00;36:*.oga=00;36:*.opus=00;36:*.spx=00;36:*.xspf=00;36:'), ('VSCODE_GIT_IPC_HANDLE', '/run/user/1000/vscode-git-ebf8d60c65.sock'), ('TERM_PROGRAM', 'vscode'), ('AMENT_PREFIX_PATH', '/home/vigma/ros2_ws/bin_picking_robot/install/interfaces:/opt/ros/humble'), ('SHELL', '/bin/bash'), ('LESSCLOSE', '/usr/bin/lesspipe %s %s'), ('VSCODE_GIT_ASKPASS_EXTRA_ARGS', ''), ('PWD', '/home/vigma/ros2_ws/bin_picking_robot/build/cell_controller'), ('XDG_DATA_DIRS', '/usr/local/share:/usr/share:/var/lib/snapd/desktop'), ('PYTHONPATH', '/home/vigma/ros2_ws/bin_picking_robot/install/interfaces/local/lib/python3.10/dist-packages:/opt/ros/humble/lib/python3.10/site-packages:/opt/ros/humble/local/lib/python3.10/dist-packages'), ('COLCON', '1'), ('WSL2_GUI_APPS_ENABLED', '1'), ('HOSTTYPE', 'x86_64'), ('WSLENV', 'VSCODE_WSL_EXT_LOCATION/up:VSCODE_SERVER_TAR/up'), ('CMAKE_PREFIX_PATH', '/home/vigma/ros2_ws/bin_picking_robot/install/interfaces:/opt/ros/humble')]), 'shell': False}
[43.702598] (-) TimerEvent: {}
[43.716070] (emergency_node) StdoutLine: {'line': b'-- Configuring done\n'}
[43.783669] (emergency_node) StdoutLine: {'line': b'-- Generating done\n'}
[43.802912] (-) TimerEvent: {}
[43.806887] (emergency_node) StdoutLine: {'line': b'-- Build files have been written to: /home/vigma/ros2_ws/bin_picking_robot/build/emergency_node\n'}
[43.857008] (emergency_node) CommandEnded: {'returncode': 0}
[43.860279] (emergency_node) JobProgress: {'identifier': 'emergency_node', 'progress': 'build'}
[43.862854] (emergency_node) Command: {'cmd': ['/usr/bin/cmake', '--build', '/home/vigma/ros2_ws/bin_picking_robot/build/emergency_node', '--', '-j16', '-l16'], 'cwd': '/home/vigma/ros2_ws/bin_picking_robot/build/emergency_node', 'env': OrderedDict([('LESSOPEN', '| /usr/bin/lesspipe %s'), ('USER', 'vigma'), ('GIT_ASKPASS', '/home/vigma/.vscode-server/bin/0958016b2af9f09bb4257e0df4a95e2f90590f9f/extensions/git/dist/askpass.sh'), ('SHLVL', '1'), ('LD_LIBRARY_PATH', '/home/vigma/ros2_ws/bin_picking_robot/install/interfaces/lib:/opt/ros/humble/opt/rviz_ogre_vendor/lib:/opt/ros/humble/lib/x86_64-linux-gnu:/opt/ros/humble/lib'), ('HOME', '/home/vigma'), ('OLDPWD', '/home/vigma/ros2_ws'), ('TERM_PROGRAM_VERSION', '1.120.0'), ('VSCODE_IPC_HOOK_CLI', '/run/user/1000/vscode-ipc-a3480510-3e41-4ad8-8e8f-c7d3ff025587.sock'), ('ROS_PYTHON_VERSION', '3'), ('VSCODE_GIT_ASKPASS_MAIN', '/home/vigma/.vscode-server/bin/0958016b2af9f09bb4257e0df4a95e2f90590f9f/extensions/git/dist/askpass-main.js'), ('VSCODE_GIT_ASKPASS_NODE', '/home/vigma/.vscode-server/bin/0958016b2af9f09bb4257e0df4a95e2f90590f9f/node'), ('VSCODE_PYTHON_AUTOACTIVATE_GUARD', '1'), ('DBUS_SESSION_BUS_ADDRESS', 'unix:path=/run/user/1000/bus'), ('COLORTERM', 'truecolor'), ('WSL_DISTRO_NAME', 'Ubuntu-22.04'), ('WAYLAND_DISPLAY', 'wayland-0'), ('ROS_DISTRO', 'humble'), ('LOGNAME', 'vigma'), ('NAME', 'Vigneshu'), ('WSL_INTEROP', '/run/WSL/442_interop'), ('PULSE_SERVER', 'unix:/mnt/wslg/PulseServer'), ('_', '/usr/bin/colcon'), ('ROS_VERSION', '2'), ('TERM', 'xterm-256color'), ('ROS_LOCALHOST_ONLY', '0'), ('PATH', '/home/vigma/.vscode-server/data/User/globalStorage/github.copilot-chat/debugCommand:/home/vigma/.vscode-server/data/User/globalStorage/github.copilot-chat/copilotCli:/home/vigma/.vscode-server/bin/0958016b2af9f09bb4257e0df4a95e2f90590f9f/bin/remote-cli:/opt/ros/humble/bin:/usr/local/sbin:/usr/local/bin:/usr/sbin:/usr/bin:/sbin:/bin:/usr/games:/usr/local/games:/usr/lib/wsl/lib:/mnt/c/Users/vigma/AppData/Local/Programs/Microsoft VS Code:/mnt/c/Python314/Scripts/:/mnt/c/Python314/:/mnt/c/WINDOWS/system32:/mnt/c/WINDOWS:/mnt/c/WINDOWS/System32/Wbem:/mnt/c/WINDOWS/System32/WindowsPowerShell/v1.0/:/mnt/c/WINDOWS/System32/OpenSSH/:/mnt/c/Program Files/PuTTY/:/mnt/c/Program Files (x86)/IncrediBuild:/mnt/c/Program Files (x86)/Windows Kits/10/Windows Performance Toolkit/:/mnt/c/ProgramData/chocolatey/bin:/mnt/c/Program Files/CMake/bin:/mnt/c/Users/vigma/.local/bin:/mnt/c/Users/vigma/AppData/Local/Microsoft/WindowsApps:/mnt/c/cygwin64/bin:/mnt/c/Users/vigma/AppData/Local/Programs/Microsoft VS Code/bin:/mnt/c/Program Files/SmartGit/git/bin:/mnt/c/Program Files/OpenSSL-Win64/bin:/snap/bin'), ('XDG_RUNTIME_DIR', '/run/user/1000/'), ('DISPLAY', ':0'), ('LANG', 'en_US.UTF-8'), ('LS_COLORS', 'rs=0:di=01;34:ln=01;36:mh=00:pi=40;33:so=01;35:do=01;35:bd=40;33;01:cd=40;33;01:or=40;31;01:mi=00:su=37;41:sg=30;43:ca=30;41:tw=30;42:ow=34;42:st=37;44:ex=01;32:*.tar=01;31:*.tgz=01;31:*.arc=01;31:*.arj=01;31:*.taz=01;31:*.lha=01;31:*.lz4=01;31:*.lzh=01;31:*.lzma=01;31:*.tlz=01;31:*.txz=01;31:*.tzo=01;31:*.t7z=01;31:*.zip=01;31:*.z=01;31:*.dz=01;31:*.gz=01;31:*.lrz=01;31:*.lz=01;31:*.lzo=01;31:*.xz=01;31:*.zst=01;31:*.tzst=01;31:*.bz2=01;31:*.bz=01;31:*.tbz=01;31:*.tbz2=01;31:*.tz=01;31:*.deb=01;31:*.rpm=01;31:*.jar=01;31:*.war=01;31:*.ear=01;31:*.sar=01;31:*.rar=01;31:*.alz=01;31:*.ace=01;31:*.zoo=01;31:*.cpio=01;31:*.7z=01;31:*.rz=01;31:*.cab=01;31:*.wim=01;31:*.swm=01;31:*.dwm=01;31:*.esd=01;31:*.jpg=01;35:*.jpeg=01;35:*.mjpg=01;35:*.mjpeg=01;35:*.gif=01;35:*.bmp=01;35:*.pbm=01;35:*.pgm=01;35:*.ppm=01;35:*.tga=01;35:*.xbm=01;35:*.xpm=01;35:*.tif=01;35:*.tiff=01;35:*.png=01;35:*.svg=01;35:*.svgz=01;35:*.mng=01;35:*.pcx=01;35:*.mov=01;35:*.mpg=01;35:*.mpeg=01;35:*.m2v=01;35:*.mkv=01;35:*.webm=01;35:*.webp=01;35:*.ogm=01;35:*.mp4=01;35:*.m4v=01;35:*.mp4v=01;35:*.vob=01;35:*.qt=01;35:*.nuv=01;35:*.wmv=01;35:*.asf=01;35:*.rm=01;35:*.rmvb=01;35:*.flc=01;35:*.avi=01;35:*.fli=01;35:*.flv=01;35:*.gl=01;35:*.dl=01;35:*.xcf=01;35:*.xwd=01;35:*.yuv=01;35:*.cgm=01;35:*.emf=01;35:*.ogv=01;35:*.ogx=01;35:*.aac=00;36:*.au=00;36:*.flac=00;36:*.m4a=00;36:*.mid=00;36:*.midi=00;36:*.mka=00;36:*.mp3=00;36:*.mpc=00;36:*.ogg=00;36:*.ra=00;36:*.wav=00;36:*.oga=00;36:*.opus=00;36:*.spx=00;36:*.xspf=00;36:'), ('VSCODE_GIT_IPC_HANDLE', '/run/user/1000/vscode-git-ebf8d60c65.sock'), ('TERM_PROGRAM', 'vscode'), ('AMENT_PREFIX_PATH', '/home/vigma/ros2_ws/bin_picking_robot/install/interfaces:/opt/ros/humble'), ('SHELL', '/bin/bash'), ('LESSCLOSE', '/usr/bin/lesspipe %s %s'), ('VSCODE_GIT_ASKPASS_EXTRA_ARGS', ''), ('PWD', '/home/vigma/ros2_ws/bin_picking_robot/build/emergency_node'), ('XDG_DATA_DIRS', '/usr/local/share:/usr/share:/var/lib/snapd/desktop'), ('PYTHONPATH', '/home/vigma/ros2_ws/bin_picking_robot/install/interfaces/local/lib/python3.10/dist-packages:/opt/ros/humble/lib/python3.10/site-packages:/opt/ros/humble/local/lib/python3.10/dist-packages'), ('COLCON', '1'), ('WSL2_GUI_APPS_ENABLED', '1'), ('HOSTTYPE', 'x86_64'), ('WSLENV', 'VSCODE_WSL_EXT_LOCATION/up:VSCODE_SERVER_TAR/up'), ('CMAKE_PREFIX_PATH', '/home/vigma/ros2_ws/bin_picking_robot/install/interfaces:/opt/ros/humble')]), 'shell': False}
[43.902768] (cell_controller) StdoutLine: {'line': b'[ 25%] \x1b[32mBuilding CXX object CMakeFiles/wms_server.dir/src/wms_server.cpp.o\x1b[0m\n'}
[43.903461] (-) TimerEvent: {}
[43.915084] (cell_controller) StdoutLine: {'line': b'[ 50%] \x1b[32mBuilding CXX object CMakeFiles/robot_server.dir/src/robot_server.cpp.o\x1b[0m\n'}
[44.003659] (-) TimerEvent: {}
[44.095163] (emergency_node) StdoutLine: {'line': b'[ 50%] \x1b[32mBuilding CXX object CMakeFiles/emergency_node.dir/src/emergency_node.cpp.o\x1b[0m\n'}
[44.103904] (-) TimerEvent: {}
[44.205008] (-) TimerEvent: {}
[44.306127] (-) TimerEvent: {}
[44.407102] (-) TimerEvent: {}
[44.507902] (-) TimerEvent: {}
[44.608799] (-) TimerEvent: {}
[44.709725] (-) TimerEvent: {}
[44.810428] (-) TimerEvent: {}
[44.911186] (-) TimerEvent: {}
[45.011957] (-) TimerEvent: {}
[45.112847] (-) TimerEvent: {}
[45.213637] (-) TimerEvent: {}
[45.314442] (-) TimerEvent: {}
[45.415188] (-) TimerEvent: {}
[45.516083] (-) TimerEvent: {}
[45.616810] (-) TimerEvent: {}
[45.717664] (-) TimerEvent: {}
[45.818560] (-) TimerEvent: {}
[45.919303] (-) TimerEvent: {}
[46.020264] (-) TimerEvent: {}
[46.121057] (-) TimerEvent: {}
[46.221930] (-) TimerEvent: {}
[46.322855] (-) TimerEvent: {}
[46.423685] (-) TimerEvent: {}
[46.524660] (-) TimerEvent: {}
[46.625481] (-) TimerEvent: {}
[46.726452] (-) TimerEvent: {}
[46.755754] (cell_controller) StdoutLine: {'line': b'[ 75%] \x1b[32m\x1b[1mLinking CXX executable wms_server\x1b[0m\n'}
[46.826656] (-) TimerEvent: {}
[46.927529] (-) TimerEvent: {}
[47.028217] (-) TimerEvent: {}
[47.129093] (-) TimerEvent: {}
[47.229876] (-) TimerEvent: {}
[47.330818] (-) TimerEvent: {}
[47.431722] (-) TimerEvent: {}
[47.485007] (cell_controller) StdoutLine: {'line': b'[ 75%] Built target wms_server\n'}
[47.531934] (-) TimerEvent: {}
[47.632764] (-) TimerEvent: {}
[47.733634] (-) TimerEvent: {}
[47.834510] (-) TimerEvent: {}
[47.935273] (-) TimerEvent: {}
[48.036431] (-) TimerEvent: {}
[48.137234] (-) TimerEvent: {}
[48.237948] (-) TimerEvent: {}
[48.338761] (-) TimerEvent: {}
[48.439541] (-) TimerEvent: {}
[48.540296] (-) TimerEvent: {}
[48.641033] (-) TimerEvent: {}
[48.741780] (-) TimerEvent: {}
[48.842647] (-) TimerEvent: {}
[48.943507] (-) TimerEvent: {}
[49.044331] (-) TimerEvent: {}
[49.145000] (-) TimerEvent: {}
[49.245798] (-) TimerEvent: {}
[49.346684] (-) TimerEvent: {}
[49.447616] (-) TimerEvent: {}
[49.548509] (-) TimerEvent: {}
[49.649283] (-) TimerEvent: {}
[49.750096] (-) TimerEvent: {}
[49.850886] (-) TimerEvent: {}
[49.951591] (-) TimerEvent: {}
[50.052548] (-) TimerEvent: {}
[50.153220] (-) TimerEvent: {}
[50.254081] (-) TimerEvent: {}
[50.354881] (-) TimerEvent: {}
[50.455777] (-) TimerEvent: {}
[50.556497] (-) TimerEvent: {}
[50.657322] (-) TimerEvent: {}
[50.758388] (-) TimerEvent: {}
[50.859189] (-) TimerEvent: {}
[50.959936] (-) TimerEvent: {}
[51.060686] (-) TimerEvent: {}
[51.161442] (-) TimerEvent: {}
[51.262296] (-) TimerEvent: {}
[51.363036] (-) TimerEvent: {}
[51.463849] (-) TimerEvent: {}
[51.564596] (-) TimerEvent: {}
[51.665400] (-) TimerEvent: {}
[51.766342] (-) TimerEvent: {}
[51.867047] (-) TimerEvent: {}
[51.967882] (-) TimerEvent: {}
[52.068650] (-) TimerEvent: {}
[52.169583] (-) TimerEvent: {}
[52.270608] (-) TimerEvent: {}
[52.371422] (-) TimerEvent: {}
[52.472293] (-) TimerEvent: {}
[52.573031] (-) TimerEvent: {}
[52.673836] (-) TimerEvent: {}
[52.774721] (-) TimerEvent: {}
[52.875490] (-) TimerEvent: {}
[52.976318] (-) TimerEvent: {}
[53.077059] (-) TimerEvent: {}
[53.177729] (-) TimerEvent: {}
[53.278504] (-) TimerEvent: {}
[53.379286] (-) TimerEvent: {}
[53.479978] (-) TimerEvent: {}
[53.580676] (-) TimerEvent: {}
[53.681508] (-) TimerEvent: {}
[53.782277] (-) TimerEvent: {}
[53.882937] (-) TimerEvent: {}
[53.983662] (-) TimerEvent: {}
[54.084598] (-) TimerEvent: {}
[54.185275] (-) TimerEvent: {}
[54.286025] (-) TimerEvent: {}
[54.386899] (-) TimerEvent: {}
[54.487866] (-) TimerEvent: {}
[54.588868] (-) TimerEvent: {}
[54.689587] (-) TimerEvent: {}
[54.790403] (-) TimerEvent: {}
[54.891169] (-) TimerEvent: {}
[54.991990] (-) TimerEvent: {}
[55.092944] (-) TimerEvent: {}
[55.193860] (-) TimerEvent: {}
[55.294779] (-) TimerEvent: {}
[55.395523] (-) TimerEvent: {}
[55.496240] (-) TimerEvent: {}
[55.597022] (-) TimerEvent: {}
[55.697963] (-) TimerEvent: {}
[55.799005] (-) TimerEvent: {}
[55.899760] (-) TimerEvent: {}
[56.000448] (-) TimerEvent: {}
[56.101193] (-) TimerEvent: {}
[56.202072] (-) TimerEvent: {}
[56.302871] (-) TimerEvent: {}
[56.403766] (-) TimerEvent: {}
[56.504504] (-) TimerEvent: {}
[56.605313] (-) TimerEvent: {}
[56.706281] (-) TimerEvent: {}
[56.807295] (-) TimerEvent: {}
[56.908304] (-) TimerEvent: {}
[57.009220] (-) TimerEvent: {}
[57.110073] (-) TimerEvent: {}
[57.211138] (-) TimerEvent: {}
[57.311974] (-) TimerEvent: {}
[57.412767] (-) TimerEvent: {}
[57.513504] (-) TimerEvent: {}
[57.614323] (-) TimerEvent: {}
[57.715199] (-) TimerEvent: {}
[57.815998] (-) TimerEvent: {}
[57.916723] (-) TimerEvent: {}
[58.017490] (-) TimerEvent: {}
[58.118307] (-) TimerEvent: {}
[58.219117] (-) TimerEvent: {}
[58.319980] (-) TimerEvent: {}
[58.420729] (-) TimerEvent: {}
[58.521518] (-) TimerEvent: {}
[58.622379] (-) TimerEvent: {}
[58.723178] (-) TimerEvent: {}
[58.823909] (-) TimerEvent: {}
[58.924738] (-) TimerEvent: {}
[59.025567] (-) TimerEvent: {}
[59.126570] (-) TimerEvent: {}
[59.227396] (-) TimerEvent: {}
[59.256650] (door_node) StdoutLine: {'line': b'[100%] \x1b[32m\x1b[1mLinking CXX executable door_node\x1b[0m\n'}
[59.327647] (-) TimerEvent: {}
[59.428337] (-) TimerEvent: {}
[59.529078] (-) TimerEvent: {}
[59.629895] (-) TimerEvent: {}
[59.730927] (-) TimerEvent: {}
[59.831834] (-) TimerEvent: {}
[59.932542] (-) TimerEvent: {}
[60.033490] (-) TimerEvent: {}
[60.134393] (-) TimerEvent: {}
[60.235674] (-) TimerEvent: {}
[60.336398] (-) TimerEvent: {}
[60.384006] (door_node) StdoutLine: {'line': b'[100%] Built target door_node\n'}
[60.430240] (door_node) CommandEnded: {'returncode': 0}
[60.433201] (door_node) JobProgress: {'identifier': 'door_node', 'progress': 'install'}
[60.436667] (door_node) Command: {'cmd': ['/usr/bin/cmake', '--install', '/home/vigma/ros2_ws/bin_picking_robot/build/door_node'], 'cwd': '/home/vigma/ros2_ws/bin_picking_robot/build/door_node', 'env': OrderedDict([('LESSOPEN', '| /usr/bin/lesspipe %s'), ('USER', 'vigma'), ('GIT_ASKPASS', '/home/vigma/.vscode-server/bin/0958016b2af9f09bb4257e0df4a95e2f90590f9f/extensions/git/dist/askpass.sh'), ('SHLVL', '1'), ('LD_LIBRARY_PATH', '/home/vigma/ros2_ws/bin_picking_robot/install/interfaces/lib:/opt/ros/humble/opt/rviz_ogre_vendor/lib:/opt/ros/humble/lib/x86_64-linux-gnu:/opt/ros/humble/lib'), ('HOME', '/home/vigma'), ('OLDPWD', '/home/vigma/ros2_ws'), ('TERM_PROGRAM_VERSION', '1.120.0'), ('VSCODE_IPC_HOOK_CLI', '/run/user/1000/vscode-ipc-a3480510-3e41-4ad8-8e8f-c7d3ff025587.sock'), ('ROS_PYTHON_VERSION', '3'), ('VSCODE_GIT_ASKPASS_MAIN', '/home/vigma/.vscode-server/bin/0958016b2af9f09bb4257e0df4a95e2f90590f9f/extensions/git/dist/askpass-main.js'), ('VSCODE_GIT_ASKPASS_NODE', '/home/vigma/.vscode-server/bin/0958016b2af9f09bb4257e0df4a95e2f90590f9f/node'), ('VSCODE_PYTHON_AUTOACTIVATE_GUARD', '1'), ('DBUS_SESSION_BUS_ADDRESS', 'unix:path=/run/user/1000/bus'), ('COLORTERM', 'truecolor'), ('WSL_DISTRO_NAME', 'Ubuntu-22.04'), ('WAYLAND_DISPLAY', 'wayland-0'), ('ROS_DISTRO', 'humble'), ('LOGNAME', 'vigma'), ('NAME', 'Vigneshu'), ('WSL_INTEROP', '/run/WSL/442_interop'), ('PULSE_SERVER', 'unix:/mnt/wslg/PulseServer'), ('_', '/usr/bin/colcon'), ('ROS_VERSION', '2'), ('TERM', 'xterm-256color'), ('ROS_LOCALHOST_ONLY', '0'), ('PATH', '/home/vigma/.vscode-server/data/User/globalStorage/github.copilot-chat/debugCommand:/home/vigma/.vscode-server/data/User/globalStorage/github.copilot-chat/copilotCli:/home/vigma/.vscode-server/bin/0958016b2af9f09bb4257e0df4a95e2f90590f9f/bin/remote-cli:/opt/ros/humble/bin:/usr/local/sbin:/usr/local/bin:/usr/sbin:/usr/bin:/sbin:/bin:/usr/games:/usr/local/games:/usr/lib/wsl/lib:/mnt/c/Users/vigma/AppData/Local/Programs/Microsoft VS Code:/mnt/c/Python314/Scripts/:/mnt/c/Python314/:/mnt/c/WINDOWS/system32:/mnt/c/WINDOWS:/mnt/c/WINDOWS/System32/Wbem:/mnt/c/WINDOWS/System32/WindowsPowerShell/v1.0/:/mnt/c/WINDOWS/System32/OpenSSH/:/mnt/c/Program Files/PuTTY/:/mnt/c/Program Files (x86)/IncrediBuild:/mnt/c/Program Files (x86)/Windows Kits/10/Windows Performance Toolkit/:/mnt/c/ProgramData/chocolatey/bin:/mnt/c/Program Files/CMake/bin:/mnt/c/Users/vigma/.local/bin:/mnt/c/Users/vigma/AppData/Local/Microsoft/WindowsApps:/mnt/c/cygwin64/bin:/mnt/c/Users/vigma/AppData/Local/Programs/Microsoft VS Code/bin:/mnt/c/Program Files/SmartGit/git/bin:/mnt/c/Program Files/OpenSSL-Win64/bin:/snap/bin'), ('XDG_RUNTIME_DIR', '/run/user/1000/'), ('DISPLAY', ':0'), ('LANG', 'en_US.UTF-8'), ('LS_COLORS', 'rs=0:di=01;34:ln=01;36:mh=00:pi=40;33:so=01;35:do=01;35:bd=40;33;01:cd=40;33;01:or=40;31;01:mi=00:su=37;41:sg=30;43:ca=30;41:tw=30;42:ow=34;42:st=37;44:ex=01;32:*.tar=01;31:*.tgz=01;31:*.arc=01;31:*.arj=01;31:*.taz=01;31:*.lha=01;31:*.lz4=01;31:*.lzh=01;31:*.lzma=01;31:*.tlz=01;31:*.txz=01;31:*.tzo=01;31:*.t7z=01;31:*.zip=01;31:*.z=01;31:*.dz=01;31:*.gz=01;31:*.lrz=01;31:*.lz=01;31:*.lzo=01;31:*.xz=01;31:*.zst=01;31:*.tzst=01;31:*.bz2=01;31:*.bz=01;31:*.tbz=01;31:*.tbz2=01;31:*.tz=01;31:*.deb=01;31:*.rpm=01;31:*.jar=01;31:*.war=01;31:*.ear=01;31:*.sar=01;31:*.rar=01;31:*.alz=01;31:*.ace=01;31:*.zoo=01;31:*.cpio=01;31:*.7z=01;31:*.rz=01;31:*.cab=01;31:*.wim=01;31:*.swm=01;31:*.dwm=01;31:*.esd=01;31:*.jpg=01;35:*.jpeg=01;35:*.mjpg=01;35:*.mjpeg=01;35:*.gif=01;35:*.bmp=01;35:*.pbm=01;35:*.pgm=01;35:*.ppm=01;35:*.tga=01;35:*.xbm=01;35:*.xpm=01;35:*.tif=01;35:*.tiff=01;35:*.png=01;35:*.svg=01;35:*.svgz=01;35:*.mng=01;35:*.pcx=01;35:*.mov=01;35:*.mpg=01;35:*.mpeg=01;35:*.m2v=01;35:*.mkv=01;35:*.webm=01;35:*.webp=01;35:*.ogm=01;35:*.mp4=01;35:*.m4v=01;35:*.mp4v=01;35:*.vob=01;35:*.qt=01;35:*.nuv=01;35:*.wmv=01;35:*.asf=01;35:*.rm=01;35:*.rmvb=01;35:*.flc=01;35:*.avi=01;35:*.fli=01;35:*.flv=01;35:*.gl=01;35:*.dl=01;35:*.xcf=01;35:*.xwd=01;35:*.yuv=01;35:*.cgm=01;35:*.emf=01;35:*.ogv=01;35:*.ogx=01;35:*.aac=00;36:*.au=00;36:*.flac=00;36:*.m4a=00;36:*.mid=00;36:*.midi=00;36:*.mka=00;36:*.mp3=00;36:*.mpc=00;36:*.ogg=00;36:*.ra=00;36:*.wav=00;36:*.oga=00;36:*.opus=00;36:*.spx=00;36:*.xspf=00;36:'), ('VSCODE_GIT_IPC_HANDLE', '/run/user/1000/vscode-git-ebf8d60c65.sock'), ('TERM_PROGRAM', 'vscode'), ('AMENT_PREFIX_PATH', '/home/vigma/ros2_ws/bin_picking_robot/install/interfaces:/opt/ros/humble'), ('SHELL', '/bin/bash'), ('LESSCLOSE', '/usr/bin/lesspipe %s %s'), ('VSCODE_GIT_ASKPASS_EXTRA_ARGS', ''), ('PWD', '/home/vigma/ros2_ws/bin_picking_robot/build/door_node'), ('XDG_DATA_DIRS', '/usr/local/share:/usr/share:/var/lib/snapd/desktop'), ('PYTHONPATH', '/home/vigma/ros2_ws/bin_picking_robot/install/interfaces/local/lib/python3.10/dist-packages:/opt/ros/humble/lib/python3.10/site-packages:/opt/ros/humble/local/lib/python3.10/dist-packages'), ('COLCON', '1'), ('WSL2_GUI_APPS_ENABLED', '1'), ('HOSTTYPE', 'x86_64'), ('WSLENV', 'VSCODE_WSL_EXT_LOCATION/up:VSCODE_SERVER_TAR/up'), ('CMAKE_PREFIX_PATH', '/home/vigma/ros2_ws/bin_picking_robot/install/interfaces:/opt/ros/humble')]), 'shell': False}
[60.439937] (-) TimerEvent: {}
[60.471146] (barcode_node) StdoutLine: {'line': b'[100%] \x1b[32m\x1b[1mLinking CXX executable barcode_node\x1b[0m\n'}
[60.473678] (door_node) StdoutLine: {'line': b'-- Install configuration: ""\n'}
[60.479719] (door_node) StdoutLine: {'line': b'-- Installing: /home/vigma/ros2_ws/bin_picking_robot/install/door_node/lib/door_node/door_node\n'}
[60.490111] (door_node) StdoutLine: {'line': b'-- Set runtime path of "/home/vigma/ros2_ws/bin_picking_robot/install/door_node/lib/door_node/door_node" to ""\n'}
[60.499441] (door_node) StdoutLine: {'line': b'-- Installing: /home/vigma/ros2_ws/bin_picking_robot/install/door_node/share/ament_index/resource_index/package_run_dependencies/door_node\n'}
[60.502851] (door_node) StdoutLine: {'line': b'-- Installing: /home/vigma/ros2_ws/bin_picking_robot/install/door_node/share/ament_index/resource_index/parent_prefix_path/door_node\n'}
[60.508533] (door_node) StdoutLine: {'line': b'-- Installing: /home/vigma/ros2_ws/bin_picking_robot/install/door_node/share/door_node/environment/ament_prefix_path.sh\n'}
[60.509816] (door_node) StdoutLine: {'line': b'-- Installing: /home/vigma/ros2_ws/bin_picking_robot/install/door_node/share/door_node/environment/ament_prefix_path.dsv\n'}
[60.510699] (door_node) StdoutLine: {'line': b'-- Installing: /home/vigma/ros2_ws/bin_picking_robot/install/door_node/share/door_node/environment/path.sh\n'}
[60.511618] (door_node) StdoutLine: {'line': b'-- Installing: /home/vigma/ros2_ws/bin_picking_robot/install/door_node/share/door_node/environment/path.dsv\n'}
[60.512808] (door_node) StdoutLine: {'line': b'-- Installing: /home/vigma/ros2_ws/bin_picking_robot/install/door_node/share/door_node/local_setup.bash\n'}
[60.514050] (door_node) StdoutLine: {'line': b'-- Installing: /home/vigma/ros2_ws/bin_picking_robot/install/door_node/share/door_node/local_setup.sh\n'}
[60.515324] (door_node) StdoutLine: {'line': b'-- Installing: /home/vigma/ros2_ws/bin_picking_robot/install/door_node/share/door_node/local_setup.zsh\n'}
[60.516409] (door_node) StdoutLine: {'line': b'-- Installing: /home/vigma/ros2_ws/bin_picking_robot/install/door_node/share/door_node/local_setup.dsv\n'}
[60.517453] (door_node) StdoutLine: {'line': b'-- Installing: /home/vigma/ros2_ws/bin_picking_robot/install/door_node/share/door_node/package.dsv\n'}
[60.520850] (door_node) StdoutLine: {'line': b'-- Installing: /home/vigma/ros2_ws/bin_picking_robot/install/door_node/share/ament_index/resource_index/packages/door_node\n'}
[60.524129] (door_node) StdoutLine: {'line': b'-- Installing: /home/vigma/ros2_ws/bin_picking_robot/install/door_node/share/door_node/cmake/door_nodeConfig.cmake\n'}
[60.524876] (door_node) StdoutLine: {'line': b'-- Installing: /home/vigma/ros2_ws/bin_picking_robot/install/door_node/share/door_node/cmake/door_nodeConfig-version.cmake\n'}
[60.525841] (door_node) StdoutLine: {'line': b'-- Installing: /home/vigma/ros2_ws/bin_picking_robot/install/door_node/share/door_node/package.xml\n'}
[60.533625] (door_node) CommandEnded: {'returncode': 0}
[60.542636] (-) TimerEvent: {}
[60.600990] (door_node) JobEnded: {'identifier': 'door_node', 'rc': 0}
[60.642926] (-) TimerEvent: {}
[60.743746] (-) TimerEvent: {}
[60.844515] (-) TimerEvent: {}
[60.945360] (-) TimerEvent: {}
[61.046222] (-) TimerEvent: {}
[61.146944] (-) TimerEvent: {}
[61.247613] (-) TimerEvent: {}
[61.348344] (-) TimerEvent: {}
[61.449143] (-) TimerEvent: {}
[61.537899] (barcode_node) StdoutLine: {'line': b'[100%] Built target barcode_node\n'}
[61.549373] (-) TimerEvent: {}
[61.599719] (barcode_node) CommandEnded: {'returncode': 0}
[61.602905] (barcode_node) JobProgress: {'identifier': 'barcode_node', 'progress': 'install'}
[61.606741] (barcode_node) Command: {'cmd': ['/usr/bin/cmake', '--install', '/home/vigma/ros2_ws/bin_picking_robot/build/barcode_node'], 'cwd': '/home/vigma/ros2_ws/bin_picking_robot/build/barcode_node', 'env': OrderedDict([('LESSOPEN', '| /usr/bin/lesspipe %s'), ('USER', 'vigma'), ('GIT_ASKPASS', '/home/vigma/.vscode-server/bin/0958016b2af9f09bb4257e0df4a95e2f90590f9f/extensions/git/dist/askpass.sh'), ('SHLVL', '1'), ('LD_LIBRARY_PATH', '/home/vigma/ros2_ws/bin_picking_robot/install/interfaces/lib:/opt/ros/humble/opt/rviz_ogre_vendor/lib:/opt/ros/humble/lib/x86_64-linux-gnu:/opt/ros/humble/lib'), ('HOME', '/home/vigma'), ('OLDPWD', '/home/vigma/ros2_ws'), ('TERM_PROGRAM_VERSION', '1.120.0'), ('VSCODE_IPC_HOOK_CLI', '/run/user/1000/vscode-ipc-a3480510-3e41-4ad8-8e8f-c7d3ff025587.sock'), ('ROS_PYTHON_VERSION', '3'), ('VSCODE_GIT_ASKPASS_MAIN', '/home/vigma/.vscode-server/bin/0958016b2af9f09bb4257e0df4a95e2f90590f9f/extensions/git/dist/askpass-main.js'), ('VSCODE_GIT_ASKPASS_NODE', '/home/vigma/.vscode-server/bin/0958016b2af9f09bb4257e0df4a95e2f90590f9f/node'), ('VSCODE_PYTHON_AUTOACTIVATE_GUARD', '1'), ('DBUS_SESSION_BUS_ADDRESS', 'unix:path=/run/user/1000/bus'), ('COLORTERM', 'truecolor'), ('WSL_DISTRO_NAME', 'Ubuntu-22.04'), ('WAYLAND_DISPLAY', 'wayland-0'), ('ROS_DISTRO', 'humble'), ('LOGNAME', 'vigma'), ('NAME', 'Vigneshu'), ('WSL_INTEROP', '/run/WSL/442_interop'), ('PULSE_SERVER', 'unix:/mnt/wslg/PulseServer'), ('_', '/usr/bin/colcon'), ('ROS_VERSION', '2'), ('TERM', 'xterm-256color'), ('ROS_LOCALHOST_ONLY', '0'), ('PATH', '/home/vigma/.vscode-server/data/User/globalStorage/github.copilot-chat/debugCommand:/home/vigma/.vscode-server/data/User/globalStorage/github.copilot-chat/copilotCli:/home/vigma/.vscode-server/bin/0958016b2af9f09bb4257e0df4a95e2f90590f9f/bin/remote-cli:/opt/ros/humble/bin:/usr/local/sbin:/usr/local/bin:/usr/sbin:/usr/bin:/sbin:/bin:/usr/games:/usr/local/games:/usr/lib/wsl/lib:/mnt/c/Users/vigma/AppData/Local/Programs/Microsoft VS Code:/mnt/c/Python314/Scripts/:/mnt/c/Python314/:/mnt/c/WINDOWS/system32:/mnt/c/WINDOWS:/mnt/c/WINDOWS/System32/Wbem:/mnt/c/WINDOWS/System32/WindowsPowerShell/v1.0/:/mnt/c/WINDOWS/System32/OpenSSH/:/mnt/c/Program Files/PuTTY/:/mnt/c/Program Files (x86)/IncrediBuild:/mnt/c/Program Files (x86)/Windows Kits/10/Windows Performance Toolkit/:/mnt/c/ProgramData/chocolatey/bin:/mnt/c/Program Files/CMake/bin:/mnt/c/Users/vigma/.local/bin:/mnt/c/Users/vigma/AppData/Local/Microsoft/WindowsApps:/mnt/c/cygwin64/bin:/mnt/c/Users/vigma/AppData/Local/Programs/Microsoft VS Code/bin:/mnt/c/Program Files/SmartGit/git/bin:/mnt/c/Program Files/OpenSSL-Win64/bin:/snap/bin'), ('XDG_RUNTIME_DIR', '/run/user/1000/'), ('DISPLAY', ':0'), ('LANG', 'en_US.UTF-8'), ('LS_COLORS', 'rs=0:di=01;34:ln=01;36:mh=00:pi=40;33:so=01;35:do=01;35:bd=40;33;01:cd=40;33;01:or=40;31;01:mi=00:su=37;41:sg=30;43:ca=30;41:tw=30;42:ow=34;42:st=37;44:ex=01;32:*.tar=01;31:*.tgz=01;31:*.arc=01;31:*.arj=01;31:*.taz=01;31:*.lha=01;31:*.lz4=01;31:*.lzh=01;31:*.lzma=01;31:*.tlz=01;31:*.txz=01;31:*.tzo=01;31:*.t7z=01;31:*.zip=01;31:*.z=01;31:*.dz=01;31:*.gz=01;31:*.lrz=01;31:*.lz=01;31:*.lzo=01;31:*.xz=01;31:*.zst=01;31:*.tzst=01;31:*.bz2=01;31:*.bz=01;31:*.tbz=01;31:*.tbz2=01;31:*.tz=01;31:*.deb=01;31:*.rpm=01;31:*.jar=01;31:*.war=01;31:*.ear=01;31:*.sar=01;31:*.rar=01;31:*.alz=01;31:*.ace=01;31:*.zoo=01;31:*.cpio=01;31:*.7z=01;31:*.rz=01;31:*.cab=01;31:*.wim=01;31:*.swm=01;31:*.dwm=01;31:*.esd=01;31:*.jpg=01;35:*.jpeg=01;35:*.mjpg=01;35:*.mjpeg=01;35:*.gif=01;35:*.bmp=01;35:*.pbm=01;35:*.pgm=01;35:*.ppm=01;35:*.tga=01;35:*.xbm=01;35:*.xpm=01;35:*.tif=01;35:*.tiff=01;35:*.png=01;35:*.svg=01;35:*.svgz=01;35:*.mng=01;35:*.pcx=01;35:*.mov=01;35:*.mpg=01;35:*.mpeg=01;35:*.m2v=01;35:*.mkv=01;35:*.webm=01;35:*.webp=01;35:*.ogm=01;35:*.mp4=01;35:*.m4v=01;35:*.mp4v=01;35:*.vob=01;35:*.qt=01;35:*.nuv=01;35:*.wmv=01;35:*.asf=01;35:*.rm=01;35:*.rmvb=01;35:*.flc=01;35:*.avi=01;35:*.fli=01;35:*.flv=01;35:*.gl=01;35:*.dl=01;35:*.xcf=01;35:*.xwd=01;35:*.yuv=01;35:*.cgm=01;35:*.emf=01;35:*.ogv=01;35:*.ogx=01;35:*.aac=00;36:*.au=00;36:*.flac=00;36:*.m4a=00;36:*.mid=00;36:*.midi=00;36:*.mka=00;36:*.mp3=00;36:*.mpc=00;36:*.ogg=00;36:*.ra=00;36:*.wav=00;36:*.oga=00;36:*.opus=00;36:*.spx=00;36:*.xspf=00;36:'), ('VSCODE_GIT_IPC_HANDLE', '/run/user/1000/vscode-git-ebf8d60c65.sock'), ('TERM_PROGRAM', 'vscode'), ('AMENT_PREFIX_PATH', '/home/vigma/ros2_ws/bin_picking_robot/install/interfaces:/opt/ros/humble'), ('SHELL', '/bin/bash'), ('LESSCLOSE', '/usr/bin/lesspipe %s %s'), ('VSCODE_GIT_ASKPASS_EXTRA_ARGS', ''), ('PWD', '/home/vigma/ros2_ws/bin_picking_robot/build/barcode_node'), ('XDG_DATA_DIRS', '/usr/local/share:/usr/share:/var/lib/snapd/desktop'), ('PYTHONPATH', '/home/vigma/ros2_ws/bin_picking_robot/install/interfaces/local/lib/python3.10/dist-packages:/opt/ros/humble/lib/python3.10/site-packages:/opt/ros/humble/local/lib/python3.10/dist-packages'), ('COLCON', '1'), ('WSL2_GUI_APPS_ENABLED', '1'), ('HOSTTYPE', 'x86_64'), ('WSLENV', 'VSCODE_WSL_EXT_LOCATION/up:VSCODE_SERVER_TAR/up'), ('CMAKE_PREFIX_PATH', '/home/vigma/ros2_ws/bin_picking_robot/install/interfaces:/opt/ros/humble')]), 'shell': False}
[61.632510] (barcode_node) StdoutLine: {'line': b'-- Install configuration: ""\n'}
[61.637637] (barcode_node) StdoutLine: {'line': b'-- Installing: /home/vigma/ros2_ws/bin_picking_robot/install/barcode_node/lib/barcode_node/barcode_node\n'}
[61.645575] (barcode_node) StdoutLine: {'line': b'-- Set runtime path of "/home/vigma/ros2_ws/bin_picking_robot/install/barcode_node/lib/barcode_node/barcode_node" to ""\n'}
[61.649632] (-) TimerEvent: {}
[61.652236] (barcode_node) StdoutLine: {'line': b'-- Installing: /home/vigma/ros2_ws/bin_picking_robot/install/barcode_node/share/ament_index/resource_index/package_run_dependencies/barcode_node\n'}
[61.655375] (barcode_node) StdoutLine: {'line': b'-- Installing: /home/vigma/ros2_ws/bin_picking_robot/install/barcode_node/share/ament_index/resource_index/parent_prefix_path/barcode_node\n'}
[61.659700] (barcode_node) StdoutLine: {'line': b'-- Installing: /home/vigma/ros2_ws/bin_picking_robot/install/barcode_node/share/barcode_node/environment/ament_prefix_path.sh\n'}
[61.660709] (barcode_node) StdoutLine: {'line': b'-- Installing: /home/vigma/ros2_ws/bin_picking_robot/install/barcode_node/share/barcode_node/environment/ament_prefix_path.dsv\n'}
[61.661761] (barcode_node) StdoutLine: {'line': b'-- Installing: /home/vigma/ros2_ws/bin_picking_robot/install/barcode_node/share/barcode_node/environment/path.sh\n'}
[61.662853] (barcode_node) StdoutLine: {'line': b'-- Installing: /home/vigma/ros2_ws/bin_picking_robot/install/barcode_node/share/barcode_node/environment/path.dsv\n'}
[61.663903] (barcode_node) StdoutLine: {'line': b'-- Installing: /home/vigma/ros2_ws/bin_picking_robot/install/barcode_node/share/barcode_node/local_setup.bash\n'}
[61.664823] (barcode_node) StdoutLine: {'line': b'-- Installing: /home/vigma/ros2_ws/bin_picking_robot/install/barcode_node/share/barcode_node/local_setup.sh\n'}
[61.665642] (barcode_node) StdoutLine: {'line': b'-- Installing: /home/vigma/ros2_ws/bin_picking_robot/install/barcode_node/share/barcode_node/local_setup.zsh\n'}
[61.668358] (barcode_node) StdoutLine: {'line': b'-- Installing: /home/vigma/ros2_ws/bin_picking_robot/install/barcode_node/share/barcode_node/local_setup.dsv\n'}
[61.670040] (barcode_node) StdoutLine: {'line': b'-- Installing: /home/vigma/ros2_ws/bin_picking_robot/install/barcode_node/share/barcode_node/package.dsv\n'}
[61.674388] (barcode_node) StdoutLine: {'line': b'-- Installing: /home/vigma/ros2_ws/bin_picking_robot/install/barcode_node/share/ament_index/resource_index/packages/barcode_node\n'}
[61.677245] (barcode_node) StdoutLine: {'line': b'-- Installing: /home/vigma/ros2_ws/bin_picking_robot/install/barcode_node/share/barcode_node/cmake/barcode_nodeConfig.cmake\n'}
[61.678323] (barcode_node) StdoutLine: {'line': b'-- Installing: /home/vigma/ros2_ws/bin_picking_robot/install/barcode_node/share/barcode_node/cmake/barcode_nodeConfig-version.cmake\n'}
[61.679405] (barcode_node) StdoutLine: {'line': b'-- Installing: /home/vigma/ros2_ws/bin_picking_robot/install/barcode_node/share/barcode_node/package.xml\n'}
[61.689217] (barcode_node) CommandEnded: {'returncode': 0}
[61.737145] (barcode_node) JobEnded: {'identifier': 'barcode_node', 'rc': 0}
[61.749891] (-) TimerEvent: {}
[61.850764] (-) TimerEvent: {}
[61.951465] (-) TimerEvent: {}
[62.052206] (-) TimerEvent: {}
[62.152977] (-) TimerEvent: {}
[62.253808] (-) TimerEvent: {}
[62.354620] (-) TimerEvent: {}
[62.455356] (-) TimerEvent: {}
[62.556202] (-) TimerEvent: {}
[62.656928] (-) TimerEvent: {}
[62.757670] (-) TimerEvent: {}
[62.858472] (-) TimerEvent: {}
[62.959151] (-) TimerEvent: {}
[63.060043] (-) TimerEvent: {}
[63.160802] (-) TimerEvent: {}
[63.261513] (-) TimerEvent: {}
[63.362300] (-) TimerEvent: {}
[63.463000] (-) TimerEvent: {}
[63.563771] (-) TimerEvent: {}
[63.664494] (-) TimerEvent: {}
[63.765196] (-) TimerEvent: {}
[63.865870] (-) TimerEvent: {}
[63.966595] (-) TimerEvent: {}
[64.067392] (-) TimerEvent: {}
[64.168077] (-) TimerEvent: {}
[64.268721] (-) TimerEvent: {}
[64.369495] (-) TimerEvent: {}
[64.470400] (-) TimerEvent: {}
[64.571164] (-) TimerEvent: {}
[64.575326] (emergency_node) StdoutLine: {'line': b'[100%] \x1b[32m\x1b[1mLinking CXX executable emergency_node\x1b[0m\n'}
[64.671370] (-) TimerEvent: {}
[64.772276] (-) TimerEvent: {}
[64.872967] (-) TimerEvent: {}
[64.973669] (-) TimerEvent: {}
[65.074457] (-) TimerEvent: {}
[65.175277] (-) TimerEvent: {}
[65.276050] (-) TimerEvent: {}
[65.376726] (-) TimerEvent: {}
[65.477504] (-) TimerEvent: {}
[65.578282] (-) TimerEvent: {}
[65.677256] (emergency_node) StdoutLine: {'line': b'[100%] Built target emergency_node\n'}
[65.678398] (-) TimerEvent: {}
[65.732997] (emergency_node) CommandEnded: {'returncode': 0}
[65.735530] (emergency_node) JobProgress: {'identifier': 'emergency_node', 'progress': 'install'}
[65.738343] (emergency_node) Command: {'cmd': ['/usr/bin/cmake', '--install', '/home/vigma/ros2_ws/bin_picking_robot/build/emergency_node'], 'cwd': '/home/vigma/ros2_ws/bin_picking_robot/build/emergency_node', 'env': OrderedDict([('LESSOPEN', '| /usr/bin/lesspipe %s'), ('USER', 'vigma'), ('GIT_ASKPASS', '/home/vigma/.vscode-server/bin/0958016b2af9f09bb4257e0df4a95e2f90590f9f/extensions/git/dist/askpass.sh'), ('SHLVL', '1'), ('LD_LIBRARY_PATH', '/home/vigma/ros2_ws/bin_picking_robot/install/interfaces/lib:/opt/ros/humble/opt/rviz_ogre_vendor/lib:/opt/ros/humble/lib/x86_64-linux-gnu:/opt/ros/humble/lib'), ('HOME', '/home/vigma'), ('OLDPWD', '/home/vigma/ros2_ws'), ('TERM_PROGRAM_VERSION', '1.120.0'), ('VSCODE_IPC_HOOK_CLI', '/run/user/1000/vscode-ipc-a3480510-3e41-4ad8-8e8f-c7d3ff025587.sock'), ('ROS_PYTHON_VERSION', '3'), ('VSCODE_GIT_ASKPASS_MAIN', '/home/vigma/.vscode-server/bin/0958016b2af9f09bb4257e0df4a95e2f90590f9f/extensions/git/dist/askpass-main.js'), ('VSCODE_GIT_ASKPASS_NODE', '/home/vigma/.vscode-server/bin/0958016b2af9f09bb4257e0df4a95e2f90590f9f/node'), ('VSCODE_PYTHON_AUTOACTIVATE_GUARD', '1'), ('DBUS_SESSION_BUS_ADDRESS', 'unix:path=/run/user/1000/bus'), ('COLORTERM', 'truecolor'), ('WSL_DISTRO_NAME', 'Ubuntu-22.04'), ('WAYLAND_DISPLAY', 'wayland-0'), ('ROS_DISTRO', 'humble'), ('LOGNAME', 'vigma'), ('NAME', 'Vigneshu'), ('WSL_INTEROP', '/run/WSL/442_interop'), ('PULSE_SERVER', 'unix:/mnt/wslg/PulseServer'), ('_', '/usr/bin/colcon'), ('ROS_VERSION', '2'), ('TERM', 'xterm-256color'), ('ROS_LOCALHOST_ONLY', '0'), ('PATH', '/home/vigma/.vscode-server/data/User/globalStorage/github.copilot-chat/debugCommand:/home/vigma/.vscode-server/data/User/globalStorage/github.copilot-chat/copilotCli:/home/vigma/.vscode-server/bin/0958016b2af9f09bb4257e0df4a95e2f90590f9f/bin/remote-cli:/opt/ros/humble/bin:/usr/local/sbin:/usr/local/bin:/usr/sbin:/usr/bin:/sbin:/bin:/usr/games:/usr/local/games:/usr/lib/wsl/lib:/mnt/c/Users/vigma/AppData/Local/Programs/Microsoft VS Code:/mnt/c/Python314/Scripts/:/mnt/c/Python314/:/mnt/c/WINDOWS/system32:/mnt/c/WINDOWS:/mnt/c/WINDOWS/System32/Wbem:/mnt/c/WINDOWS/System32/WindowsPowerShell/v1.0/:/mnt/c/WINDOWS/System32/OpenSSH/:/mnt/c/Program Files/PuTTY/:/mnt/c/Program Files (x86)/IncrediBuild:/mnt/c/Program Files (x86)/Windows Kits/10/Windows Performance Toolkit/:/mnt/c/ProgramData/chocolatey/bin:/mnt/c/Program Files/CMake/bin:/mnt/c/Users/vigma/.local/bin:/mnt/c/Users/vigma/AppData/Local/Microsoft/WindowsApps:/mnt/c/cygwin64/bin:/mnt/c/Users/vigma/AppData/Local/Programs/Microsoft VS Code/bin:/mnt/c/Program Files/SmartGit/git/bin:/mnt/c/Program Files/OpenSSL-Win64/bin:/snap/bin'), ('XDG_RUNTIME_DIR', '/run/user/1000/'), ('DISPLAY', ':0'), ('LANG', 'en_US.UTF-8'), ('LS_COLORS', 'rs=0:di=01;34:ln=01;36:mh=00:pi=40;33:so=01;35:do=01;35:bd=40;33;01:cd=40;33;01:or=40;31;01:mi=00:su=37;41:sg=30;43:ca=30;41:tw=30;42:ow=34;42:st=37;44:ex=01;32:*.tar=01;31:*.tgz=01;31:*.arc=01;31:*.arj=01;31:*.taz=01;31:*.lha=01;31:*.lz4=01;31:*.lzh=01;31:*.lzma=01;31:*.tlz=01;31:*.txz=01;31:*.tzo=01;31:*.t7z=01;31:*.zip=01;31:*.z=01;31:*.dz=01;31:*.gz=01;31:*.lrz=01;31:*.lz=01;31:*.lzo=01;31:*.xz=01;31:*.zst=01;31:*.tzst=01;31:*.bz2=01;31:*.bz=01;31:*.tbz=01;31:*.tbz2=01;31:*.tz=01;31:*.deb=01;31:*.rpm=01;31:*.jar=01;31:*.war=01;31:*.ear=01;31:*.sar=01;31:*.rar=01;31:*.alz=01;31:*.ace=01;31:*.zoo=01;31:*.cpio=01;31:*.7z=01;31:*.rz=01;31:*.cab=01;31:*.wim=01;31:*.swm=01;31:*.dwm=01;31:*.esd=01;31:*.jpg=01;35:*.jpeg=01;35:*.mjpg=01;35:*.mjpeg=01;35:*.gif=01;35:*.bmp=01;35:*.pbm=01;35:*.pgm=01;35:*.ppm=01;35:*.tga=01;35:*.xbm=01;35:*.xpm=01;35:*.tif=01;35:*.tiff=01;35:*.png=01;35:*.svg=01;35:*.svgz=01;35:*.mng=01;35:*.pcx=01;35:*.mov=01;35:*.mpg=01;35:*.mpeg=01;35:*.m2v=01;35:*.mkv=01;35:*.webm=01;35:*.webp=01;35:*.ogm=01;35:*.mp4=01;35:*.m4v=01;35:*.mp4v=01;35:*.vob=01;35:*.qt=01;35:*.nuv=01;35:*.wmv=01;35:*.asf=01;35:*.rm=01;35:*.rmvb=01;35:*.flc=01;35:*.avi=01;35:*.fli=01;35:*.flv=01;35:*.gl=01;35:*.dl=01;35:*.xcf=01;35:*.xwd=01;35:*.yuv=01;35:*.cgm=01;35:*.emf=01;35:*.ogv=01;35:*.ogx=01;35:*.aac=00;36:*.au=00;36:*.flac=00;36:*.m4a=00;36:*.mid=00;36:*.midi=00;36:*.mka=00;36:*.mp3=00;36:*.mpc=00;36:*.ogg=00;36:*.ra=00;36:*.wav=00;36:*.oga=00;36:*.opus=00;36:*.spx=00;36:*.xspf=00;36:'), ('VSCODE_GIT_IPC_HANDLE', '/run/user/1000/vscode-git-ebf8d60c65.sock'), ('TERM_PROGRAM', 'vscode'), ('AMENT_PREFIX_PATH', '/home/vigma/ros2_ws/bin_picking_robot/install/interfaces:/opt/ros/humble'), ('SHELL', '/bin/bash'), ('LESSCLOSE', '/usr/bin/lesspipe %s %s'), ('VSCODE_GIT_ASKPASS_EXTRA_ARGS', ''), ('PWD', '/home/vigma/ros2_ws/bin_picking_robot/build/emergency_node'), ('XDG_DATA_DIRS', '/usr/local/share:/usr/share:/var/lib/snapd/desktop'), ('PYTHONPATH', '/home/vigma/ros2_ws/bin_picking_robot/install/interfaces/local/lib/python3.10/dist-packages:/opt/ros/humble/lib/python3.10/site-packages:/opt/ros/humble/local/lib/python3.10/dist-packages'), ('COLCON', '1'), ('WSL2_GUI_APPS_ENABLED', '1'), ('HOSTTYPE', 'x86_64'), ('WSLENV', 'VSCODE_WSL_EXT_LOCATION/up:VSCODE_SERVER_TAR/up'), ('CMAKE_PREFIX_PATH', '/home/vigma/ros2_ws/bin_picking_robot/install/interfaces:/opt/ros/humble')]), 'shell': False}
[65.762467] (emergency_node) StdoutLine: {'line': b'-- Install configuration: ""\n'}
[65.767389] (emergency_node) StdoutLine: {'line': b'-- Installing: /home/vigma/ros2_ws/bin_picking_robot/install/emergency_node/lib/emergency_node/emergency_node\n'}
[65.775802] (emergency_node) StdoutLine: {'line': b'-- Set runtime path of "/home/vigma/ros2_ws/bin_picking_robot/install/emergency_node/lib/emergency_node/emergency_node" to ""\n'}
[65.778548] (-) TimerEvent: {}
[65.781929] (emergency_node) StdoutLine: {'line': b'-- Installing: /home/vigma/ros2_ws/bin_picking_robot/install/emergency_node/share/ament_index/resource_index/package_run_dependencies/emergency_node\n'}
[65.784290] (emergency_node) StdoutLine: {'line': b'-- Installing: /home/vigma/ros2_ws/bin_picking_robot/install/emergency_node/share/ament_index/resource_index/parent_prefix_path/emergency_node\n'}
[65.788465] (emergency_node) StdoutLine: {'line': b'-- Installing: /home/vigma/ros2_ws/bin_picking_robot/install/emergency_node/share/emergency_node/environment/ament_prefix_path.sh\n'}
[65.789721] (emergency_node) StdoutLine: {'line': b'-- Installing: /home/vigma/ros2_ws/bin_picking_robot/install/emergency_node/share/emergency_node/environment/ament_prefix_path.dsv\n'}
[65.790813] (emergency_node) StdoutLine: {'line': b'-- Installing: /home/vigma/ros2_ws/bin_picking_robot/install/emergency_node/share/emergency_node/environment/path.sh\n'}
[65.791162] (emergency_node) StdoutLine: {'line': b'-- Installing: /home/vigma/ros2_ws/bin_picking_robot/install/emergency_node/share/emergency_node/environment/path.dsv\n'}
[65.791818] (emergency_node) StdoutLine: {'line': b'-- Installing: /home/vigma/ros2_ws/bin_picking_robot/install/emergency_node/share/emergency_node/local_setup.bash\n'}
[65.792856] (emergency_node) StdoutLine: {'line': b'-- Installing: /home/vigma/ros2_ws/bin_picking_robot/install/emergency_node/share/emergency_node/local_setup.sh\n'}
[65.793699] (emergency_node) StdoutLine: {'line': b'-- Installing: /home/vigma/ros2_ws/bin_picking_robot/install/emergency_node/share/emergency_node/local_setup.zsh\n'}
[65.795455] (emergency_node) StdoutLine: {'line': b'-- Installing: /home/vigma/ros2_ws/bin_picking_robot/install/emergency_node/share/emergency_node/local_setup.dsv\n'}
[65.797086] (emergency_node) StdoutLine: {'line': b'-- Installing: /home/vigma/ros2_ws/bin_picking_robot/install/emergency_node/share/emergency_node/package.dsv\n'}
[65.800392] (emergency_node) StdoutLine: {'line': b'-- Installing: /home/vigma/ros2_ws/bin_picking_robot/install/emergency_node/share/ament_index/resource_index/packages/emergency_node\n'}
[65.803169] (emergency_node) StdoutLine: {'line': b'-- Installing: /home/vigma/ros2_ws/bin_picking_robot/install/emergency_node/share/emergency_node/cmake/emergency_nodeConfig.cmake\n'}
[65.803963] (emergency_node) StdoutLine: {'line': b'-- Installing: /home/vigma/ros2_ws/bin_picking_robot/install/emergency_node/share/emergency_node/cmake/emergency_nodeConfig-version.cmake\n'}
[65.804632] (emergency_node) StdoutLine: {'line': b'-- Installing: /home/vigma/ros2_ws/bin_picking_robot/install/emergency_node/share/emergency_node/package.xml\n'}
[65.813225] (emergency_node) CommandEnded: {'returncode': 0}
[65.864413] (emergency_node) JobEnded: {'identifier': 'emergency_node', 'rc': 0}
[65.878772] (-) TimerEvent: {}
[65.979522] (-) TimerEvent: {}
[66.080270] (-) TimerEvent: {}
[66.180993] (-) TimerEvent: {}
[66.281852] (-) TimerEvent: {}
[66.382788] (-) TimerEvent: {}
[66.483570] (-) TimerEvent: {}
[66.584282] (-) TimerEvent: {}
[66.685006] (-) TimerEvent: {}
[66.785697] (-) TimerEvent: {}
[66.886625] (-) TimerEvent: {}
[66.987354] (-) TimerEvent: {}
[67.088044] (-) TimerEvent: {}
[67.188715] (-) TimerEvent: {}
[67.289444] (-) TimerEvent: {}
[67.390115] (-) TimerEvent: {}
[67.490890] (-) TimerEvent: {}
[67.591645] (-) TimerEvent: {}
[67.692356] (-) TimerEvent: {}
[67.793092] (-) TimerEvent: {}
[67.893838] (-) TimerEvent: {}
[67.994696] (-) TimerEvent: {}
[68.095426] (-) TimerEvent: {}
[68.196344] (-) TimerEvent: {}
[68.296979] (-) TimerEvent: {}
[68.397554] (-) TimerEvent: {}
[68.498329] (-) TimerEvent: {}
[68.598968] (-) TimerEvent: {}
[68.699665] (-) TimerEvent: {}
[68.800265] (-) TimerEvent: {}
[68.900917] (-) TimerEvent: {}
[69.001720] (-) TimerEvent: {}
[69.102649] (-) TimerEvent: {}
[69.203342] (-) TimerEvent: {}
[69.304025] (-) TimerEvent: {}
[69.404691] (-) TimerEvent: {}
[69.505401] (-) TimerEvent: {}
[69.606273] (-) TimerEvent: {}
[69.706999] (-) TimerEvent: {}
[69.807786] (-) TimerEvent: {}
[69.908517] (-) TimerEvent: {}
[70.009186] (-) TimerEvent: {}
[70.109837] (-) TimerEvent: {}
[70.210685] (-) TimerEvent: {}
[70.311402] (-) TimerEvent: {}
[70.412099] (-) TimerEvent: {}
[70.512880] (-) TimerEvent: {}
[70.613625] (-) TimerEvent: {}
[70.714554] (-) TimerEvent: {}
[70.815264] (-) TimerEvent: {}
[70.915935] (-) TimerEvent: {}
[71.016705] (-) TimerEvent: {}
[71.117537] (-) TimerEvent: {}
[71.218246] (-) TimerEvent: {}
[71.318948] (-) TimerEvent: {}
[71.419710] (-) TimerEvent: {}
[71.520392] (-) TimerEvent: {}
[71.621007] (-) TimerEvent: {}
[71.721688] (-) TimerEvent: {}
[71.822470] (-) TimerEvent: {}
[71.923184] (-) TimerEvent: {}
[72.023902] (-) TimerEvent: {}
[72.124599] (-) TimerEvent: {}
[72.225243] (-) TimerEvent: {}
[72.326070] (-) TimerEvent: {}
[72.426852] (-) TimerEvent: {}
[72.527474] (-) TimerEvent: {}
[72.628138] (-) TimerEvent: {}
[72.728782] (-) TimerEvent: {}
[72.829819] (-) TimerEvent: {}
[72.930921] (-) TimerEvent: {}
[73.032075] (-) TimerEvent: {}
[73.132975] (-) TimerEvent: {}
[73.234019] (-) TimerEvent: {}
[73.335204] (-) TimerEvent: {}
[73.436150] (-) TimerEvent: {}
[73.537016] (-) TimerEvent: {}
[73.638044] (-) TimerEvent: {}
[73.739202] (-) TimerEvent: {}
[73.840370] (-) TimerEvent: {}
[73.941423] (-) TimerEvent: {}
[74.042133] (-) TimerEvent: {}
[74.143038] (-) TimerEvent: {}
[74.243800] (-) TimerEvent: {}
[74.344743] (-) TimerEvent: {}
[74.445625] (-) TimerEvent: {}
[74.546700] (-) TimerEvent: {}
[74.647520] (-) TimerEvent: {}
[74.748895] (-) TimerEvent: {}
[74.849861] (-) TimerEvent: {}
[74.950952] (-) TimerEvent: {}
[75.051893] (-) TimerEvent: {}
[75.152771] (-) TimerEvent: {}
[75.253507] (-) TimerEvent: {}
[75.354283] (-) TimerEvent: {}
[75.455008] (-) TimerEvent: {}
[75.555826] (-) TimerEvent: {}
[75.656531] (-) TimerEvent: {}
[75.757265] (-) TimerEvent: {}
[75.857975] (-) TimerEvent: {}
[75.958696] (-) TimerEvent: {}
[76.059433] (-) TimerEvent: {}
[76.160193] (-) TimerEvent: {}
[76.260925] (-) TimerEvent: {}
[76.361799] (-) TimerEvent: {}
[76.462458] (-) TimerEvent: {}
[76.563110] (-) TimerEvent: {}
[76.663893] (-) TimerEvent: {}
[76.764586] (-) TimerEvent: {}
[76.865363] (-) TimerEvent: {}
[76.966069] (-) TimerEvent: {}
[77.067014] (-) TimerEvent: {}
[77.167724] (-) TimerEvent: {}
[77.268427] (-) TimerEvent: {}
[77.369198] (-) TimerEvent: {}
[77.469954] (-) TimerEvent: {}
[77.570755] (-) TimerEvent: {}
[77.671516] (-) TimerEvent: {}
[77.772250] (-) TimerEvent: {}
[77.872992] (-) TimerEvent: {}
[77.973706] (-) TimerEvent: {}
[78.074573] (-) TimerEvent: {}
[78.175243] (-) TimerEvent: {}
[78.276058] (-) TimerEvent: {}
[78.356477] (stacklight_node) StdoutLine: {'line': b'[100%] \x1b[32m\x1b[1mLinking CXX executable stacklight_node\x1b[0m\n'}
[78.376190] (-) TimerEvent: {}
[78.476935] (-) TimerEvent: {}
[78.577730] (-) TimerEvent: {}
[78.678540] (-) TimerEvent: {}
[78.779176] (-) TimerEvent: {}
[78.879931] (-) TimerEvent: {}
[78.980600] (-) TimerEvent: {}
[79.081473] (-) TimerEvent: {}
[79.182352] (-) TimerEvent: {}
[79.283088] (-) TimerEvent: {}
[79.383677] (-) TimerEvent: {}
[79.484314] (-) TimerEvent: {}
[79.584902] (-) TimerEvent: {}
[79.685571] (-) TimerEvent: {}
[79.786308] (-) TimerEvent: {}
[79.887063] (-) TimerEvent: {}
[79.987707] (-) TimerEvent: {}
[80.088279] (-) TimerEvent: {}
[80.188917] (-) TimerEvent: {}
[80.277998] (stacklight_node) StdoutLine: {'line': b'[100%] Built target stacklight_node\n'}
[80.289374] (-) TimerEvent: {}
[80.324535] (stacklight_node) CommandEnded: {'returncode': 0}
[80.328363] (stacklight_node) JobProgress: {'identifier': 'stacklight_node', 'progress': 'install'}
[80.332428] (stacklight_node) Command: {'cmd': ['/usr/bin/cmake', '--install', '/home/vigma/ros2_ws/bin_picking_robot/build/stacklight_node'], 'cwd': '/home/vigma/ros2_ws/bin_picking_robot/build/stacklight_node', 'env': OrderedDict([('LESSOPEN', '| /usr/bin/lesspipe %s'), ('USER', 'vigma'), ('GIT_ASKPASS', '/home/vigma/.vscode-server/bin/0958016b2af9f09bb4257e0df4a95e2f90590f9f/extensions/git/dist/askpass.sh'), ('SHLVL', '1'), ('LD_LIBRARY_PATH', '/home/vigma/ros2_ws/bin_picking_robot/install/interfaces/lib:/opt/ros/humble/opt/rviz_ogre_vendor/lib:/opt/ros/humble/lib/x86_64-linux-gnu:/opt/ros/humble/lib'), ('HOME', '/home/vigma'), ('OLDPWD', '/home/vigma/ros2_ws'), ('TERM_PROGRAM_VERSION', '1.120.0'), ('VSCODE_IPC_HOOK_CLI', '/run/user/1000/vscode-ipc-a3480510-3e41-4ad8-8e8f-c7d3ff025587.sock'), ('ROS_PYTHON_VERSION', '3'), ('VSCODE_GIT_ASKPASS_MAIN', '/home/vigma/.vscode-server/bin/0958016b2af9f09bb4257e0df4a95e2f90590f9f/extensions/git/dist/askpass-main.js'), ('VSCODE_GIT_ASKPASS_NODE', '/home/vigma/.vscode-server/bin/0958016b2af9f09bb4257e0df4a95e2f90590f9f/node'), ('VSCODE_PYTHON_AUTOACTIVATE_GUARD', '1'), ('DBUS_SESSION_BUS_ADDRESS', 'unix:path=/run/user/1000/bus'), ('COLORTERM', 'truecolor'), ('WSL_DISTRO_NAME', 'Ubuntu-22.04'), ('WAYLAND_DISPLAY', 'wayland-0'), ('ROS_DISTRO', 'humble'), ('LOGNAME', 'vigma'), ('NAME', 'Vigneshu'), ('WSL_INTEROP', '/run/WSL/442_interop'), ('PULSE_SERVER', 'unix:/mnt/wslg/PulseServer'), ('_', '/usr/bin/colcon'), ('ROS_VERSION', '2'), ('TERM', 'xterm-256color'), ('ROS_LOCALHOST_ONLY', '0'), ('PATH', '/home/vigma/.vscode-server/data/User/globalStorage/github.copilot-chat/debugCommand:/home/vigma/.vscode-server/data/User/globalStorage/github.copilot-chat/copilotCli:/home/vigma/.vscode-server/bin/0958016b2af9f09bb4257e0df4a95e2f90590f9f/bin/remote-cli:/opt/ros/humble/bin:/usr/local/sbin:/usr/local/bin:/usr/sbin:/usr/bin:/sbin:/bin:/usr/games:/usr/local/games:/usr/lib/wsl/lib:/mnt/c/Users/vigma/AppData/Local/Programs/Microsoft VS Code:/mnt/c/Python314/Scripts/:/mnt/c/Python314/:/mnt/c/WINDOWS/system32:/mnt/c/WINDOWS:/mnt/c/WINDOWS/System32/Wbem:/mnt/c/WINDOWS/System32/WindowsPowerShell/v1.0/:/mnt/c/WINDOWS/System32/OpenSSH/:/mnt/c/Program Files/PuTTY/:/mnt/c/Program Files (x86)/IncrediBuild:/mnt/c/Program Files (x86)/Windows Kits/10/Windows Performance Toolkit/:/mnt/c/ProgramData/chocolatey/bin:/mnt/c/Program Files/CMake/bin:/mnt/c/Users/vigma/.local/bin:/mnt/c/Users/vigma/AppData/Local/Microsoft/WindowsApps:/mnt/c/cygwin64/bin:/mnt/c/Users/vigma/AppData/Local/Programs/Microsoft VS Code/bin:/mnt/c/Program Files/SmartGit/git/bin:/mnt/c/Program Files/OpenSSL-Win64/bin:/snap/bin'), ('XDG_RUNTIME_DIR', '/run/user/1000/'), ('DISPLAY', ':0'), ('LANG', 'en_US.UTF-8'), ('LS_COLORS', 'rs=0:di=01;34:ln=01;36:mh=00:pi=40;33:so=01;35:do=01;35:bd=40;33;01:cd=40;33;01:or=40;31;01:mi=00:su=37;41:sg=30;43:ca=30;41:tw=30;42:ow=34;42:st=37;44:ex=01;32:*.tar=01;31:*.tgz=01;31:*.arc=01;31:*.arj=01;31:*.taz=01;31:*.lha=01;31:*.lz4=01;31:*.lzh=01;31:*.lzma=01;31:*.tlz=01;31:*.txz=01;31:*.tzo=01;31:*.t7z=01;31:*.zip=01;31:*.z=01;31:*.dz=01;31:*.gz=01;31:*.lrz=01;31:*.lz=01;31:*.lzo=01;31:*.xz=01;31:*.zst=01;31:*.tzst=01;31:*.bz2=01;31:*.bz=01;31:*.tbz=01;31:*.tbz2=01;31:*.tz=01;31:*.deb=01;31:*.rpm=01;31:*.jar=01;31:*.war=01;31:*.ear=01;31:*.sar=01;31:*.rar=01;31:*.alz=01;31:*.ace=01;31:*.zoo=01;31:*.cpio=01;31:*.7z=01;31:*.rz=01;31:*.cab=01;31:*.wim=01;31:*.swm=01;31:*.dwm=01;31:*.esd=01;31:*.jpg=01;35:*.jpeg=01;35:*.mjpg=01;35:*.mjpeg=01;35:*.gif=01;35:*.bmp=01;35:*.pbm=01;35:*.pgm=01;35:*.ppm=01;35:*.tga=01;35:*.xbm=01;35:*.xpm=01;35:*.tif=01;35:*.tiff=01;35:*.png=01;35:*.svg=01;35:*.svgz=01;35:*.mng=01;35:*.pcx=01;35:*.mov=01;35:*.mpg=01;35:*.mpeg=01;35:*.m2v=01;35:*.mkv=01;35:*.webm=01;35:*.webp=01;35:*.ogm=01;35:*.mp4=01;35:*.m4v=01;35:*.mp4v=01;35:*.vob=01;35:*.qt=01;35:*.nuv=01;35:*.wmv=01;35:*.asf=01;35:*.rm=01;35:*.rmvb=01;35:*.flc=01;35:*.avi=01;35:*.fli=01;35:*.flv=01;35:*.gl=01;35:*.dl=01;35:*.xcf=01;35:*.xwd=01;35:*.yuv=01;35:*.cgm=01;35:*.emf=01;35:*.ogv=01;35:*.ogx=01;35:*.aac=00;36:*.au=00;36:*.flac=00;36:*.m4a=00;36:*.mid=00;36:*.midi=00;36:*.mka=00;36:*.mp3=00;36:*.mpc=00;36:*.ogg=00;36:*.ra=00;36:*.wav=00;36:*.oga=00;36:*.opus=00;36:*.spx=00;36:*.xspf=00;36:'), ('VSCODE_GIT_IPC_HANDLE', '/run/user/1000/vscode-git-ebf8d60c65.sock'), ('TERM_PROGRAM', 'vscode'), ('AMENT_PREFIX_PATH', '/home/vigma/ros2_ws/bin_picking_robot/install/interfaces:/opt/ros/humble'), ('SHELL', '/bin/bash'), ('LESSCLOSE', '/usr/bin/lesspipe %s %s'), ('VSCODE_GIT_ASKPASS_EXTRA_ARGS', ''), ('PWD', '/home/vigma/ros2_ws/bin_picking_robot/build/stacklight_node'), ('XDG_DATA_DIRS', '/usr/local/share:/usr/share:/var/lib/snapd/desktop'), ('PYTHONPATH', '/home/vigma/ros2_ws/bin_picking_robot/install/interfaces/local/lib/python3.10/dist-packages:/opt/ros/humble/lib/python3.10/site-packages:/opt/ros/humble/local/lib/python3.10/dist-packages'), ('COLCON', '1'), ('WSL2_GUI_APPS_ENABLED', '1'), ('HOSTTYPE', 'x86_64'), ('WSLENV', 'VSCODE_WSL_EXT_LOCATION/up:VSCODE_SERVER_TAR/up'), ('CMAKE_PREFIX_PATH', '/home/vigma/ros2_ws/bin_picking_robot/install/interfaces:/opt/ros/humble')]), 'shell': False}
[80.355216] (stacklight_node) StdoutLine: {'line': b'-- Install configuration: ""\n'}
[80.360040] (stacklight_node) StdoutLine: {'line': b'-- Installing: /home/vigma/ros2_ws/bin_picking_robot/install/stacklight_node/lib/stacklight_node/stacklight_node\n'}
[80.384835] (stacklight_node) StdoutLine: {'line': b'-- Set runtime path of "/home/vigma/ros2_ws/bin_picking_robot/install/stacklight_node/lib/stacklight_node/stacklight_node" to ""\n'}
[80.389580] (-) TimerEvent: {}
[80.390761] (stacklight_node) StdoutLine: {'line': b'-- Installing: /home/vigma/ros2_ws/bin_picking_robot/install/stacklight_node/share/ament_index/resource_index/package_run_dependencies/stacklight_node\n'}
[80.393046] (stacklight_node) StdoutLine: {'line': b'-- Installing: /home/vigma/ros2_ws/bin_picking_robot/install/stacklight_node/share/ament_index/resource_index/parent_prefix_path/stacklight_node\n'}
[80.396674] (stacklight_node) StdoutLine: {'line': b'-- Installing: /home/vigma/ros2_ws/bin_picking_robot/install/stacklight_node/share/stacklight_node/environment/ament_prefix_path.sh\n'}
[80.397532] (stacklight_node) StdoutLine: {'line': b'-- Installing: /home/vigma/ros2_ws/bin_picking_robot/install/stacklight_node/share/stacklight_node/environment/ament_prefix_path.dsv\n'}
[80.398328] (stacklight_node) StdoutLine: {'line': b'-- Installing: /home/vigma/ros2_ws/bin_picking_robot/install/stacklight_node/share/stacklight_node/environment/path.sh\n'}
[80.399212] (stacklight_node) StdoutLine: {'line': b'-- Installing: /home/vigma/ros2_ws/bin_picking_robot/install/stacklight_node/share/stacklight_node/environment/path.dsv\n'}
[80.400215] (stacklight_node) StdoutLine: {'line': b'-- Installing: /home/vigma/ros2_ws/bin_picking_robot/install/stacklight_node/share/stacklight_node/local_setup.bash\n'}
[80.400622] (stacklight_node) StdoutLine: {'line': b'-- Installing: /home/vigma/ros2_ws/bin_picking_robot/install/stacklight_node/share/stacklight_node/local_setup.sh\n'}
[80.401661] (stacklight_node) StdoutLine: {'line': b'-- Installing: /home/vigma/ros2_ws/bin_picking_robot/install/stacklight_node/share/stacklight_node/local_setup.zsh\n'}
[80.402792] (stacklight_node) StdoutLine: {'line': b'-- Installing: /home/vigma/ros2_ws/bin_picking_robot/install/stacklight_node/share/stacklight_node/local_setup.dsv\n'}
[80.403048] (stacklight_node) StdoutLine: {'line': b'-- Installing: /home/vigma/ros2_ws/bin_picking_robot/install/stacklight_node/share/stacklight_node/package.dsv\n'}
[80.405841] (stacklight_node) StdoutLine: {'line': b'-- Installing: /home/vigma/ros2_ws/bin_picking_robot/install/stacklight_node/share/ament_index/resource_index/packages/stacklight_node\n'}
[80.408601] (stacklight_node) StdoutLine: {'line': b'-- Installing: /home/vigma/ros2_ws/bin_picking_robot/install/stacklight_node/share/stacklight_node/cmake/stacklight_nodeConfig.cmake\n'}
[80.409583] (stacklight_node) StdoutLine: {'line': b'-- Installing: /home/vigma/ros2_ws/bin_picking_robot/install/stacklight_node/share/stacklight_node/cmake/stacklight_nodeConfig-version.cmake\n'}
[80.410839] (stacklight_node) StdoutLine: {'line': b'-- Installing: /home/vigma/ros2_ws/bin_picking_robot/install/stacklight_node/share/stacklight_node/package.xml\n'}
[80.420404] (stacklight_node) CommandEnded: {'returncode': 0}
[80.490538] (-) TimerEvent: {}
[80.493585] (stacklight_node) JobEnded: {'identifier': 'stacklight_node', 'rc': 0}
[80.590782] (-) TimerEvent: {}
[80.691500] (-) TimerEvent: {}
[80.792301] (-) TimerEvent: {}
[80.893016] (-) TimerEvent: {}
[80.993682] (-) TimerEvent: {}
[81.094530] (-) TimerEvent: {}
[81.195217] (-) TimerEvent: {}
[81.295949] (-) TimerEvent: {}
[81.396681] (-) TimerEvent: {}
[81.497505] (-) TimerEvent: {}
[81.598294] (-) TimerEvent: {}
[81.698944] (-) TimerEvent: {}
[81.799718] (-) TimerEvent: {}
[81.900531] (-) TimerEvent: {}
[82.001114] (-) TimerEvent: {}
[82.101798] (-) TimerEvent: {}
[82.195852] (cell_controller) StdoutLine: {'line': b'[100%] \x1b[32m\x1b[1mLinking CXX executable robot_server\x1b[0m\n'}
[82.202175] (-) TimerEvent: {}
[82.302988] (-) TimerEvent: {}
[82.403688] (-) TimerEvent: {}
[82.504351] (-) TimerEvent: {}
[82.605022] (-) TimerEvent: {}
[82.705732] (-) TimerEvent: {}
[82.806644] (-) TimerEvent: {}
[82.907481] (-) TimerEvent: {}
[83.008334] (-) TimerEvent: {}
[83.109042] (-) TimerEvent: {}
[83.209877] (-) TimerEvent: {}
[83.310686] (-) TimerEvent: {}
[83.411450] (-) TimerEvent: {}
[83.512259] (-) TimerEvent: {}
[83.613001] (-) TimerEvent: {}
[83.713776] (-) TimerEvent: {}
[83.814482] (-) TimerEvent: {}
[83.915169] (-) TimerEvent: {}
[84.015857] (-) TimerEvent: {}
[84.109796] (cell_controller) StdoutLine: {'line': b'[100%] Built target robot_server\n'}
[84.116115] (-) TimerEvent: {}
[84.157774] (cell_controller) CommandEnded: {'returncode': 0}
[84.160659] (cell_controller) JobProgress: {'identifier': 'cell_controller', 'progress': 'install'}
[84.163541] (cell_controller) Command: {'cmd': ['/usr/bin/cmake', '--install', '/home/vigma/ros2_ws/bin_picking_robot/build/cell_controller'], 'cwd': '/home/vigma/ros2_ws/bin_picking_robot/build/cell_controller', 'env': OrderedDict([('LESSOPEN', '| /usr/bin/lesspipe %s'), ('USER', 'vigma'), ('GIT_ASKPASS', '/home/vigma/.vscode-server/bin/0958016b2af9f09bb4257e0df4a95e2f90590f9f/extensions/git/dist/askpass.sh'), ('SHLVL', '1'), ('LD_LIBRARY_PATH', '/home/vigma/ros2_ws/bin_picking_robot/install/interfaces/lib:/opt/ros/humble/opt/rviz_ogre_vendor/lib:/opt/ros/humble/lib/x86_64-linux-gnu:/opt/ros/humble/lib'), ('HOME', '/home/vigma'), ('OLDPWD', '/home/vigma/ros2_ws'), ('TERM_PROGRAM_VERSION', '1.120.0'), ('VSCODE_IPC_HOOK_CLI', '/run/user/1000/vscode-ipc-a3480510-3e41-4ad8-8e8f-c7d3ff025587.sock'), ('ROS_PYTHON_VERSION', '3'), ('VSCODE_GIT_ASKPASS_MAIN', '/home/vigma/.vscode-server/bin/0958016b2af9f09bb4257e0df4a95e2f90590f9f/extensions/git/dist/askpass-main.js'), ('VSCODE_GIT_ASKPASS_NODE', '/home/vigma/.vscode-server/bin/0958016b2af9f09bb4257e0df4a95e2f90590f9f/node'), ('VSCODE_PYTHON_AUTOACTIVATE_GUARD', '1'), ('DBUS_SESSION_BUS_ADDRESS', 'unix:path=/run/user/1000/bus'), ('COLORTERM', 'truecolor'), ('WSL_DISTRO_NAME', 'Ubuntu-22.04'), ('WAYLAND_DISPLAY', 'wayland-0'), ('ROS_DISTRO', 'humble'), ('LOGNAME', 'vigma'), ('NAME', 'Vigneshu'), ('WSL_INTEROP', '/run/WSL/442_interop'), ('PULSE_SERVER', 'unix:/mnt/wslg/PulseServer'), ('_', '/usr/bin/colcon'), ('ROS_VERSION', '2'), ('TERM', 'xterm-256color'), ('ROS_LOCALHOST_ONLY', '0'), ('PATH', '/home/vigma/.vscode-server/data/User/globalStorage/github.copilot-chat/debugCommand:/home/vigma/.vscode-server/data/User/globalStorage/github.copilot-chat/copilotCli:/home/vigma/.vscode-server/bin/0958016b2af9f09bb4257e0df4a95e2f90590f9f/bin/remote-cli:/opt/ros/humble/bin:/usr/local/sbin:/usr/local/bin:/usr/sbin:/usr/bin:/sbin:/bin:/usr/games:/usr/local/games:/usr/lib/wsl/lib:/mnt/c/Users/vigma/AppData/Local/Programs/Microsoft VS Code:/mnt/c/Python314/Scripts/:/mnt/c/Python314/:/mnt/c/WINDOWS/system32:/mnt/c/WINDOWS:/mnt/c/WINDOWS/System32/Wbem:/mnt/c/WINDOWS/System32/WindowsPowerShell/v1.0/:/mnt/c/WINDOWS/System32/OpenSSH/:/mnt/c/Program Files/PuTTY/:/mnt/c/Program Files (x86)/IncrediBuild:/mnt/c/Program Files (x86)/Windows Kits/10/Windows Performance Toolkit/:/mnt/c/ProgramData/chocolatey/bin:/mnt/c/Program Files/CMake/bin:/mnt/c/Users/vigma/.local/bin:/mnt/c/Users/vigma/AppData/Local/Microsoft/WindowsApps:/mnt/c/cygwin64/bin:/mnt/c/Users/vigma/AppData/Local/Programs/Microsoft VS Code/bin:/mnt/c/Program Files/SmartGit/git/bin:/mnt/c/Program Files/OpenSSL-Win64/bin:/snap/bin'), ('XDG_RUNTIME_DIR', '/run/user/1000/'), ('DISPLAY', ':0'), ('LANG', 'en_US.UTF-8'), ('LS_COLORS', 'rs=0:di=01;34:ln=01;36:mh=00:pi=40;33:so=01;35:do=01;35:bd=40;33;01:cd=40;33;01:or=40;31;01:mi=00:su=37;41:sg=30;43:ca=30;41:tw=30;42:ow=34;42:st=37;44:ex=01;32:*.tar=01;31:*.tgz=01;31:*.arc=01;31:*.arj=01;31:*.taz=01;31:*.lha=01;31:*.lz4=01;31:*.lzh=01;31:*.lzma=01;31:*.tlz=01;31:*.txz=01;31:*.tzo=01;31:*.t7z=01;31:*.zip=01;31:*.z=01;31:*.dz=01;31:*.gz=01;31:*.lrz=01;31:*.lz=01;31:*.lzo=01;31:*.xz=01;31:*.zst=01;31:*.tzst=01;31:*.bz2=01;31:*.bz=01;31:*.tbz=01;31:*.tbz2=01;31:*.tz=01;31:*.deb=01;31:*.rpm=01;31:*.jar=01;31:*.war=01;31:*.ear=01;31:*.sar=01;31:*.rar=01;31:*.alz=01;31:*.ace=01;31:*.zoo=01;31:*.cpio=01;31:*.7z=01;31:*.rz=01;31:*.cab=01;31:*.wim=01;31:*.swm=01;31:*.dwm=01;31:*.esd=01;31:*.jpg=01;35:*.jpeg=01;35:*.mjpg=01;35:*.mjpeg=01;35:*.gif=01;35:*.bmp=01;35:*.pbm=01;35:*.pgm=01;35:*.ppm=01;35:*.tga=01;35:*.xbm=01;35:*.xpm=01;35:*.tif=01;35:*.tiff=01;35:*.png=01;35:*.svg=01;35:*.svgz=01;35:*.mng=01;35:*.pcx=01;35:*.mov=01;35:*.mpg=01;35:*.mpeg=01;35:*.m2v=01;35:*.mkv=01;35:*.webm=01;35:*.webp=01;35:*.ogm=01;35:*.mp4=01;35:*.m4v=01;35:*.mp4v=01;35:*.vob=01;35:*.qt=01;35:*.nuv=01;35:*.wmv=01;35:*.asf=01;35:*.rm=01;35:*.rmvb=01;35:*.flc=01;35:*.avi=01;35:*.fli=01;35:*.flv=01;35:*.gl=01;35:*.dl=01;35:*.xcf=01;35:*.xwd=01;35:*.yuv=01;35:*.cgm=01;35:*.emf=01;35:*.ogv=01;35:*.ogx=01;35:*.aac=00;36:*.au=00;36:*.flac=00;36:*.m4a=00;36:*.mid=00;36:*.midi=00;36:*.mka=00;36:*.mp3=00;36:*.mpc=00;36:*.ogg=00;36:*.ra=00;36:*.wav=00;36:*.oga=00;36:*.opus=00;36:*.spx=00;36:*.xspf=00;36:'), ('VSCODE_GIT_IPC_HANDLE', '/run/user/1000/vscode-git-ebf8d60c65.sock'), ('TERM_PROGRAM', 'vscode'), ('AMENT_PREFIX_PATH', '/home/vigma/ros2_ws/bin_picking_robot/install/interfaces:/opt/ros/humble'), ('SHELL', '/bin/bash'), ('LESSCLOSE', '/usr/bin/lesspipe %s %s'), ('VSCODE_GIT_ASKPASS_EXTRA_ARGS', ''), ('PWD', '/home/vigma/ros2_ws/bin_picking_robot/build/cell_controller'), ('XDG_DATA_DIRS', '/usr/local/share:/usr/share:/var/lib/snapd/desktop'), ('PYTHONPATH', '/home/vigma/ros2_ws/bin_picking_robot/install/interfaces/local/lib/python3.10/dist-packages:/opt/ros/humble/lib/python3.10/site-packages:/opt/ros/humble/local/lib/python3.10/dist-packages'), ('COLCON', '1'), ('WSL2_GUI_APPS_ENABLED', '1'), ('HOSTTYPE', 'x86_64'), ('WSLENV', 'VSCODE_WSL_EXT_LOCATION/up:VSCODE_SERVER_TAR/up'), ('CMAKE_PREFIX_PATH', '/home/vigma/ros2_ws/bin_picking_robot/install/interfaces:/opt/ros/humble')]), 'shell': False}
[84.187845] (cell_controller) StdoutLine: {'line': b'-- Install configuration: ""\n'}
[84.192755] (cell_controller) StdoutLine: {'line': b'-- Installing: /home/vigma/ros2_ws/bin_picking_robot/install/cell_controller/lib/cell_controller/robot_server\n'}
[84.216259] (-) TimerEvent: {}
[84.217385] (cell_controller) StdoutLine: {'line': b'-- Set runtime path of "/home/vigma/ros2_ws/bin_picking_robot/install/cell_controller/lib/cell_controller/robot_server" to ""\n'}
[84.217723] (cell_controller) StdoutLine: {'line': b'-- Installing: /home/vigma/ros2_ws/bin_picking_robot/install/cell_controller/lib/cell_controller/wms_server\n'}
[84.219820] (cell_controller) StdoutLine: {'line': b'-- Set runtime path of "/home/vigma/ros2_ws/bin_picking_robot/install/cell_controller/lib/cell_controller/wms_server" to ""\n'}
[84.220245] (cell_controller) StdoutLine: {'line': b'-- Installing: /home/vigma/ros2_ws/bin_picking_robot/install/cell_controller/include\n'}
[84.221806] (cell_controller) StdoutLine: {'line': b'-- Installing: /home/vigma/ros2_ws/bin_picking_robot/install/cell_controller/include/http_client.hpp\n'}
[84.222530] (cell_controller) StdoutLine: {'line': b'-- Installing: /home/vigma/ros2_ws/bin_picking_robot/install/cell_controller/include/http_server.hpp\n'}
[84.229274] (cell_controller) StdoutLine: {'line': b'-- Installing: /home/vigma/ros2_ws/bin_picking_robot/install/cell_controller/share/ament_index/resource_index/package_run_dependencies/cell_controller\n'}
[84.232350] (cell_controller) StdoutLine: {'line': b'-- Installing: /home/vigma/ros2_ws/bin_picking_robot/install/cell_controller/share/ament_index/resource_index/parent_prefix_path/cell_controller\n'}
[84.237034] (cell_controller) StdoutLine: {'line': b'-- Installing: /home/vigma/ros2_ws/bin_picking_robot/install/cell_controller/share/cell_controller/environment/ament_prefix_path.sh\n'}
[84.238996] (cell_controller) StdoutLine: {'line': b'-- Installing: /home/vigma/ros2_ws/bin_picking_robot/install/cell_controller/share/cell_controller/environment/ament_prefix_path.dsv\n'}
[84.240946] (cell_controller) StdoutLine: {'line': b'-- Installing: /home/vigma/ros2_ws/bin_picking_robot/install/cell_controller/share/cell_controller/environment/path.sh\n'}
[84.242489] (cell_controller) StdoutLine: {'line': b'-- Installing: /home/vigma/ros2_ws/bin_picking_robot/install/cell_controller/share/cell_controller/environment/path.dsv\n'}
[84.243397] (cell_controller) StdoutLine: {'line': b'-- Installing: /home/vigma/ros2_ws/bin_picking_robot/install/cell_controller/share/cell_controller/local_setup.bash\n'}
[84.244244] (cell_controller) StdoutLine: {'line': b'-- Installing: /home/vigma/ros2_ws/bin_picking_robot/install/cell_controller/share/cell_controller/local_setup.sh\n'}
[84.245303] (cell_controller) StdoutLine: {'line': b'-- Installing: /home/vigma/ros2_ws/bin_picking_robot/install/cell_controller/share/cell_controller/local_setup.zsh\n'}
[84.246129] (cell_controller) StdoutLine: {'line': b'-- Installing: /home/vigma/ros2_ws/bin_picking_robot/install/cell_controller/share/cell_controller/local_setup.dsv\n'}
[84.247158] (cell_controller) StdoutLine: {'line': b'-- Installing: /home/vigma/ros2_ws/bin_picking_robot/install/cell_controller/share/cell_controller/package.dsv\n'}
[84.250267] (cell_controller) StdoutLine: {'line': b'-- Installing: /home/vigma/ros2_ws/bin_picking_robot/install/cell_controller/share/ament_index/resource_index/packages/cell_controller\n'}
[84.253076] (cell_controller) StdoutLine: {'line': b'-- Installing: /home/vigma/ros2_ws/bin_picking_robot/install/cell_controller/share/cell_controller/cmake/cell_controllerConfig.cmake\n'}
[84.253962] (cell_controller) StdoutLine: {'line': b'-- Installing: /home/vigma/ros2_ws/bin_picking_robot/install/cell_controller/share/cell_controller/cmake/cell_controllerConfig-version.cmake\n'}
[84.255025] (cell_controller) StdoutLine: {'line': b'-- Installing: /home/vigma/ros2_ws/bin_picking_robot/install/cell_controller/share/cell_controller/package.xml\n'}
[84.263461] (cell_controller) CommandEnded: {'returncode': 0}
[84.309833] (cell_controller) JobEnded: {'identifier': 'cell_controller', 'rc': 0}
[84.314477] (-) EventReactorShutdown: {}
